Andorra la Vella	AD	42.5	20430
les Escaldes	AD	42.5	15853
Abu Dhabi	AE	24.5	1807000
Abū Hayl	AE	25.3	18043
Adh Dhayd	AE	25.3	20165
Ajman	AE	25.4	490035
Al Ain City	AE	24.2	846747
Al Bada'a	AE	25.2	18816
Al Furjan	AE	25.0	26000
Al Ḩamīdīyah	AE	25.4	27000
Al Jurf	AE	25.4	18000
Al Karama	AE	25.2	75560
Al Majaz	AE	25.3	116503
Al Mizhar First	AE	25.2	17498
Al Murar al Qadīm	AE	25.3	19831
Al Muteena	AE	25.3	48739
Al Qusais 1	AE	25.3	48378
Al Safa	AE	25.2	15672
Al Sajaah	AE	25.3	53079
Al Shamkhah City	AE	24.4	61710
Al Waheda	AE	25.3	21608
Al Warqaa	AE	25.2	59111
Al Wasl	AE	25.2	22153
Ar Rāshidīyah	AE	25.2	38425
Ar Rumaylah	AE	25.4	86000
Ar Ruways	AE	24.1	25000
As Saţwah	AE	25.2	40997
Bani Yas City	AE	24.3	80498
Bur Dubai	AE	25.3	18698
Business Bay	AE	25.2	191000
Dayrah	AE	25.3	400000
Dibba Al-Fujairah	AE	25.6	30000
Dibba Al-Hisn	AE	25.6	26395
Dubai	AE	25.1	3790000
Dubai Festival City	AE	25.2	77000
Dubai International Financial Centre	AE	25.2	36000
Dubai Internet City	AE	25.1	24000
Dubai Investments Park	AE	25.0	160000
Dubai Marina	AE	25.1	120000
Dubai Silicon Oasis	AE	25.1	90000
Fujairah	AE	25.1	118933
Halwan	AE	25.3	19389
Ḩattā	AE	24.8	15324
Hawr al ‘Anz	AE	25.3	84661
International City	AE	25.2	120000
Jebel Ali	AE	25.0	210000
Jumayrā	AE	25.2	39080
Kalbā	AE	25.1	37545
Khalifah A City	AE	24.4	85374
Khawr Fakkān	AE	25.3	40677
Lahbab	AE	25.0	53079
Mankhūl	AE	25.2	41244
Mirdif	AE	25.2	60288
Mohammed Bin Zayed City	AE	24.3	85000
Musaffah	AE	24.4	243341
Nāyf	AE	25.3	53075
Ras Al Khaimah	AE	25.8	351943
Reef Al Fujairah City	AE	25.1	82310
Sharjah	AE	25.3	1800000
Ţarīf Kalbā	AE	25.1	51000
The Palm Jumeirah	AE	25.1	25500
Umm Al Quwain City	AE	25.6	59098
Umm Suqaym	AE	25.2	16459
Warīsān	AE	25.2	108759
Zayed City	AE	23.7	63482
Aībak	AF	36.3	47823
Andkhoy	AF	37.0	37900
Ārt Khwājah	AF	37.1	18623
Asadābād	AF	34.9	48400
Āsmār	AF	35.0	15708
Baghlān	AF	36.1	108449
Bagrām	AF	35.0	113173
Bahārak	AF	37.0	32551
Balkh	AF	36.8	114883
Bāmyān	AF	34.8	61863
Baraki Barak	AF	34.0	22305
Bāzār-e Yakāwlang	AF	34.7	65000
Bāzārak	AF	35.3	65000
Charikar	AF	35.0	53676
Eslam Qaleh	AF	34.7	18086
Farah	AF	32.4	43561
Fayzabad	AF	37.1	44421
Gardez	AF	33.6	103601
Gereshk	AF	31.8	43588
Ghazni	AF	33.6	141000
Ghormach	AF	35.7	30000
Herāt	AF	34.3	574300
Istālif	AF	34.8	41413
Jabal os Saraj	AF	35.1	15032
Jalālābād	AF	34.4	271900
Jurm	AF	36.9	23064
Kabul	AF	34.5	4434550
Kandahār	AF	31.6	523300
Karukh	AF	34.5	17484
Khān Neshīn	AF	30.5	25600
Khanabad	AF	36.7	71531
Khāsh	AF	31.5	15133
Khōst	AF	33.3	96123
Khulm	AF	36.7	64933
Kunduz	AF	36.7	161902
Kushk	AF	33.3	16952
Lashkar Gāh	AF	31.6	43934
Markaz-e Woluswalī-ye Āchīn	AF	34.1	15098
Maymana	AF	35.9	75900
Mazār-e Sharīf	AF	36.7	523300
Mehtar Lām	AF	34.7	17345
Nahrīn	AF	36.1	22363
Nīlī	AF	33.7	30058
Paghmān	AF	34.6	49157
Pul-e Khumrī	AF	35.9	56369
Qarāwul	AF	37.2	24544
Qarqīn	AF	37.4	15018
Rustāq	AF	37.1	25636
Sang-e Chārak	AF	35.8	15377
Sar-e Pul	AF	36.2	52121
Shahrak	AF	34.1	15967
Shibirghān	AF	36.7	55641
Shīnḏanḏ	AF	33.3	29264
Taloqan	AF	36.7	64256
Zaranj	AF	31.0	49851
Saint John’s	AG	17.1	51737
The Valley	AI	18.2	2035
Berat	AL	40.7	62232
Bulqizë	AL	41.5	26826
Durrës	AL	41.3	195920
Elbasan	AL	41.1	100903
Fier	AL	40.7	56297
Fier-Çifçi	AL	40.7	60995
Fushë-Krujë	AL	41.5	17877
Gjirokastër	AL	40.1	23437
Kavajë	AL	41.2	30012
Korçë	AL	40.6	58259
Krujë	AL	41.5	51191
Kuçovë	AL	40.8	31077
Kukës	AL	42.1	36125
Lezhë	AL	41.8	18695
Librazhd	AL	41.2	23312
Lushnjë	AL	40.9	63135
Patos	AL	40.7	16000
Patos Fshat	AL	40.6	22679
Peqin	AL	41.0	16580
Pogradec	AL	40.9	46070
Rrashbull	AL	41.3	20099
Sarandë	AL	39.9	22613
Shkodër	AL	42.1	95553
Tirana	AL	41.3	418495
Vlorë	AL	40.5	115261
Abovyan	AM	40.3	50556
Ajapnyak	AM	40.2	122800
Arabkir	AM	40.2	119300
Ararat	AM	39.9	17598
Armavir	AM	40.2	29700
Artashat	AM	40.0	22800
Artik	AM	40.6	18145
Ashtarak	AM	40.3	17600
Avan	AM	40.2	58800
Charentsavan	AM	40.4	22071
Davtashen	AM	40.2	52100
Dilijan	AM	40.7	15914
Erebuni	AM	40.1	129700
Gavar	AM	40.4	18900
Goris	AM	39.5	17592
Gyumri	AM	40.8	114667
Hrazdan	AM	40.5	49500
Ijevan	AM	40.9	19500
Kanaker-Zeytun	AM	40.2	75500
Kapan	AM	39.2	32900
Kentron	AM	40.2	133000
Malatia-Sebastia	AM	40.2	150500
Masis	AM	40.1	23136
Nor Nork	AM	40.2	137300
Sevan	AM	40.5	19652
Shengavit	AM	40.2	140600
Vagharshapat	AM	40.2	47989
Vanadzor	AM	40.8	78100
Yerevan	AM	40.2	1144700
Alto Hama	AO	-12.2	36661
Andulo	AO	-11.5	50000
Baía Farta	AO	-12.6	107841
Bailundo	AO	-9.6	70481
Balombo	AO	-12.4	108965
Barra do Dande	AO	-8.5	75000
Belize	AO	-4.7	24430
Benfica	AO	-8.9	191828
Benguela	AO	-12.6	555124
Bocoio	AO	-12.5	164685
Buco Zau	AO	-4.8	40953
Bula Atumba	AO	-8.7	30537
Caála	AO	-12.9	130000
Cabinda	AO	-5.6	550000
Cacuaco	AO	-8.8	146867
Cacuso	AO	-9.4	39302
Cafunfo	AO	-8.8	90000
Cage Mazumbo	AO	-8.3	16093
Cahama	AO	-16.3	70061
Calulo	AO	-10.0	44000
Calumbo	AO	-9.1	652270
Caluquembe	AO	-13.9	31000
Camabatela	AO	-8.2	21767
Camacupa	AO	-12.0	59000
Camama	AO	-8.9	667094
Cambundi	AO	-7.5	17212
Cambundi Catembo	AO	-10.1	17212
Camucuio	AO	-14.1	66112
Canacassala	AO	-8.2	20913
Cangandala	AO	-9.8	52220
Capunda	AO	-11.1	21260
Cassanguidi	AO	-7.5	20000
Catabola	AO	-12.2	28831
Catchiungo	AO	-12.6	120677
Catumbela	AO	-12.4	95034
Caxito	AO	-8.6	55000
Cazenga	AO	-8.8	394170
Cazombo	AO	-11.9	34000
Cela	AO	-11.4	90000
Chindumbo	AO	-11.9	32013
Chinguar	AO	-12.6	26811
Chitato	AO	-7.3	246880
Chitembo	AO	-13.6	25000
Conda	AO	-11.1	21260
Cuango-Luzamba	AO	-9.1	55000
Cubal	AO	-13.0	90367
Cubal do Lumbo	AO	-12.3	18451
Cuemba	AO	-12.2	19995
Cuilo	AO	-8.2	26577
Cuímba	AO	-6.1	41878
Cuíto	AO	-12.4	355423
Dombe Grande	AO	-13.0	25000
Dondo	AO	-9.7	64643
Dundo	AO	-7.4	177604
Ecunna	AO	-12.7	82541
Gabela	AO	-10.9	116903
Gama	AO	-8.6	66202
Ganda	AO	-13.0	65000
Golfe	AO	-8.9	655796
Golungo Alto	AO	-9.1	19992
Gombe	AO	-8.1	19209
Hoji ya Henda	AO	-8.8	642050
Huambo	AO	-12.8	595304
Humbe	AO	-16.7	35985
Ingombota	AO	-8.8	144911
Kikolo	AO	-8.8	728205
Kilamba	AO	-8.8	237528
Kima Kieza	AO	-8.8	428855
Kunda dya Baze	AO	-8.9	15965
Lobito	AO	-12.4	393079
Londuimbali	AO	-12.2	17000
Longonjo	AO	-12.9	92103
Luanda	AO	-8.8	2776168
Luau	AO	-10.7	55432
Lubalo	AO	-9.2	26103
Lubango	AO	-14.9	600751
Lucala	AO	-9.3	19422
Lucapa	AO	-8.4	110000
Luena	AO	-11.8	273675
Lumbala	AO	-14.1	19000
Luquembo	AO	-10.7	69420
Mabubas	AO	-8.5	16981
Maianga	AO	-8.8	727681
Malanje	AO	-9.5	455000
Maquela do Zombo	AO	-6.1	42000
Matala	AO	-14.7	78000
Mbanza Kongo	AO	-6.3	148000
Menongue	AO	-14.7	251178
Mossamedes	AO	-15.2	255000
Mulenvos	AO	-8.9	882014
Mungo	AO	-11.8	21662
Mussende	AO	-10.5	33558
Muxaluando	AO	-8.1	21052
N'dalatando	AO	-9.3	161584
N'zeto	AO	-7.2	28840
Navegantes	AO	-12.6	240075
Negage	AO	-7.8	92950
Nharêa	AO	-11.5	18000
Nova Vida	AO	-8.9	464985
Nzagi	AO	-8.4	60000
Ondjiva	AO	-17.1	121537
Pango Aluquém	AO	-8.7	16080
Panguíla	AO	-8.7	158068
Piri	AO	-8.5	26265
Porto Amboim	AO	-10.7	91605
Quibala	AO	-10.7	27128
Quipungo	AO	-14.8	23014
Quissecula	AO	-11.4	90000
Ramiros	AO	-9.1	323576
Rangel	AO	-8.8	190569
Samba	AO	-8.9	364986
Sambizanga	AO	-8.8	177808
Santa Clara	AO	-10.2	29000
Sanza Pombo	AO	-7.3	23000
Saurimo	AO	-9.7	393000
Songo	AO	-7.4	31382
Soyo	AO	-6.1	221555
Sumbe	AO	-11.2	205832
Talatona	AO	-8.9	500000
Tombôco	AO	-6.8	20358
Tômbua	AO	-15.8	46573
Ucu Seles	AO	-11.4	47421
Úcua	AO	-8.7	41654
Ucuma	AO	-13.0	21809
Uíge	AO	-7.6	322531
Viana	AO	-8.9	865863
Vila Flor	AO	-9.0	256066
Virei	AO	-15.7	42607
Xangongo	AO	-16.7	35000
Zango	AO	-9.0	198538
Adrogué	AR	-34.8	28265
Aguilares	AR	-27.4	32494
Aimogasta	AR	-28.6	16625
Albardón	AR	-31.4	20413
Alderetes	AR	-26.8	38466
Allen	AR	-39.0	27707
Alta Gracia	AR	-31.6	40384
Añatuya	AR	-28.5	20261
Apóstoles	AR	-27.9	30278
Arrecifes	AR	-34.1	30397
Arroyito	AR	-31.4	19577
Arroyo Seco	AR	-33.2	20620
Avellaneda	AR	-34.7	367554
Ayacucho	AR	-37.2	18916
Azul	AR	-36.8	64884
Bahía Blanca	AR	-38.7	299101
Balcarce	AR	-37.8	44409
Balvanera	AR	-34.6	152198
Banfield	AR	-34.7	61072
Baradero	AR	-33.8	35389
Barracas	AR	-34.6	77474
Barranqueras	AR	-27.5	50823
Belén	AR	-27.6	15172
Belgrano	AR	-34.6	138942
Bell Ville	AR	-32.6	35105
Bella Vista	AR	-34.6	79737
Benito Juárez	AR	-37.7	15777
Berazategui	AR	-34.8	180523
Berisso	AR	-34.9	88470
Boedo	AR	-34.6	48231
Bragado	AR	-35.1	38794
Buenos Aires	AR	-34.6	2891082
Burzaco	AR	-34.8	98859
Cafayate	AR	-26.1	16836
Caleta Olivia	AR	-46.4	56310
Campana	AR	-34.2	86860
Cañada de Gómez	AR	-32.8	36000
Cañuelas	AR	-35.1	41801
Capitán Bermúdez	AR	-32.8	27060
Carcarañá	AR	-32.9	15619
Carlos Casares	AR	-35.6	19397
Carmen de Areco	AR	-34.4	15900
Carmen de Patagones	AR	-40.8	25982
Casilda	AR	-33.0	32002
Castelar	AR	-34.7	107786
Catamarca	AR	-28.5	159139
Catriel	AR	-37.9	15169
Caucete	AR	-31.7	32454
Centenario	AR	-38.8	48101
Chacabuco	AR	-34.6	46440
Chajarí	AR	-30.8	30655
Charata	AR	-27.2	27813
Chascomús	AR	-35.6	39947
Chilecito	AR	-29.2	42248
Chimbas	AR	-31.5	73829
Chivilcoy	AR	-34.9	65575
Cinco Saltos	AR	-38.8	26399
Cipolletti	AR	-38.9	95524
Ciudad de Las Heras	AR	-32.9	189067
Colegiales	AR	-34.6	57000
Colón	AR	-32.2	58219
Colonia Caroya	AR	-31.0	24197
Colonia Wanda	AR	-26.0	15529
Comodoro Rivadavia	AR	-45.9	140850
Concepción del Uruguay	AR	-32.5	67895
Concordia	AR	-31.4	145210
Córdoba	AR	-31.4	2106734
Coronda	AR	-32.0	16975
Coronel Brandsen	AR	-35.2	24487
Coronel Pringles	AR	-38.0	21555
Coronel Suárez	AR	-37.5	32525
Corrientes	AR	-27.5	346334
Cosquín	AR	-31.2	19070
Crespo	AR	-32.0	18296
Cruz del Eje	AR	-30.7	28166
Curuzú Cuatiá	AR	-29.8	36390
Cutral-Có	AR	-38.9	47380
Deán Funes	AR	-30.4	20164
Diamante	AR	-32.1	19545
Dolores	AR	-36.3	30372
Don Torcuato	AR	-34.5	71356
El Bolsón	AR	-42.0	21287
El Calafate	AR	-50.3	22844
El Palomar	AR	-34.6	59031
El Soberbio	AR	-27.3	19571
Eldorado	AR	-26.4	54189
Embalse	AR	-32.2	15900
Embarcación	AR	-23.2	23961
Ensenada	AR	-34.9	63978
Esperanza	AR	-31.4	35885
Esquel	AR	-42.9	28486
Esquina	AR	-30.0	26399
Ezeiza	AR	-34.9	115021
Famaillá	AR	-27.1	30951
Federal	AR	-31.0	16333
Firmat	AR	-33.5	18294
Fontana	AR	-27.4	26745
Formosa	AR	-26.2	222226
Gálvez	AR	-32.0	18374
Garupá	AR	-27.5	28814
General Acha	AR	-37.4	15101
General Alvear	AR	-35.0	35626
General Belgrano	AR	-35.8	19056
General Güemes	AR	-24.7	38048
General José de San Martín	AR	-26.5	31758
General Juan Madariaga	AR	-37.0	21461
General Mosconi	AR	-22.6	19811
General Pacheco	AR	-34.5	43287
General Pico	AR	-35.7	66805
General Pinedo	AR	-27.3	15741
General Roca	AR	-39.0	73212
General Villegas	AR	-35.0	22474
Gobernador Gálvez	AR	-33.0	74650
Gobernador Virasora	AR	-28.1	28756
Goya	AR	-29.1	70245
Granadero Baigorria	AR	-32.9	32427
Gualeguay	AR	-33.1	33120
Gualeguaychú	AR	-33.0	78676
Haedo	AR	-34.6	37745
Hurlingham	AR	-34.6	60000
Ingeniero Pablo Nogués	AR	-34.5	38470
Isidro Casanova	AR	-34.7	131981
Ituzaingó	AR	-27.6	168419
Jardín América	AR	-27.0	24905
Jesús María	AR	-31.0	36343
Joaquín V. González	AR	-25.1	19185
José C. Paz	AR	-34.5	230208
Juan José Castelli	AR	-25.9	36588
Junín	AR	-34.6	87509
La Calera	AR	-31.3	24796
La Falda	AR	-31.1	15112
La Paz	AR	-30.7	24716
La Plata	AR	-34.9	195443
La Rioja	AR	-29.4	178872
La Unión	AR	-34.9	24293
Laboulaye	AR	-34.1	19908
Laferrere	AR	-34.8	248362
Lanús	AR	-34.7	212252
Las Breñas	AR	-27.1	26955
Las Flores	AR	-36.0	25075
Las Heras	AR	-46.5	24728
Las Varillas	AR	-31.9	18631
Leandro N. Alem	AR	-27.6	27287
Libertador General San Martín	AR	-23.8	49267
Lincoln	AR	-34.9	32773
Lobos	AR	-35.2	35719
Lomas de Zamora	AR	-34.8	111897
Los Polvorines	AR	-34.5	53354
Los Toldos	AR	-35.0	17752
Luján	AR	-34.6	97363
Machagai	AR	-26.9	28070
Magdalena	AR	-35.1	15338
Malargüe	AR	-35.5	27355
Mar de Ajó	AR	-36.7	25520
Mar del Plata	AR	-38.0	593337
Mar del Tuyú	AR	-36.6	83016
Marcos Juárez	AR	-32.7	24226
Mendoza	AR	-32.9	114893
Mercedes	AR	-34.7	63284
Merlo	AR	-34.7	268961
Miramar	AR	-38.3	34380
Monte Caseros	AR	-30.3	24671
Monte Chingolo	AR	-34.7	85060
Montecarlo	AR	-26.6	22229
Monteros	AR	-27.2	23771
Moreno	AR	-34.6	148290
Morón	AR	-34.7	99066
Morteros	AR	-30.7	20558
Muñiz	AR	-34.6	26844
Navarro	AR	-35.0	16649
Necochea	AR	-38.6	73557
Neuquén	AR	-39.0	231198
Nogoyá	AR	-32.4	43195
Nueve de Julio	AR	-35.4	42098
Oberá	AR	-27.5	56528
Olavarría	AR	-36.9	89721
Palermo	AR	-34.6	249016
Palpalá	AR	-24.3	48199
Paraná	AR	-31.7	247139
Paso de los Libres	AR	-29.7	43805
Pehuajó	AR	-35.8	36507
Perdriel	AR	-33.1	19321
Pérez	AR	-33.0	24436
Pergamino	AR	-33.9	91399
Pichanal	AR	-23.3	28017
Pico Truncado	AR	-46.8	25194
Pigüé	AR	-37.6	15905
Pilar	AR	-34.5	81120
Pinamar	AR	-37.1	39218
Pirané	AR	-25.7	19124
Plottier	AR	-39.0	52291
Pocito	AR	-31.7	40969
Pontevedra	AR	-34.7	33515
Posadas	AR	-27.4	305874
Presidencia Roque Sáenz Peña	AR	-26.8	81879
Profesor Salvador Mazza	AR	-22.0	25328
Puerto Deseado	AR	-47.8	16747
Puerto Esperanza	AR	-26.0	15579
Puerto Iguazú	AR	-25.6	32038
Puerto Madryn	AR	-42.8	64555
Puerto Rico	AR	-26.8	17491
Punta Alta	AR	-38.9	64244
Quilmes	AR	-34.7	262379
Quitilipi	AR	-26.9	32083
Rafaela	AR	-31.3	88713
Ramallo	AR	-33.5	29964
Rawson	AR	-31.6	130258
Reconquista	AR	-29.1	90184
Remedios de Escalada de San Martín	AR	-34.7	81465
Resistencia	AR	-27.5	290793
Retiro	AR	-34.6	38635
Río Ceballos	AR	-31.2	16632
Río Colorado	AR	-39.0	16132
Río Cuarto	AR	-33.1	157010
Río Gallegos	AR	-51.6	95796
Río Grande	AR	-53.8	52681
Río Segundo	AR	-31.7	22171
Río Tercero	AR	-32.2	53389
Rivadavia	AR	-33.2	34830
Rodeo del Medio	AR	-33.0	18574
Rojas	AR	-34.2	22106
Rosario	AR	-32.9	948312
Rosario de la Frontera	AR	-25.8	29336
Rosario de Lerma	AR	-25.0	26086
Rufino	AR	-34.3	18361
Saladas	AR	-28.3	18349
Saladillo	AR	-35.6	30378
Salta	AR	-24.8	520683
Salto	AR	-34.3	34034
San Antonio de Areco	AR	-34.3	22909
San Antonio de Padua	AR	-34.7	37745
San Antonio Oeste	AR	-40.7	16966
San Carlos de Bariloche	AR	-41.1	95394
San Carlos de Bolívar	AR	-36.2	31618
San Francisco	AR	-31.4	59062
San Isidro	AR	-34.5	45190
San Javier	AR	-30.6	15606
San Jorge	AR	-31.9	16873
San José de los Cerrillos	AR	-24.9	37950
San José de Metán	AR	-25.5	34601
San Juan	AR	-31.5	109123
San Justo	AR	-34.7	105274
San Lorenzo	AR	-28.1	47626
San Luis	AR	-33.3	169947
San Luis del Palmar	AR	-27.5	15347
San Martín	AR	-33.1	82549
San Martín de los Andes	AR	-40.2	23519
San Miguel	AR	-34.5	168762
San Miguel de Tucumán	AR	-26.8	548866
San Miguel del Monte	AR	-35.4	21794
San Nicolás de los Arroyos	AR	-33.3	134217
San Pedro	AR	-33.7	47452
San Pedro de Jujuy	AR	-24.2	58430
San Rafael	AR	-34.6	118009
San Ramón de la Nueva Orán	AR	-23.1	86867
San Salvador de Jujuy	AR	-24.2	257970
San Vicente	AR	-35.0	90021
Santa Clara del Mar	AR	-37.8	16629
Santa Elena	AR	-30.9	18410
Santa Fe	AR	-31.6	391164
Santa Lucía	AR	-31.5	62697
Santa María	AR	-26.7	16545
Santa Rosa	AR	-36.6	102860
Santa Teresita	AR	-36.5	15213
Santiago del Estero	AR	-27.8	252192
Santo Tomé	AR	-31.7	59072
Santos Lugares	AR	-34.6	37267
Sarandí	AR	-34.7	60752
Sunchales	AR	-30.9	18757
Tafí Viejo	AR	-26.7	48459
Tandil	AR	-37.3	115877
Tartagal	AR	-22.5	60819
Termas de Río Hondo	AR	-27.5	27838
Tigre	AR	-34.4	31106
Toay	AR	-36.7	17151
Tortuguitas	AR	-34.5	41390
Tostado	AR	-29.2	16448
Trelew	AR	-43.2	97915
Trenque Lauquen	AR	-36.0	39975
Tres Arroyos	AR	-38.4	52199
Tres Isletas	AR	-26.3	24747
Tristán Suárez	AR	-34.9	27746
Tunuyán	AR	-33.6	38367
Tupungato	AR	-33.4	16893
Unquillo	AR	-31.2	15369
Ushuaia	AR	-54.8	56825
Valentín Alsina	AR	-34.7	41155
Veinticinco de Mayo	AR	-35.4	23814
Venado Tuerto	AR	-33.7	72340
Vera	AR	-29.5	19797
Victoria	AR	-32.6	25139
Viedma	AR	-40.8	48940
Villa Allende	AR	-31.3	21683
Villa Ángela	AR	-27.6	43511
Villa Carlos Paz	AR	-31.4	69451
Villa Constitución	AR	-33.2	44271
Villa de Mayo	AR	-34.5	43405
Villa del Rosario	AR	-31.6	17496
Villa Dolores	AR	-31.9	28009
Villa General San Martín	AR	-31.4	29789
Villa Gesell	AR	-37.3	23257
Villa Lugano	AR	-34.7	114000
Villa María	AR	-32.4	92453
Villa Mercedes	AR	-33.7	96781
Villa Nueva	AR	-32.4	25961
Villa Ocampo	AR	-28.5	19101
Villa Ortúzar	AR	-34.6	22500
Villa Paula de Sarmiento	AR	-31.5	19092
Villa Regina	AR	-39.1	31209
Villa Santa Rita	AR	-34.6	34000
Villa Sarmiento	AR	-34.6	17481
Villaguay	AR	-31.9	32027
Yerba Buena	AR	-26.8	50783
Zapala	AR	-38.9	31534
Zárate	AR	-34.1	99061
Pago Pago	AS	-14.3	11500
Alsergrund	AT	48.2	41645
Amstetten	AT	48.1	15559
Andritz	AT	47.1	19020
Ansfelden	AT	48.2	18251
Aspern	AT	48.2	50687
Baden	AT	48.0	26286
Bludenz	AT	47.2	15102
Bregenz	AT	47.5	29806
Brigittenau	AT	48.2	86967
Döbling	AT	48.3	75418
Donaustadt	AT	48.2	187007
Dornbirn	AT	47.4	49278
Eggenberg	AT	47.1	20511
Eisenzicken	AT	47.3	54353
Essling	AT	48.2	21200
Favoriten	AT	48.2	201882
Feldkirch	AT	47.2	33420
Floridsdorf	AT	48.3	162779
Fünfhaus	AT	48.2	76396
Geidorf	AT	47.1	24767
Graz	AT	47.1	303270
Gries	AT	47.1	29363
Hernals	AT	48.2	57546
Hietzing	AT	48.2	54265
Hohenems	AT	47.4	16317
Hötting	AT	47.3	35043
Innere Stadt	AT	48.2	16450
Innsbruck	AT	47.3	132493
Jakomini	AT	47.1	32912
Josefstadt	AT	48.2	24499
Klagenfurt am Wörthersee	AT	46.6	100316
Klosterneuburg	AT	48.3	15614
Landstraße	AT	48.2	98389
Lend	AT	47.1	31147
Linz	AT	48.3	204846
Lustenau	AT	47.4	22821
Margareten	AT	48.2	54412
Mariahilf	AT	48.2	31381
Meidling	AT	48.2	97624
Mödling	AT	48.1	20555
Neubau	AT	48.2	31521
Ottakring	AT	48.2	104627
Penzing	AT	48.2	98176
Perchtoldsdorf	AT	48.1	15047
Pradl	AT	47.3	32588
Saalfelden am Steinernen Meer	AT	47.4	16790
Salzburg	AT	47.8	157245
Sankt Leonhard	AT	47.1	15853
Sankt Martin	AT	46.6	20000
Sankt Peter	AT	46.6	20320
Sankt Pölten	AT	48.2	21911
Simmering	AT	48.2	101420
Steyr	AT	48.0	38331
Stockerau	AT	48.4	16292
Straßgang	AT	47.0	16268
Telfs	AT	47.3	15229
Traun	AT	48.2	25345
Vienna	AT	48.2	1691468
Villach	AT	46.6	58882
Währing	AT	48.2	51402
Wels	AT	48.2	16857
Wetzelsdorf	AT	47.1	15687
Wiener Neustadt	AT	47.8	44820
Wilten	AT	47.3	18142
Wolfsberg	AT	46.8	25035
Adelaide	AU	-34.9	1469163
Adelaide city centre	AU	-34.9	19820
Adelaide Hills	AU	-34.9	72260
Albany	AU	-35.0	35053
Albany Creek	AU	-27.4	15532
Alexandra Hills	AU	-27.5	16043
Alice Springs	AU	-23.7	25912
Altona Meadows	AU	-37.9	18479
Armidale	AU	-30.5	21312
Ascot Vale	AU	-37.8	15197
Ashfield	AU	-33.9	23749
Auburn	AU	-33.9	37245
Australind	AU	-33.3	15988
Bacchus Marsh	AU	-37.7	24717
Bairnsdale	AU	-37.8	17666
Baldivis	AU	-32.3	37697
Ballajura	AU	-31.8	18459
Ballarat	AU	-37.6	111973
Balwyn North	AU	-37.8	21302
Bankstown	AU	-33.9	34933
Banora Point	AU	-28.2	15868
Batemans Bay	AU	-35.7	17519
Bathurst	AU	-33.4	36230
Baulkham Hills	AU	-33.8	36792
Bendigo	AU	-36.8	103034
Bentleigh	AU	-37.9	17921
Bentleigh East	AU	-37.9	30159
Berwick	AU	-38.0	50298
Bexley	AU	-34.0	19664
Blacktown	AU	-33.8	46942
Blue Mountains	AU	-33.7	78121
Boronia	AU	-37.9	23607
Bracken Ridge	AU	-27.3	16701
Brighton	AU	-37.9	23252
Brighton East	AU	-37.9	16757
Brisbane	AU	-27.5	2780063
Broken Hill	AU	-32.0	17456
Brunswick	AU	-37.8	24896
Buderim	AU	-26.7	28774
Bunbury	AU	-33.3	76452
Bundaberg	AU	-24.9	73747
Bundoora	AU	-37.7	28068
Burnie	AU	-41.1	20417
Burwood	AU	-33.9	18224
Busselton	AU	-33.7	27233
Byford	AU	-32.2	18878
Caboolture	AU	-27.1	26341
Cabramatta	AU	-33.9	21634
Cairns	AU	-16.9	153075
Calamvale	AU	-27.6	16927
Caloundra	AU	-26.8	96305
Camberwell	AU	-37.8	21965
Campsie	AU	-33.9	24487
Canberra	AU	-35.3	367752
Canning Vale	AU	-32.1	34504
Capalaba	AU	-27.5	18002
Carindale	AU	-27.5	15418
Carlingford	AU	-33.8	24131
Carlton	AU	-37.8	16055
Carnegie	AU	-37.9	17909
Caroline Springs	AU	-37.7	24488
Carrum Downs	AU	-38.1	21976
Castle Hill	AU	-33.7	39284
Casula	AU	-34.0	15695
Caulfield North	AU	-37.9	16903
Central Coast	AU	-33.4	346596
Cessnock	AU	-32.8	23211
Chatswood	AU	-33.8	25140
Cheltenham	AU	-38.0	23992
Cherrybrook	AU	-33.7	18588
City of Port Phillip	AU	-37.8	112669
Clayton	AU	-37.9	18988
Coburg	AU	-37.8	26574
Coffs Harbour	AU	-30.3	78759
Coogee	AU	-33.9	15333
Coorparoo	AU	-27.5	15965
Corio	AU	-38.1	15215
Craigieburn	AU	-37.6	65178
Cranbourne	AU	-38.1	21281
Cranbourne East	AU	-38.1	24679
Cranbourne North	AU	-38.1	24683
Cranbourne West	AU	-38.1	19969
Cranebrook	AU	-33.7	15649
Cronulla	AU	-34.1	17703
Croydon	AU	-37.8	26502
Dandenong	AU	-38.0	30127
Dandenong North	AU	-38.0	22550
Darwin	AU	-12.5	139902
Deception Bay	AU	-27.2	19539
Dee Why	AU	-33.8	21145
Deer Park	AU	-37.8	18145
Devonport	AU	-41.2	26150
Dianella	AU	-31.9	24169
Docklands	AU	-37.8	15495
Doncaster	AU	-37.8	25020
Doncaster East	AU	-37.8	30926
Doreen	AU	-37.6	27122
Dubbo	AU	-32.2	43516
Duncraig	AU	-31.8	15982
Earlwood	AU	-33.9	17592
Eastwood	AU	-33.8	17792
Echuca	AU	-36.1	15056
Eight Mile Plains	AU	-27.6	15364
Ellenbrook	AU	-31.8	24668
Eltham	AU	-37.7	18847
Elwood	AU	-37.9	15153
Endeavour Hills	AU	-38.0	24455
Engadine	AU	-34.1	17141
Epping	AU	-37.6	33489
Essendon	AU	-37.7	21240
Fairfield	AU	-33.9	17932
Ferntree Gully	AU	-37.9	27398
Footscray	AU	-37.8	17131
Forest Lake	AU	-27.6	22581
Frankston	AU	-38.1	37331
Frankston East	AU	-38.1	34457
Frankston South	AU	-38.2	18801
Gawler	AU	-34.6	20006
Geelong	AU	-38.1	282809
Geraldton	AU	-28.8	38595
Gladstone	AU	-23.8	45185
Glen Iris	AU	-37.9	26131
Glen Waverley	AU	-37.9	42642
Glenferrie	AU	-37.8	21177
Glenmore Park	AU	-33.8	22863
Glenroy	AU	-37.7	23792
Glenwood	AU	-33.7	16040
Gold Coast	AU	-28.0	640778
Gosnells	AU	-32.1	21149
Goulburn	AU	-34.8	24565
Grafton	AU	-29.7	19255
Granville	AU	-33.8	16716
Greenacre	AU	-33.9	24361
Greensborough	AU	-37.7	21070
Greenvale	AU	-37.6	21274
Greystanes	AU	-33.8	23511
Griffith	AU	-34.3	20569
Gympie	AU	-26.2	22424
Hampton Park	AU	-38.0	26082
Hawthorn	AU	-37.8	22322
Hawthorn South	AU	-37.8	21177
Helensvale	AU	-27.9	16839
Hervey Bay	AU	-25.3	52230
Highton	AU	-38.2	18388
Hillside	AU	-37.7	17331
Hobart	AU	-42.9	254930
Hoppers Crossing	AU	-37.9	37216
Hornsby	AU	-33.7	22462
Horsham	AU	-36.7	16985
Hurstville	AU	-34.0	29744
Kalgoorlie	AU	-30.7	29072
Kallangur	AU	-27.3	20222
Karratha	AU	-20.7	17013
Keilor East	AU	-37.7	15078
Kellyville	AU	-33.7	27676
Kensington	AU	-33.9	15021
Kew	AU	-37.8	24499
Keysborough	AU	-38.0	30018
Kingsford	AU	-33.9	15338
Kirwan	AU	-19.3	21034
Kogarah	AU	-34.0	16416
Kwinana	AU	-32.2	30433
Labrador	AU	-27.9	18326
Lakemba	AU	-33.9	16921
Lalor	AU	-37.7	23219
Landsdale	AU	-31.8	15401
Langwarrin	AU	-38.2	22146
Lara	AU	-38.0	15919
Launceston	AU	-41.4	90953
Lidcombe	AU	-33.9	19791
Lilydale	AU	-37.8	17348
Liverpool	AU	-33.9	31078
Logan City	AU	-27.6	345098
Mackay	AU	-21.2	84333
Maitland	AU	-32.7	89597
Malvern East	AU	-37.9	22296
Mandurah	AU	-32.5	107643
Manly	AU	-33.8	16170
Maroochydore	AU	-26.7	18342
Maroubra	AU	-34.0	30224
Marrickville	AU	-33.9	26140
Maryborough	AU	-25.5	27489
Mascot	AU	-33.9	15985
Melbourne	AU	-37.8	5435590
Melbourne City Centre	AU	-37.8	60057
Mernda	AU	-37.6	23369
Merrylands	AU	-33.8	29508
Mildura	AU	-34.2	34565
Mill Park	AU	-37.7	28712
Miranda	AU	-34.0	15111
Mitcham	AU	-37.8	16795
Moonee Ponds	AU	-37.8	16224
Mooroolbark	AU	-37.8	23059
Morayfield	AU	-27.1	21221
Morley	AU	-31.9	22539
Mornington	AU	-38.2	25759
Morphett Vale	AU	-35.1	24002
Mosman	AU	-33.8	27844
Mount Barker	AU	-35.1	21554
Mount Druitt	AU	-33.8	16682
Mount Eliza	AU	-38.2	18734
Mount Gambier	AU	-37.8	25591
Mount Isa	AU	-20.7	18317
Mount Martha	AU	-38.3	19846
Mount Waverley	AU	-37.9	35340
Mulgrave	AU	-37.9	19889
Muswellbrook	AU	-32.3	16000
Narangba	AU	-27.2	20910
Narre Warren	AU	-38.0	27689
Narre Warren South	AU	-38.0	30909
Nerang	AU	-28.0	16739
Newcastle	AU	-32.9	508437
Noble Park	AU	-38.0	30921
North Lakes	AU	-27.2	21260
North Melbourne	AU	-37.8	15395
Northcote	AU	-37.8	25276
Officer	AU	-38.1	18503
Orange	AU	-33.3	41920
Pacific Pines	AU	-27.9	16605
Pakenham	AU	-38.1	54118
Palm Beach	AU	-28.1	15205
Palmerston	AU	-12.5	33695
Parafield Gardens	AU	-34.8	16872
Paralowie	AU	-34.8	16530
Parramatta	AU	-33.8	30211
Pascoe Vale	AU	-37.7	18171
Perth	AU	-32.0	2384371
Pittwater	AU	-33.7	63482
Point Cook	AU	-37.9	66781
Port Hedland	AU	-20.3	15298
Port Macquarie	AU	-31.4	51965
Port Melbourne	AU	-37.8	17633
Preston	AU	-37.8	33790
Prestons	AU	-33.9	15312
Punchbowl	AU	-33.9	20174
Quakers Hill	AU	-33.7	26904
Randwick	AU	-33.9	28943
Redbank Plains	AU	-27.6	19094
Reservoir	AU	-37.7	51096
Richmond	AU	-37.8	28587
Ringwood	AU	-37.8	19144
Robina	AU	-28.1	23140
Rochedale South	AU	-27.6	15073
Rockdale	AU	-34.0	15436
Rockhampton	AU	-23.4	81021
Rockingham	AU	-32.3	15312
Rowville	AU	-37.9	33571
Roxburgh Park	AU	-37.6	24129
Ryde	AU	-33.8	26385
Saint Albans	AU	-37.7	35091
Saint Ives	AU	-33.7	18384
Saint Kilda	AU	-37.9	19490
Scarborough	AU	-31.9	17605
Seaford	AU	-38.1	17215
Seven Hills	AU	-33.8	19196
Shepparton	AU	-36.4	32067
South Morang	AU	-37.6	24989
South Yarra	AU	-37.8	25237
Southbank	AU	-37.8	22631
Southport	AU	-28.0	32965
Springfield Lakes	AU	-27.7	15081
Springvale	AU	-37.9	22174
St Albans	AU	-37.7	37629
St Clair	AU	-33.8	19856
Strathfield	AU	-33.9	25769
Sunbury	AU	-37.6	38851
Sunnybank Hills	AU	-27.6	17842
Sunshine Coast	AU	-26.7	398840
Sunshine West	AU	-37.8	18552
Surfers Paradise	AU	-28.0	31073
Surry Hills	AU	-33.9	15828
Sydney	AU	-33.9	5638830
Sydney Central Business District	AU	-33.9	25654
Tamworth	AU	-31.1	43874
Taree	AU	-31.9	16359
Tarneit	AU	-37.8	56370
Taylors Hill	AU	-37.7	15419
Taylors Lakes	AU	-37.7	15174
Templestowe	AU	-37.8	16966
The Gap	AU	-27.4	16371
Thomastown	AU	-37.7	20234
Thornbury	AU	-37.8	19005
Thornlie	AU	-32.1	23665
Toowoomba	AU	-27.6	142163
Torquay	AU	-38.3	18534
Townsville	AU	-19.3	201313
Traralgon	AU	-38.2	26907
Truganina	AU	-37.8	36305
Tuggeranong	AU	-35.4	89461
Umina Beach	AU	-33.5	16413
Upper Coomera	AU	-27.9	24956
Wahroonga	AU	-33.7	17652
Wallan	AU	-37.4	15004
Wangaratta	AU	-36.4	29808
Wantirna South	AU	-37.9	20754
Warragul	AU	-38.2	19856
Warrnambool	AU	-38.4	32894
Warwick	AU	-28.2	15380
Werribee	AU	-37.9	50027
West Pennant Hills	AU	-33.7	16162
Westmead	AU	-33.8	17835
Wheelers Hill	AU	-37.9	20652
Whyalla	AU	-33.0	20880
Willetton	AU	-32.1	19262
Wodonga	AU	-36.1	38949
Wollert	AU	-37.6	24407
Wollongong	AU	-34.4	280153
Wollongong city centre	AU	-34.4	19108
Wyndham Vale	AU	-37.9	20518
Yagoona	AU	-33.9	17908
Yarraville	AU	-37.8	15636
Noord	AW	12.6	24193
Oranjestad	AW	12.5	29998
Santa Cruz	AW	12.5	15236
Tanki Leendert	AW	12.5	21500
Mariehamn	AX	60.1	10682
Ağdaş	AZ	40.6	23528
Aghdam	AZ	40.0	37700
Aghjabadi	AZ	40.1	41200
Aghsu	AZ	40.6	22300
Amirdzhan	AZ	40.4	28203
Astara	AZ	38.5	15190
Bakıxanov	AZ	40.4	66686
Baku	AZ	40.4	2351300
Barda	AZ	40.4	41600
Beylagan	AZ	39.8	15599
Bilajari	AZ	40.4	42194
Biny Selo	AZ	40.5	24596
Buzovna	AZ	40.5	24795
Divichibazar	AZ	41.2	23248
Əhmədbəyli	AZ	39.9	17242
Fuzuli	AZ	39.6	25100
Ganja	AZ	40.7	330663
Gazakh	AZ	41.1	20800
Gobu	AZ	40.4	17600
Govlar	AZ	40.9	15600
Göyçay	AZ	40.7	42500
Goygol	AZ	40.6	19800
Hacıqabul	AZ	40.0	23102
Haji Zeynalabdin	AZ	40.6	29900
Hokmali	AZ	40.4	17300
Hövsan	AZ	40.4	36293
Imishli	AZ	39.9	34178
Ismayilli	AZ	40.8	27500
Jalilabad	AZ	39.2	36259
Jorat	AZ	40.6	18500
Khirdalan	AZ	40.4	196200
Kyurdarmir	AZ	40.3	19088
Lankaran	AZ	38.8	89300
Lerik	AZ	38.8	87000
Lokbatan	AZ	40.3	30694
Mardakan	AZ	40.5	15267
Maştağa	AZ	40.5	40092
Mehdiabad	AZ	40.5	20500
Mingachevir	AZ	40.8	106048
Naxçıvan	AZ	39.2	97200
Neftçala	AZ	39.4	18661
Nehram	AZ	39.1	17200
Pushkino	AZ	39.5	18182
Qaraçuxur	AZ	40.4	87349
Quba	AZ	41.4	22405
Qusar	AZ	41.4	16022
Saatlı	AZ	39.9	20300
Sabirabad	AZ	40.0	30612
Sabunçu	AZ	40.4	20996
Salyan	AZ	39.6	36555
Saray	AZ	40.5	37800
Shamakhi	AZ	40.6	40300
Shamkhir	AZ	40.8	41300
Sheki	AZ	41.2	68400
Shusha	AZ	39.8	19400
Şirvan	AZ	39.9	70220
Siyazan	AZ	41.1	25900
Sumgayit	AZ	40.6	427000
Tartar	AZ	40.3	20400
Ujar	AZ	40.5	15741
Xaçmaz	AZ	41.5	67600
Yeni Suraxanı	AZ	40.4	16127
Yevlakh	AZ	40.6	127400
Zabrat	AZ	40.5	21396
Zaqatala	AZ	41.6	32171
Banja Luka	BA	44.8	221106
Bihać	BA	44.8	75641
Bijeljina	BA	44.8	37692
Bosanska Krupa	BA	44.9	15193
Brčko	BA	44.9	38968
Bugojno	BA	44.1	41378
Cazin	BA	45.0	21741
Doboj	BA	44.7	27235
Goražde	BA	43.7	17650
Gračanica	BA	44.7	15758
Gradačac	BA	44.9	15659
Ilidža	BA	43.8	71277
Konjic	BA	43.7	15950
Lukavac	BA	44.5	44520
Mostar	BA	43.3	104518
Prijedor	BA	45.0	36347
Sarajevo	BA	43.8	696731
Travnik	BA	44.2	31127
Trebinje	BA	42.7	33178
Tuzla	BA	44.5	142486
Velika Kladuša	BA	45.2	19330
Visoko	BA	44.0	17890
Zenica	BA	44.2	164423
Bridgetown	BB	13.1	98511
Ashuganj City	BD	24.0	210356
Ayla Patakata	BD	22.2	19782
Azimpur	BD	23.7	96641
Badarganj	BD	25.7	32600
Bagerhat	BD	22.7	266388
Bājitpur	BD	24.2	34560
Bāndarban	BD	22.2	54450
Baniachang	BD	24.5	37807
Barishal	BD	22.7	202242
Bera	BD	24.1	39604
Bhairab Bāzār	BD	24.1	105457
Bhāndāria	BD	22.5	30219
Bhanga	BD	23.4	43202
Bhatara	BD	23.8	324300
Bhātpāra Abhaynagar	BD	23.0	42653
Bherāmāra	BD	24.0	38159
Bhola	BD	22.7	99079
Bibir Hat	BD	22.7	89030
Bogra	BD	24.9	210000
Brāhmanbāria	BD	24.0	264326
Burhānuddin	BD	22.5	45670
Burirchar	BD	22.1	29542
Chāndpur	BD	23.2	203000
Char Bhadrāsan	BD	23.3	34423
Charāmaddi	BD	22.6	18122
Chattogram	BD	22.3	3920222
Chhāgalnāiya	BD	23.0	39335
Chhātak	BD	25.0	39218
Chilmāri	BD	25.6	49736
Comilla	BD	23.5	634654
Cox’s Bāzār	BD	21.4	253788
Dhaka	BD	23.7	10356500
Dhanmondi	BD	23.7	54210
Dinajpur	BD	25.6	206234
Dohār	BD	23.6	45543
Dohazāri	BD	22.2	40147
Dukuria	BD	23.7	37894
Farīdpur	BD	23.6	112187
Feni	BD	23.0	84028
Gafargaon	BD	24.4	34177
Gaurnadi	BD	23.0	40519
Gazipur	BD	24.0	2674697
Gopālganj	BD	23.2	51346
Habiganj	BD	24.4	88760
Hājīganj	BD	23.3	44343
Hāthazāri	BD	22.5	498179
Ishwardi	BD	24.1	81995
Jamālpur	BD	24.9	167900
Jessore	BD	23.2	243987
Jhingergācha	BD	23.1	41957
Joypur Hāt	BD	25.1	73068
Kafrul	BD	23.8	339734
Kālia	BD	23.0	40492
Kālīganj	BD	23.4	45631
Karnaphuli	BD	22.7	203697
Kesabpur	BD	22.9	30926
Khagrachhari	BD	23.1	50364
Khulna	BD	22.8	1500689
Kishorganj	BD	24.4	90690
Kushtia	BD	23.9	135724
Lākshām	BD	23.2	82290
Lakshmīpur	BD	22.9	61703
Lālmohan	BD	22.3	42220
Lalmonirhat	BD	25.9	65127
Madaripur	BD	23.2	84789
Maijdi	BD	22.9	132185
Manikchari	BD	22.8	24813
Mānikganj	BD	23.9	71698
Mathba	BD	22.3	29760
Mātuail	BD	23.7	34310
Maulavi Bāzār	BD	24.5	57441
Mehendiganj	BD	22.8	39424
Mirpur Model Thana	BD	23.8	546503
Mirzāpur	BD	24.1	41137
Mohammadpur	BD	24.9	527571
Morrelgonj	BD	22.5	31647
Motijheel	BD	23.7	202308
Muktāgācha	BD	24.8	24684
Mymensingh	BD	24.8	225126
Nabīnagar	BD	23.9	31671
Nagar Naluākot	BD	24.2	273000
Nāgarpur	BD	24.1	238422
Nageswari	BD	26.0	49425
Nālchiti	BD	22.6	38703
Narail	BD	23.2	55112
Narayanganj	BD	23.6	223622
Narsingdi	BD	23.9	281080
Natona	BD	22.1	19705
Natore	BD	24.4	369138
Nawābganj	BD	24.6	142361
Netrakona	BD	24.9	79016
Pābna	BD	24.0	186781
Pālang	BD	23.2	67652
Pallabi	BD	23.8	597574
Paltan	BD	23.7	184492
Panchagarh	BD	26.3	48531
Paotana Hat	BD	25.7	45911
Pār Naogaon	BD	24.8	192464
Parbatipur	BD	25.7	48020
Patiya	BD	22.3	51360
Patuakhali	BD	22.4	65000
Phultala	BD	22.7	37985
Pīrgaaj	BD	25.9	34606
Pirojpur	BD	22.6	54418
Puthia	BD	24.4	159406
Rāipur	BD	23.0	64652
Rajshahi	BD	24.4	763580
Rāmganj	BD	23.1	55241
Ramna Maidan	BD	23.7	143677
Rangamati	BD	22.6	106069
Rangpur	BD	25.7	1031388
Raojān	BD	22.5	25708
Saidpur	BD	25.8	199422
Sakhipur	BD	24.3	40869
Sandwīp	BD	22.5	52152
Sarankhola	BD	22.3	36470
Sarishābāri	BD	24.8	81325
Sātkania	BD	22.1	52005
Sātkhira	BD	22.7	128918
Savar	BD	23.8	286008
Shāhbāzpur Town	BD	24.1	29757
Shāhzādpur	BD	24.2	102420
Sherpur	BD	25.0	107419
Shibganj	BD	25.0	378701
Sirajganj	BD	24.5	127481
Sonārgaon	BD	23.6	130000
Srimangal	BD	24.3	23332
Sunāmganj	BD	25.1	74570
Sylhet	BD	24.9	237000
Taluker Char Doani	BD	22.1	24563
Tangail	BD	24.2	180144
Teknāf	BD	20.9	40557
Thākurgaon	BD	26.0	71096
Tungi	BD	23.9	337579
Tungipara	BD	22.9	114482
Uttar Char Fasson	BD	22.2	48305
Aalst	BE	50.9	77534
Aalter	BE	51.1	18802
Aarschot	BE	51.0	27656
Andenne	BE	50.5	24055
Anderlecht	BE	50.8	160553
Ans	BE	50.7	27297
Antwerp	BE	51.2	529247
Arlon	BE	49.7	26179
Asse	BE	50.9	28985
Assebroek	BE	51.2	19772
Ath	BE	50.6	26681
Auderghem	BE	50.8	33984
Balen	BE	51.2	19978
Beerse	BE	51.3	16208
Beersel	BE	50.8	23228
Berchem	BE	51.2	43511
Berchem-Sainte-Agathe	BE	50.9	25162
Beringen	BE	51.0	40930
Bevere	BE	50.8	15311
Beveren	BE	51.2	45179
Bilzen	BE	50.9	29622
Binche	BE	50.4	32030
Blankenberge	BE	51.3	18000
Blauwput	BE	50.9	30215
Boom	BE	51.1	15810
Borgerhout	BE	51.2	46087
Bornem	BE	51.1	19997
Boussu	BE	50.4	20058
Braine-l'Alleud	BE	50.7	37512
Braine-le-Comte	BE	50.6	20133
Brasschaat	BE	51.3	37040
Brugge	BE	51.2	118509
Brussels	BE	50.9	1019022
Charleroi	BE	50.4	200132
Châtelet	BE	50.4	35238
Châtelineau	BE	50.4	17166
Chaudfontaine	BE	50.6	20960
Colfontaine	BE	50.4	19964
Courcelles	BE	50.5	29473
Deinze	BE	51.0	29815
Denderleeuw	BE	50.9	16969
Dendermonde	BE	51.0	45673
Destelbergen	BE	51.1	16853
Deurne	BE	51.2	78747
Diepenbeek	BE	50.9	17699
Diest	BE	51.0	22516
Diksmuide	BE	51.0	15515
Dilbeek	BE	50.8	39482
Dour	BE	50.4	16861
Duffel	BE	51.1	16011
Edegem	BE	51.2	21839
Eeklo	BE	51.2	19116
Ekeren	BE	51.3	23300
Etterbeek	BE	50.8	48344
Eupen	BE	50.6	18029
Evere	BE	50.9	41667
Evergem	BE	51.1	31615
Flémalle-Haute	BE	50.6	25144
Fléron	BE	50.6	15994
Fleurus	BE	50.5	22080
Forest	BE	50.8	56254
Frameries	BE	50.4	20598
Ganshoren	BE	50.9	24859
Geel	BE	51.2	34697
Gembloux	BE	50.6	21676
Genk	BE	51.0	63666
Gent	BE	51.0	265086
Gentbrugge	BE	51.0	15885
Geraardsbergen	BE	50.8	30807
Gilly	BE	50.4	20043
Grimbergen	BE	50.9	37000
Grivegnée	BE	50.6	21057
Haaltert	BE	50.9	17129
Halle	BE	50.7	34479
Hamme	BE	51.1	22891
Harelbeke	BE	50.9	25978
Hasselt	BE	50.9	77651
Heist-op-den-Berg	BE	51.1	37873
Helchteren	BE	51.1	30050
Herent	BE	50.9	19218
Herentals	BE	51.2	25912
Herstal	BE	50.7	36503
Herve	BE	50.6	16544
Herzele	BE	50.9	16523
Heusden	BE	51.0	31017
Heusy	BE	50.6	15420
Heverlee	BE	50.9	23278
Hoboken	BE	51.2	34443
Hoogstraten	BE	51.4	18524
Houthalen	BE	51.0	30050
Huy	BE	50.5	19973
Ieper	BE	50.9	35089
Ixelles	BE	50.8	86671
Izegem	BE	50.9	26382
Jambes	BE	50.5	19658
Jette	BE	50.9	52490
Jumet	BE	50.4	24510
Kalmthout	BE	51.4	17485
Kapellen	BE	51.3	26410
Kasterlee	BE	51.2	17765
Kessel-Lo	BE	50.9	30215
Knokke-Heist	BE	51.4	33781
Koekelberg	BE	50.9	21984
Koersel	BE	51.1	18076
Koksijde	BE	51.1	21957
Kontich	BE	51.1	20290
Kortenberg	BE	50.9	17774
Kortrijk	BE	50.8	73879
La Louvière	BE	50.5	76668
Lanaken	BE	50.9	24771
Lebbeke	BE	51.0	17372
Lede	BE	51.0	16813
Lessines	BE	50.7	17687
Leuven	BE	50.9	101032
Liège	BE	50.6	195278
Lier	BE	51.1	33272
Lille	BE	51.2	15466
Lochristi	BE	51.1	19696
Lokeren	BE	51.1	41438
Lommel	BE	51.2	31993
Louvain-la-Neuve	BE	50.7	29521
Maaseik	BE	51.1	25201
Maasmechelen	BE	51.0	36251
Maldegem	BE	51.2	22092
Manage	BE	50.5	22196
Marche-en-Famenne	BE	50.2	16856
Marchienne-au-Pont	BE	50.4	15154
Marcinelle	BE	50.4	23696
Mariakerke	BE	51.1	17062
Mechelen	BE	51.0	77530
Mechelen-aan-de-Maas	BE	51.0	15374
Meise	BE	50.9	18497
Menen	BE	50.8	31916
Merelbeke	BE	51.0	16684
Merksem	BE	51.2	44435
Middelkerke	BE	51.2	17789
Mol	BE	51.2	32659
Molenbeek-Saint-Jean	BE	50.8	97037
Mons	BE	50.5	95299
Montignies-sur-Sambre	BE	50.4	18765
Morlanwelz-Mariemont	BE	50.5	18233
Mortsel	BE	51.2	24525
Mouscron	BE	50.7	52069
Namur	BE	50.5	110939
Neerpelt	BE	51.2	16122
Nijlen	BE	51.2	20792
Ninove	BE	50.8	34795
Nivelles	BE	50.6	24149
Oostkamp	BE	51.2	21489
Ostend	BE	51.2	69011
Oudenaarde	BE	50.9	31866
Oupeye	BE	50.7	23594
Overijse	BE	50.8	23486
Peer	BE	51.1	15551
Péruwelz	BE	50.5	16647
Pont-à-Celles	BE	50.5	15909
Poperinge	BE	50.9	19537
Putte	BE	51.1	15276
Puurs	BE	51.1	15944
Quaregnon	BE	50.4	18491
Ranst	BE	51.2	17405
Riemst	BE	50.8	15809
Rixensart	BE	50.7	21616
Roeselare	BE	50.9	56016
Ronse	BE	50.7	24204
Rotselaar	BE	51.0	15007
Saint-Ghislain	BE	50.4	22500
Saint-Gilles	BE	50.8	50221
Saint-Josse-ten-Noode	BE	50.9	27366
Saint-Nicolas	BE	50.6	22586
Schaerbeek	BE	50.9	132761
Schilde	BE	51.2	20373
Schoten	BE	51.3	33622
Seraing	BE	50.6	60737
Sint-Amandsberg	BE	51.1	32115
Sint-Andries	BE	51.2	19336
Sint-Genesius-Rode	BE	50.7	17990
Sint-Gillis-Waas	BE	51.2	17658
Sint-Katelijne-Waver	BE	51.1	19487
Sint-Kruis	BE	51.2	16000
Sint-Niklaas	BE	51.2	69010
Sint-Pieters-Leeuw	BE	50.8	30446
Sint-Truiden	BE	50.8	37859
Soignies	BE	50.6	24869
Soumagne	BE	50.6	15237
Stabroek	BE	51.3	17294
Stekene	BE	51.2	16989
Temse	BE	51.1	26054
Tervuren	BE	50.8	20623
Tessenderlo	BE	51.1	16574
Tielt	BE	51.0	19299
Tienen	BE	50.8	31743
Tongeren	BE	50.8	29816
Torhout	BE	51.1	18933
Tournai	BE	50.6	69554
Tubize	BE	50.7	18000
Turnhout	BE	51.3	44000
Uccle	BE	50.8	82929
Verviers	BE	50.6	52824
Vilvoorde	BE	50.9	36955
Visé	BE	50.7	17054
Walcourt	BE	50.3	17501
Waregem	BE	50.9	35896
Waterloo	BE	50.7	29778
Watermael-Boitsfort	BE	50.8	25157
Wavre	BE	50.7	34305
Wervik	BE	50.8	17340
Westerlo	BE	51.1	22579
Wetteren	BE	51.0	22930
Wevelgem	BE	50.8	30954
Willebroek	BE	51.1	22808
Wilrijk	BE	51.2	41403
Woluwe-Saint-Lambert	BE	50.8	56584
Wondelgem	BE	51.1	23546
Zaventem	BE	50.9	28188
Zedelgem	BE	51.1	21968
Zele	BE	51.1	20236
Zemst	BE	51.0	21096
Zolder	BE	51.0	17289
Zonhoven	BE	51.0	19922
Zottegem	BE	50.9	24434
Zwevegem	BE	50.8	23358
Zwijndrecht	BE	51.2	18249
Aribinda	BF	14.2	45818
Bama	BF	12.0	31215
Banfora	BF	10.6	117452
Barogo	BF	12.6	26539
Batié	BF	9.9	17997
Béguédo	BF	11.8	21894
Bittou	BF	11.3	31210
Bobo-Dioulasso	BF	11.2	904920
Bogandé	BF	13.0	21443
Boromo	BF	11.7	20193
Boulsa	BF	12.7	24200
Bourzanga	BF	13.7	27213
Boussé	BF	12.7	25022
Cinkansé	BF	11.1	19815
Dano	BF	11.1	25922
Dédougou	BF	12.5	63617
Diapaga	BF	12.1	15515
Diébougou	BF	11.0	25688
Djibo	BF	14.1	61462
Dori	BF	14.0	46512
Fada N'gourma	BF	12.1	73200
Fara Department	BF	11.5	20434
Gao	BF	11.6	26453
Gaoua	BF	10.3	45284
Garango	BF	11.8	40404
Gayéri	BF	12.6	15170
Gomboussougou	BF	11.4	15336
Gourcy	BF	13.2	40141
Houndé	BF	11.5	87151
Karankasso	BF	11.2	15474
Kaya	BF	13.1	121970
Kindi	BF	12.4	16424
Kokologo	BF	12.2	25958
Kombissiri	BF	12.1	28617
Kompienga	BF	11.1	15024
Kongoussi	BF	13.3	53627
Korsimoro	BF	12.8	18875
Koudougou	BF	12.3	160239
Kouka	BF	13.4	17286
Koupéla	BF	12.2	49372
Léo	BF	11.1	51743
Manga	BF	11.7	28615
Mani	BF	13.3	15066
Mogtédo	BF	12.3	25699
Namponkoré	BF	11.7	16423
Natiaboani	BF	11.7	16640
Niangoloko	BF	10.3	33292
Nioko I	BF	12.4	65263
Nouna	BF	12.7	32428
Orodara	BF	11.0	33422
Ouagadougou	BF	12.4	2415266
Ouahigouya	BF	13.6	124587
Pa	BF	12.7	15170
Pissila	BF	13.2	23420
Pô	BF	11.2	28079
Pouytenga	BF	12.3	96469
Réo	BF	12.3	33894
Saaba	BF	12.4	136011
Sabou	BF	12.1	15060
Saonré	BF	12.3	47728
Sapouy	BF	11.6	26345
Solenzo	BF	12.2	24783
Tenkodogo	BF	11.8	61936
Tita	BF	11.9	16450
Titao	BF	13.8	48241
Tô	BF	11.4	16026
Toma	BF	12.8	15851
Tougan	BF	13.1	26347
Yako	BF	13.0	38679
Yalgo	BF	12.9	26340
Zabré	BF	11.2	21726
Zinguédéssé	BF	12.2	19648
Ziniaré	BF	12.6	33296
Zorgo	BF	12.2	35398
Asenovgrad	BG	42.0	54778
Asparuhovo	BG	43.2	27000
Aytos	BG	42.7	20986
Berkovitsa	BG	43.2	15027
Blagoevgrad	BG	42.0	67810
Botevgrad	BG	42.9	20909
Burgas	BG	42.5	210646
Chirpan	BG	42.2	15109
Dimitrovgrad	BG	42.0	38015
Dobrich	BG	43.6	69434
Dupnitsa	BG	42.3	34764
Gabrovo	BG	42.9	48133
Gorna Oryahovitsa	BG	43.1	32792
Gotse Delchev	BG	41.6	20522
Harmanli	BG	41.9	18931
Haskovo	BG	41.9	64564
Kardzhali	BG	41.6	44071
Karlovo	BG	42.6	30340
Karnobat	BG	42.6	19709
Kazanlak	BG	42.6	47918
Kyustendil	BG	42.3	46856
Lom	BG	43.8	18593
Lovech	BG	43.1	27910
Montana	BG	43.4	47445
Nova Zagora	BG	42.5	23625
Panagyurishte	BG	42.5	19389
Parvomay	BG	42.1	17000
Pazardzhik	BG	42.2	55220
Pernik	BG	42.6	82467
Peshtera	BG	42.0	18676
Petrich	BG	41.4	30722
Pleven	BG	43.4	90209
Plovdiv	BG	42.2	329489
Popovo	BG	43.4	16571
Rakovski	BG	42.3	15782
Razgrad	BG	43.5	28931
Ruse	BG	43.8	121168
Samokov	BG	42.3	26765
Sandanski	BG	41.6	28510
Sevlievo	BG	43.0	24582
Shumen	BG	43.3	72342
Silistra	BG	44.1	29498
Sliven	BG	42.7	83740
Smolyan	BG	41.6	30689
Sofia	BG	42.7	1152556
Stara Zagora	BG	42.4	121582
Svilengrad	BG	41.8	16959
Svishtov	BG	43.6	30157
Targovishte	BG	43.3	34793
Troyan	BG	42.9	21162
Varna	BG	43.2	318737
Veliko Tŭrnovo	BG	43.1	59166
Velingrad	BG	42.0	20286
Vidin	BG	44.0	34797
Vratsa	BG	43.2	49569
Yambol	BG	42.5	63656
Al Muharraq	BH	26.3	176583
Ar Rifā‘	BH	26.1	115495
Dār Kulayb	BH	26.1	65466
Jidd Ḩafş	BH	26.2	66588
Madīnat ‘Īsá	BH	26.2	38090
Madīnat Ḩamad	BH	26.1	133550
Manama	BH	26.2	147074
Sitrah	BH	26.2	72601
Bubanza	BI	-3.1	30996
Bujumbura	BI	-3.4	769317
Cendajuru	BI	-3.3	32458
Cibitoke	BI	-2.9	36959
Gatumba	BI	-3.3	18104
Gitega	BI	-3.4	64904
Karusi	BI	-3.1	15964
Kayanza	BI	-2.9	33682
Kirundo	BI	-2.6	15511
Mpanda	BI	-3.2	58913
Ngozi	BI	-2.9	61716
Rumonge	BI	-4.0	55599
Vyanda	BI	-4.1	29685
Zanandore	BI	-3.3	27867
Abomey	BJ	7.2	117824
Abomey-Calavi	BJ	6.4	385755
Adjaouèrè	BJ	7.0	21968
Adjarra	BJ	6.5	24132
Allada	BJ	6.7	23287
Aplahoué	BJ	6.9	26340
Athiémé	BJ	6.6	15195
Avrankou	BJ	6.6	20326
Banigbé	BJ	6.6	31984
Banikoara	BJ	11.3	37571
Banté	BJ	8.4	17682
Bassila	BJ	9.0	46569
Bembèrèkè	BJ	10.2	31176
Bohicon	BJ	7.2	93744
Boukoumbé	BJ	10.2	22386
Cobly	BJ	10.5	24878
Comé	BJ	6.4	42586
Cotonou	BJ	6.4	679012
Cové	BJ	7.2	43554
Dassa-Zoumè	BJ	7.8	29461
Djakotomé	BJ	6.9	19498
Djidja	BJ	7.3	23781
Djougou	BJ	9.7	94773
Dogbo	BJ	6.8	41341
Ekpé	BJ	6.4	75313
Ganvié	BJ	6.5	20000
Glazoué	BJ	8.0	20036
Godomè	BJ	6.4	253262
Kalalé	BJ	10.3	35513
Kandi	BJ	11.1	56043
Kérou	BJ	10.8	54276
Kétou	BJ	7.4	39626
Klouékanmè	BJ	7.0	23763
Kopargo	BJ	9.8	28605
Kouandé	BJ	6.4	27197
Kpozoun	BJ	7.2	26688
Lokossa	BJ	6.6	47246
Malanville	BJ	11.9	64639
Matéri	BJ	10.7	24490
Missérété	BJ	6.6	41657
Natitingou	BJ	10.3	53284
Ndali	BJ	9.9	23264
Nikki	BJ	9.9	66109
Ouaké	BJ	9.7	17259
Ouessé	BJ	8.5	15658
Ouidah	BJ	6.4	47616
Ouinhi	BJ	7.1	17043
Parakou	BJ	9.3	255478
Péhonko	BJ	10.2	37217
Pèrèrè	BJ	9.8	15927
Pobé	BJ	7.0	49232
Porto-Novo	BJ	6.5	264320
Sakété	BJ	6.7	43541
Savalou	BJ	7.9	38162
Savé	BJ	8.0	31444
Sé	BJ	6.5	26627
Ségbana	BJ	10.9	26440
Semi	BJ	6.4	23636
Sinendé	BJ	10.3	35267
Tanguiéta	BJ	10.6	27094
Tchaourou	BJ	8.9	43862
Tobré	BJ	10.2	16912
Toukountouna	BJ	10.5	16330
Toviklin	BJ	6.9	21617
Zé	BJ	6.8	16903
Zinvié	BJ	6.6	18157
Gustavia	BL	17.9	5988
Hamilton	BM	32.3	902
Bandar Seri Begawan	BN	4.9	64409
Kuala Belait	BN	4.6	31178
Liang	BN	4.7	16813
Mentiri	BN	5.0	39324
Sengkurong	BN	4.9	40972
Serasa	BN	5.0	18569
Tutong	BN	4.8	19151
Achocalla	BO	-16.6	19583
Ascención de Guarayos	BO	-15.9	18816
Bermejo	BO	-22.7	35411
Camiri	BO	-20.0	27961
Caranavi	BO	-15.8	45747
Cobija	BO	-11.0	26585
Cochabamba	BO	-17.4	841276
Colcapirhua	BO	-17.4	52732
Cotoca	BO	-17.8	18347
El Torno	BO	-18.0	15543
Guayaramerín	BO	-10.8	36008
Huanuni	BO	-18.3	15492
La Paz	BO	-16.5	2004652
Laja	BO	-16.5	18023
Llallagua	BO	-18.4	28069
Mizque	BO	-17.9	30481
Montero	BO	-17.3	88616
Oruro	BO	-18.0	208684
Potosí	BO	-19.6	141251
Punata	BO	-17.5	15194
Quillacollo	BO	-17.4	172405
Riberalta	BO	-11.0	99070
Sacaba	BO	-17.4	180726
San Borja	BO	-14.9	24610
San Ignacio de Velasco	BO	-16.4	23569
Santa Cruz de la Sierra	BO	-17.8	1831434
Sipe Sipe	BO	-17.5	47000
Sucre	BO	-19.0	224838
Tarija	BO	-21.5	159269
Tiquipaya	BO	-17.3	62675
Trinidad	BO	-14.8	84259
Tupiza	BO	-21.4	22233
Viacha	BO	-16.6	86218
Villa Yapacaní	BO	-17.4	18187
Villamontes	BO	-21.3	39800
Villazón	BO	-22.1	30253
Vinto	BO	-17.4	58739
Warnes	BO	-17.5	22036
Yacuiba	BO	-22.0	82803
Kralendijk	BQ	12.2	10620
Abadia de Goiás	BR	-16.8	19128
Abaeté	BR	-19.2	22675
Abaetetuba	BR	-1.7	158188
Abaré	BR	-8.7	20347
Abelardo Luz	BR	-26.6	17392
Abreu e Lima	BR	-7.9	104248
Açailândia	BR	-4.9	110611
Acajutiba	BR	-11.7	15187
Acará	BR	-2.0	59023
Acaraú	BR	-2.9	63104
Acari	BR	-22.8	27347
Acopiara	BR	-6.1	54481
Acreúna	BR	-17.4	22079
Açu	BR	-5.6	56496
Adamantina	BR	-21.7	35642
Adustina	BR	-10.5	17126
Afogados da Ingazeira	BR	-7.8	42407
Afonso Cláudio	BR	-20.1	30684
Afrânio	BR	-8.5	19409
Afuá	BR	-0.2	39567
Agrestina	BR	-8.5	24615
Água Azul do Norte	BR	-6.8	27615
Água Boa	BR	-14.1	26204
Água Branca	BR	-9.3	19550
Água Clara	BR	-20.4	16741
Água Preta	BR	-8.7	26981
Agua Rasa	BR	-23.6	85788
Água Rasa	BR	-20.4	80484
Aguaí	BR	-22.1	32888
Águas Belas	BR	-9.1	43822
Águas Claras	BR	-15.8	128486
Águas de Lindóia	BR	-22.5	18245
Águas Formosas	BR	-17.1	18448
Águas Lindas de Goiás	BR	-15.8	245352
Agudo	BR	-29.6	16041
Agudos	BR	-22.5	37680
Aimorés	BR	-19.5	25269
Alagoa Grande	BR	-7.0	26062
Alagoa Nova	BR	-7.1	21013
Alagoinhas	BR	-12.1	161196
Alcântara	BR	-2.4	18467
Alcobaça	BR	-17.5	22490
Aldeias Altas	BR	-4.6	23286
Alegre	BR	-20.8	29177
Alegrete	BR	-29.8	73028
Além Paraíba	BR	-21.9	30717
Alenquer	BR	-1.9	57092
Alexânia	BR	-16.1	27008
Alfenas	BR	-21.4	78970
Alhandra	BR	-7.4	19727
Aliança	BR	-7.6	37372
Almeirim	BR	-1.5	34076
Almenara	BR	-16.2	40364
Almirante Tamandaré	BR	-25.3	119825
Alpinópolis	BR	-20.9	18300
Alta Floresta d'Oeste	BR	-12.0	21494
Altamira	BR	-3.2	138749
Altinho	BR	-8.5	21134
Altinópolis	BR	-21.0	17156
Alto Alegre	BR	2.9	21096
Alto Alegre do Maranhão	BR	-4.2	24048
Alto Alegre do Pindaré	BR	-3.7	31943
Alto Araguaia	BR	-17.3	17657
Alto De Pinheiros	BR	-23.5	37359
Alto Paraíso	BR	-9.7	16320
Altônia	BR	-23.9	18742
Altos	BR	-5.0	47453
Alumínio	BR	-23.5	17591
Alvarães	BR	-3.2	16670
Álvares Machado	BR	-22.1	28250
Alvinópolis	BR	-20.1	15059
Alvorada	BR	-30.0	187315
Amambai	BR	-23.1	39325
Amaraji	BR	-8.4	18335
Amarante	BR	-6.2	17234
Amarante do Maranhão	BR	-5.6	41729
Amargosa	BR	-13.0	36521
Amélia Rodrigues	BR	-12.4	24138
América Dourada	BR	-11.5	15137
Americana	BR	-22.7	246655
Américo Brasiliense	BR	-21.7	33757
Amontada	BR	-3.4	43829
Amparo	BR	-22.7	68008
Ampére	BR	-25.9	19620
Anadia	BR	-9.7	17526
Anagé	BR	-14.6	21607
Anajás	BR	-1.0	29688
Anajatuba	BR	-3.3	25322
Ananindeua	BR	-1.4	535547
Anápolis	BR	-16.3	319587
Anapu	BR	-3.5	28607
Anastácio	BR	-20.5	24114
Anchieta	BR	-20.8	29984
Andirá	BR	-23.1	19878
Andorinha	BR	-10.3	15012
Andradas	BR	-22.1	57202
Andradina	BR	-20.9	57202
Angatuba	BR	-23.5	24512
Angra dos Reis	BR	-23.0	179120
Anhanguera	BR	-23.4	75360
Anicuns	BR	-16.5	18503
Anori	BR	-3.8	17932
Antonina	BR	-25.4	18949
Aparecida	BR	-22.8	36185
Aparecida de Goiânia	BR	-16.8	527796
Aparecida do Taboado	BR	-20.1	27674
Apiaí	BR	-24.5	24886
Apicum-Açu	BR	-1.5	17519
Apodi	BR	-5.7	36093
Aporá	BR	-11.7	17788
Apucarana	BR	-23.6	134910
Apuí	BR	-7.2	22359
Aquidabã	BR	-10.3	21681
Aquidauana	BR	-20.5	48561
Aquiraz	BR	-3.9	65116
Araçagi	BR	-6.9	16646
Aracaju	BR	-10.9	664908
Araçariguama	BR	-23.4	22168
Aracati	BR	-4.6	44293
Araçatuba	BR	-21.2	208415
Araci	BR	-11.3	48294
Aracoiaba	BR	-4.4	25553
Araçoiaba	BR	-7.8	19936
Araçoiaba da Serra	BR	-23.5	33656
Aracruz	BR	-19.8	94765
Araçuaí	BR	-16.8	36712
Aragarças	BR	-15.9	20273
Araguaína	BR	-7.2	183024
Araguari	BR	-18.6	117808
Araguatins	BR	-5.7	33205
Araioses	BR	-2.9	39052
Arame	BR	-4.9	25517
Arapiraca	BR	-9.8	243906
Arapongas	BR	-23.4	124838
Arapoti	BR	-24.2	28300
Araquari	BR	-26.4	39524
Araranguá	BR	-28.9	71922
Araraquara	BR	-21.8	168468
Araras	BR	-22.4	135744
Arari	BR	-3.5	29932
Araripe	BR	-7.2	19783
Araripina	BR	-7.6	90504
Araruama	BR	-22.9	137906
Araruna	BR	-6.6	17189
Araucária	BR	-25.6	162247
Araxá	BR	-19.6	118786
Arcos	BR	-20.3	43653
Arcoverde	BR	-8.4	82487
Areia	BR	-7.0	22633
Areia Branca	BR	-5.0	24093
Aricanduva	BR	-23.6	89574
Arinos	BR	-15.9	17272
Aripuanã	BR	-10.2	22714
Ariquemes	BR	-9.9	96833
Armação dos Búzios	BR	-22.7	42442
Aroeiras	BR	-7.5	18705
Arraial do Cabo	BR	-23.0	32794
Arroio do Meio	BR	-29.4	21958
Arroio Grande	BR	-32.2	17558
Artur Alvim	BR	-23.5	104864
Artur Nogueira	BR	-22.6	55340
Arujá	BR	-23.4	91157
Assaré	BR	-6.9	23478
Assis	BR	-22.7	104858
Assis Chateaubriand	BR	-24.4	33340
Astorga	BR	-23.2	26209
Atalaia	BR	-9.5	47365
Atalaia do Norte	BR	-4.4	15892
Atibaia	BR	-23.1	158647
Augusto Corrêa	BR	-1.0	46471
Aurora	BR	-6.9	23714
Aurora do Pará	BR	-2.1	31773
Autazes	BR	-3.6	40290
Avaré	BR	-23.1	92805
Aveiro	BR	-3.6	16404
Bacabal	BR	-4.2	107755
Bacabeira	BR	-3.0	16966
Bacuri	BR	-1.7	18654
Bady Bassitt	BR	-20.9	27260
Baependi	BR	-22.0	18366
Bagé	BR	-31.3	121335
Bagre	BR	-1.9	31325
Baião	BR	-2.8	48459
Bairro da Penha	BR	-23.4	117691
Bairro Parque Nossa Senhora do Carmo	BR	-23.4	69630
Baixa Grande	BR	-12.0	18220
Baixo Guandu	BR	-19.5	30674
Balneário Arroio do Silva	BR	-29.0	15820
Balneário Camboriú	BR	-27.0	139155
Balneário Gaivota	BR	-29.2	15669
Balneário Piçarras	BR	-26.8	27127
Balneário Rincão	BR	-28.8	15981
Balsas	BR	-7.5	105974
Bambuí	BR	-20.0	23546
Banabuiú	BR	-5.3	17195
Bananeiras	BR	-6.8	21269
Bandeirantes	BR	-23.1	31273
Barão de Cocais	BR	-19.9	30778
Barão de Grajaú	BR	-6.8	18984
Baraúna	BR	-5.1	26913
Barbacena	BR	-21.2	125317
Barbalha	BR	-7.3	61228
Barcarena	BR	-1.5	139076
Barcelos	BR	-1.0	27638
Bariri	BR	-22.1	31595
Barra	BR	-11.1	53910
Barra Bonita	BR	-22.5	34346
Barra da Estiva	BR	-13.6	20392
Barra da Tijuca	BR	-23.0	421438
Barra de Santa Rosa	BR	-6.7	15497
Barra de Santo Antônio	BR	-9.4	16735
Barra de São Francisco	BR	-18.8	42498
Barra do Bugres	BR	-15.1	29576
Barra do Choça	BR	-14.9	31209
Barra do Corda	BR	-5.5	88492
Barra do Garças	BR	-15.9	61135
Barra do Piraí	BR	-22.5	100764
Barra dos Coqueiros	BR	-10.9	41511
Barra Funda	BR	-23.5	33436
Barra Mansa	BR	-22.5	181679
Barra Velha	BR	-26.6	45369
Barras	BR	-4.2	47938
Barreira	BR	-4.3	22573
Barreiras	BR	-12.2	171634
Barreirinha	BR	-2.8	33722
Barreirinhas	BR	-2.8	65589
Barreiro do Jaíba	BR	-15.6	18167
Barreiros	BR	-8.8	42083
Barretos	BR	-20.6	126957
Barrinha	BR	-21.2	32092
Barro	BR	-7.2	22758
Barrocas	BR	-11.5	15203
Barroso	BR	-21.2	20080
Barueri	BR	-23.5	316473
Bastos	BR	-21.9	21503
Bataguassu	BR	-21.7	23031
Batalha	BR	-4.0	26300
Batatais	BR	-20.9	58402
Baturité	BR	-4.3	35218
Bauru	BR	-22.3	392947
Bayeux	BR	-7.1	97203
Bebedouro	BR	-20.9	76373
Beberibe	BR	-4.2	53949
Bela Cruz	BR	-3.1	32722
Bela Vista	BR	-23.6	60024
Bela Vista de Goiás	BR	-17.0	34445
Bela Vista do Paraíso	BR	-23.0	15399
Belem	BR	-23.5	55785
Belém	BR	-1.5	1499641
Belém de São Francisco	BR	-8.8	18713
Belford Roxo	BR	-22.8	518384
Belmonte	BR	-15.9	20121
Belo Campo	BR	-15.0	17109
Belo Horizonte	BR	-19.9	2721564
Belo Jardim	BR	-8.3	84033
Belo Oriente	BR	-19.2	23928
Belterra	BR	-2.6	17839
Benevides	BR	-1.4	63567
Benjamin Constant	BR	-4.4	43935
Bento Gonçalves	BR	-29.2	127977
Bequimão	BR	-2.4	21299
Bertioga	BR	-23.9	64723
Beruri	BR	-3.9	20093
Betim	BR	-20.0	384000
Bezerros	BR	-8.2	65007
Biguaçu	BR	-27.5	69486
Birigui	BR	-21.3	123340
Biritiba Mirim	BR	-23.6	29683
Biritinga	BR	-11.6	15146
Bituruna	BR	-26.2	16400
Blumenau	BR	-26.9	361261
Boa Esperança	BR	-21.1	39848
Boa Viagem	BR	-5.1	54577
Boa Vista	BR	2.8	419652
Boa Vista do Tupim	BR	-12.7	16873
Boca da Mata	BR	-9.6	21517
Boca do Acre	BR	-8.8	34635
Bocaiúva	BR	-17.1	48032
Bodocó	BR	-7.8	36145
Boituva	BR	-23.3	62170
Bom Conselho	BR	-9.2	46202
Bom Despacho	BR	-19.7	54377
Bom Jardim	BR	-7.8	39289
Bom Jesus	BR	-9.1	25387
Bom Jesus da Lapa	BR	-13.3	65550
Bom Jesus das Selvas	BR	-4.5	28599
Bom Jesus de Goiás	BR	-18.2	23958
Bom Jesus do Itabapoana	BR	-21.1	37172
Bom Jesus do Tocantins	BR	-5.1	17118
Bom Jesus dos Perdões	BR	-23.1	22006
Bom Retiro	BR	-23.5	33520
Bom Sucesso	BR	-21.0	17151
Bombinhas	BR	-27.2	20335
Bonito	BR	-8.5	39212
Boqueirão	BR	-7.5	17598
Boquim	BR	-11.1	24636
Boquira	BR	-12.8	21497
Borba	BR	-4.4	41748
Borda da Mata	BR	-22.3	17404
Bosque Saúde	BR	-23.6	128469
Botafogo	BR	-23.0	82890
Botucatu	BR	-22.9	145155
Braço do Norte	BR	-28.3	33773
Bragança	BR	-1.1	132489
Bragança Paulista	BR	-23.0	176811
Brás	BR	-23.6	38750
Brasil Novo	BR	-3.3	24718
Brasilandia	BR	-23.4	243273
Brasilândia de Minas	BR	-17.0	15020
Brasiléia	BR	-11.0	26702
Brasília	BR	-15.8	2207718
Brasília de Minas	BR	-16.2	32025
Brasnorte	BR	-12.1	17496
Brazlândia	BR	-15.7	55561
Brejo	BR	-3.7	36651
Brejo da Madre de Deus	BR	-8.1	51308
Brejo Santo	BR	-7.5	49842
Breu Branco	BR	-4.0	67332
Breves	BR	-1.7	116058
Brodowski	BR	-21.0	25201
Brotas	BR	-22.3	23898
Brumadinho	BR	-20.1	38915
Brumado	BR	-14.2	70268
Brusque	BR	-27.1	155307
Buerarema	BR	-15.0	18269
Buíque	BR	-8.6	53489
Bujaru	BR	-1.5	29427
Buri	BR	-23.8	20250
Buritama	BR	-21.1	17210
Buriti	BR	-3.9	30799
Buriti Bravo	BR	-5.8	22455
Buriti dos Lopes	BR	-3.2	19654
Buriticupu	BR	-4.3	55499
Buritirama	BR	-10.7	21276
Buritis	BR	-10.2	40356
Buritizeiro	BR	-17.4	23910
Butanta	BR	-23.6	123748
Butiá	BR	-30.1	20952
Caaporã	BR	-7.5	21955
Caarapó	BR	-22.6	30612
Cabaceiras do Paraguaçu	BR	-12.5	18911
Cabedelo	BR	-7.0	68767
Cabo de Santo Agostinho	BR	-8.3	216969
Cabo Frio	BR	-22.9	238438
Cabreúva	BR	-23.3	47011
Cabrobó	BR	-8.5	31762
Caçador	BR	-26.8	79313
Caçapava	BR	-23.1	100071
Caçapava do Sul	BR	-30.5	33548
Cáceres	BR	-16.1	89681
Cachoeira	BR	-12.6	33567
Cachoeira do Arari	BR	-1.0	24064
Cachoeira do Piriá	BR	-1.8	19630
Cachoeira do Sul	BR	-30.0	80070
Cachoeira Paulista	BR	-22.7	31564
Cachoeiras de Macacu	BR	-22.5	59303
Cachoeirinha	BR	-23.5	143366
Cachoeiro de Itapemirim	BR	-20.8	198342
Cacimba de Dentro	BR	-6.6	17178
Cacoal	BR	-11.4	85893
Caconde	BR	-21.5	17101
Caculé	BR	-14.5	22462
Caeté	BR	-19.9	38776
Caetés	BR	-8.8	30571
Caetité	BR	-14.1	52012
Cafarnaum	BR	-11.7	18513
Cafelândia	BR	-24.6	18456
Caiapônia	BR	-17.0	19107
Caicó	BR	-6.5	61146
Caieiras	BR	-23.4	102775
Cairu	BR	-13.5	17761
Cajamar	BR	-23.4	92689
Cajari	BR	-3.3	16412
Cajati	BR	-24.7	28515
Cajazeiras	BR	-6.9	63239
Cajueiro	BR	-9.4	16024
Cajuru	BR	-21.3	23830
Caldas Novas	BR	-17.7	98622
Camacan	BR	-15.4	22579
Camaçari	BR	-12.7	321636
Camamu	BR	-13.9	35382
Camanducaia	BR	-22.8	26097
Camaquã	BR	-30.9	66478
Camaragibe	BR	-8.0	160318
Cambará	BR	-23.0	23212
Cambé	BR	-23.3	110923
Camboriú	BR	-27.0	117324
Cambuci	BR	-23.6	45163
Cambuí	BR	-22.6	29536
Cametá	BR	-2.2	134184
Camocim	BR	-2.9	63907
Camocim de São Félix	BR	-8.4	18018
Campanha	BR	-21.8	15935
Campestre	BR	-21.7	20696
Campina Grande	BR	-7.2	443911
Campina Grande do Sul	BR	-25.3	43685
Campina Verde	BR	-19.5	18011
Campinápolis	BR	-14.5	15713
Campinas	BR	-22.9	1031554
Campo Alegre	BR	-9.8	32106
Campo Alegre de Lourdes	BR	-9.5	30671
Campo Belo	BR	-23.6	71058
Campo Bom	BR	-29.7	62886
Campo do Brito	BR	-10.7	18149
Campo Formoso	BR	-10.5	71487
Campo Grande	BR	-20.4	906092
Campo Largo	BR	-25.5	144504
Campo Limpo	BR	-23.6	236162
Campo Limpo Paulista	BR	-23.2	77632
Campo Magro	BR	-25.4	29740
Campo Maior	BR	-4.8	46893
Campo Mourão	BR	-24.0	104122
Campo Novo do Parecis	BR	-13.7	36143
Campo Verde	BR	-15.5	45740
Campos Belos	BR	-13.0	18108
Campos do Jordão	BR	-22.7	52405
Campos dos Goytacazes	BR	-21.8	483540
Campos Gerais	BR	-21.2	26105
Campos Novos	BR	-27.4	36932
Campos Sales	BR	-7.1	27470
Canaã dos Carajás	BR	-6.5	38103
Canapi	BR	-9.1	15559
Canarana	BR	-11.7	26325
Canavieiras	BR	-15.7	32683
Candeias	BR	-12.7	72382
Candeias do Jamari	BR	-8.8	22310
Candelária	BR	-29.7	28906
Cândido Mendes	BR	-1.5	19932
Cândido Mota	BR	-22.7	29449
Cândido Sales	BR	-15.5	25247
Canela	BR	-29.4	45488
Cangaiba	BR	-23.5	141172
Canguaretama	BR	-6.4	29668
Canguçu	BR	-31.4	56370
Canhotinho	BR	-8.9	25103
Canindé	BR	-4.4	77244
Canindé de São Francisco	BR	-9.7	26834
Canoas	BR	-29.9	328291
Canoinhas	BR	-26.2	55016
Cansanção	BR	-10.7	37439
Cantá	BR	2.6	18682
Cantagalo	BR	-22.0	19996
Cantanhede	BR	-3.6	22117
Canto do Buriti	BR	-8.1	19365
Canudos	BR	-9.9	16105
Canutama	BR	-6.5	15807
Capanema	BR	-1.2	70394
Capão Bonito	BR	-24.0	46337
Capão da Canoa	BR	-29.7	63594
Capão do Leão	BR	-31.8	25409
Capao Redondo	BR	-23.7	270767
Capela	BR	-10.5	34514
Capela do Alto	BR	-23.5	22866
Capelinha	BR	-17.7	39626
Capim Grosso	BR	-11.4	33235
Capinzal	BR	-27.3	23314
Capistrano	BR	-4.5	17786
Capitão Poço	BR	-1.7	56506
Capivari	BR	-23.0	50068
Capivari de Baixo	BR	-28.4	23975
Capoeiras	BR	-8.7	18854
Caracaraí	BR	1.8	20957
Caraguatatuba	BR	-23.6	123389
Caraí	BR	-17.2	19548
Carambeí	BR	-25.0	23825
Carandaí	BR	-21.0	23812
Carangola	BR	-20.7	31240
Carapicuíba	BR	-23.5	386984
Caratinga	BR	-19.8	90687
Carauari	BR	-4.9	28508
Caraúbas	BR	-5.8	19727
Carazinho	BR	-28.3	62265
Careiro	BR	-3.8	32442
Careiro da Várzea	BR	-3.2	30846
Cariacica	BR	-20.3	376200
Caridade	BR	-4.2	16377
Carinhanha	BR	-14.3	28869
Carira	BR	-10.4	22239
Cariré	BR	-4.0	17632
Caririaçu	BR	-7.0	26987
Cariús	BR	-6.5	18699
Carlos Barbosa	BR	-29.3	30420
Carlos Chagas	BR	-17.7	18615
Carmo	BR	-21.9	17740
Carmo do Cajuru	BR	-20.2	23479
Carmo do Paranaíba	BR	-19.0	29011
Carmo do Rio Claro	BR	-21.0	20954
Carmópolis	BR	-10.6	16937
Carmópolis de Minas	BR	-20.5	18003
Carnaíba	BR	-7.8	19533
Carnaubal	BR	-4.2	17210
Carolina	BR	-7.3	24165
Carpina	BR	-7.9	83205
Carrao	BR	-23.6	84397
Caruaru	BR	-8.3	402290
Carutapera	BR	-1.2	24238
Casa Branca	BR	-21.8	28083
Casa Nova	BR	-9.2	72086
Casa Verde	BR	-23.5	80536
Cascavel	BR	-25.0	368195
Casimiro de Abreu	BR	-22.5	46110
Cássia	BR	-20.6	17155
Cassilândia	BR	-19.1	20988
Castanhal	BR	-1.3	192256
Castelo	BR	-20.6	36930
Castelo do Piauí	BR	-5.3	19715
Castilho	BR	-20.9	19977
Castro	BR	-24.8	71809
Castro Alves	BR	-12.8	24712
Cataguases	BR	-21.4	66261
Catalão	BR	-18.2	114427
Catanduva	BR	-21.1	119275
Catarina	BR	-6.1	20871
Catende	BR	-8.7	33086
Catete	BR	-22.9	22295
Catolé do Rocha	BR	-6.3	30684
Catu	BR	-12.4	48148
Caucaia	BR	-3.7	378406
Caxambu	BR	-22.0	21056
Caxias	BR	-4.9	163546
Caxias do Sul	BR	-29.2	479599
Ceará-Mirim	BR	-5.6	79115
Cedro	BR	-6.6	22344
Ceilândia	BR	-15.8	287023
Central	BR	-11.1	16348
Centro Novo do Maranhão	BR	-2.1	16267
Cerejeiras	BR	-13.2	15890
Ceres	BR	-15.3	22046
Cerqueira César	BR	-23.0	21469
Cerquilho	BR	-23.2	44695
Cerro Azul	BR	-24.8	17833
Cesário Lange	BR	-23.2	19048
Chã Grande	BR	-8.2	21258
Chapada dos Guimarães	BR	-15.5	19374
Chapadão do Sul	BR	-18.8	30993
Chapadinha	BR	-3.7	80195
Chapecó	BR	-27.1	282648
Charqueada	BR	-22.5	15535
Charqueadas	BR	-30.0	35012
Chaves	BR	-0.2	23948
Chopinzinho	BR	-25.9	19167
Chorozinho	BR	-4.3	20274
Cianorte	BR	-23.7	83816
Cícero Dantas	BR	-10.6	32576
Cidade Ademar	BR	-23.7	249218
Cidade Dutra	BR	-23.7	182459
Cidade Lider	BR	-23.6	136660
Cidade Ocidental	BR	-16.1	91767
Cidade Tiradentes	BR	-23.6	192177
Cidreira	BR	-30.2	17071
Cipó	BR	-11.1	17230
Cláudio	BR	-20.4	30159
Clevelândia	BR	-26.4	16450
Coaraci	BR	-14.6	16549
Coari	BR	-4.1	85910
Cocal	BR	-3.5	28212
Cocal do Sul	BR	-28.6	17240
Cocalzinho de Goiás	BR	-15.8	20504
Cocos	BR	-14.2	18807
Codajás	BR	-3.8	29168
Codó	BR	-4.5	114275
Coelho Neto	BR	-4.3	49621
Colatina	BR	-19.5	129301
Colíder	BR	-10.8	33649
Colina	BR	-20.7	18486
Colinas	BR	-6.0	41312
Colinas do Tocantins	BR	-8.1	35957
Colniza	BR	-9.4	39861
Colombo	BR	-25.3	232212
Colônia Leopoldina	BR	-8.9	15949
Colorado	BR	-22.8	24145
Colorado do Oeste	BR	-13.1	15663
Comodoro	BR	-13.7	18461
Conceição	BR	-7.6	19007
Conceição da Barra	BR	-18.6	27458
Conceição da Feira	BR	-12.5	20800
Conceição das Alagoas	BR	-19.9	28381
Conceição de Macabu	BR	-22.1	21769
Conceição do Almeida	BR	-12.8	15794
Conceição do Araguaia	BR	-8.3	47991
Conceição do Coité	BR	-11.6	67825
Conceição do Jacuípe	BR	-12.3	35308
Conceição do Mato Dentro	BR	-19.0	23163
Conchal	BR	-22.3	28101
Conchas	BR	-23.0	15232
Concórdia	BR	-27.2	75167
Concórdia do Pará	BR	-2.0	33781
Condado	BR	-7.6	15441
Conde	BR	-11.8	26035
Condeúba	BR	-14.9	17178
Confresa	BR	-10.6	31510
Congonhas	BR	-20.5	52890
Conselheiro Lafaiete	BR	-20.7	138946
Conselheiro Pena	BR	-19.2	20824
Consolação	BR	-23.6	53249
Contagem	BR	-19.9	627123
Contenda	BR	-25.7	19128
Copacabana	BR	-23.0	128919
Coração de Jesus	BR	-16.7	25377
Coração de Maria	BR	-12.2	26692
Corbélia	BR	-24.8	17117
Cordeiro	BR	-22.0	21444
Cordeirópolis	BR	-22.5	24514
Cordovil	BR	-22.8	45202
Coreaú	BR	-3.6	23239
Coremas	BR	-7.0	15441
Corinto	BR	-18.4	23532
Cornélio Procópio	BR	-23.2	47842
Coroatá	BR	-4.1	65544
Coromandel	BR	-18.5	28894
Coronel Fabriciano	BR	-19.5	108708
Coronel João Sá	BR	-10.3	15717
Coronel Vivida	BR	-26.0	20580
Correia Pinto	BR	-27.6	15727
Corrente	BR	-10.4	27278
Correntes	BR	-9.1	17660
Correntina	BR	-13.3	32457
Corumbá	BR	-19.0	98751
Corupá	BR	-26.4	15267
Coruripe	BR	-10.1	57294
Cosmópolis	BR	-22.6	73474
Costa Rica	BR	-18.5	26037
Cotia	BR	-23.6	253608
Coxim	BR	-18.5	32151
Craíbas	BR	-9.6	26115
Crateús	BR	-5.2	75159
Crato	BR	-7.2	139027
Cravinhos	BR	-21.3	33281
Criciúma	BR	-28.7	227438
Crisópolis	BR	-11.5	21163
Cristalina	BR	-16.8	60210
Cristinápolis	BR	-11.5	18029
Crixás	BR	-14.5	17065
Croatá	BR	-4.4	18133
Cruz Alta	BR	-28.6	58913
Cruz das Almas	BR	-12.7	60348
Cruz do Espírito Santo	BR	-7.1	17461
Cruz Machado	BR	-26.0	18741
Cruzeiro	BR	-22.6	82571
Cruzeiro do Oeste	BR	-23.8	23831
Cruzeiro do Sul	BR	-7.6	89072
Cruzília	BR	-21.8	15362
Cubatão	BR	-23.9	114870
Cuiabá	BR	-15.6	618124
Cuité	BR	-6.5	20334
Cumaru	BR	-8.0	16252
Cumaru do Norte	BR	-7.8	22359
Cunha	BR	-23.1	22110
Cupira	BR	-8.6	24301
Curaçá	BR	-9.0	34180
Curionópolis	BR	-6.1	17846
Curitiba	BR	-25.4	1948626
Curitibanos	BR	-27.3	40045
Currais Novos	BR	-6.3	44905
Curralinho	BR	-1.8	34994
Cursino	BR	-23.6	103171
Curuçá	BR	-0.7	41262
Cururupu	BR	-1.8	31558
Curvelo	BR	-18.8	80665
Custódia	BR	-8.1	39609
Delmiro Gouveia	BR	-9.4	52809
Demerval Lobão	BR	-5.4	16352
Descalvado	BR	-21.9	31756
Diadema	BR	-23.7	403579
Diamantina	BR	-18.2	47702
Diamantino	BR	-14.4	22479
Dianópolis	BR	-11.6	22424
Dias d'Ávila	BR	-12.6	71485
Dionísio Cerqueira	BR	-26.3	15008
Divino	BR	-20.6	20706
Divinópolis	BR	-20.1	231091
Dois Córregos	BR	-22.4	24510
Dois Irmãos	BR	-29.6	30709
Dois Vizinhos	BR	-25.7	44869
Dom Eliseu	BR	-4.3	62322
Dom Feliciano	BR	-30.7	15487
Dom Pedrito	BR	-31.0	36981
Dom Pedro	BR	-5.0	23053
Domingos Martins	BR	-20.4	35416
Dormentes	BR	-8.4	17850
Dourados	BR	-22.2	264017
Dracena	BR	-21.5	45847
Duque de Caxias	BR	-22.8	866347
Ecoporanga	BR	-18.4	21992
Eirunepé	BR	-6.7	35700
Eldorado do Sul	BR	-30.1	41902
Eldorado dos Carajás	BR	-6.1	33940
Elias Fausto	BR	-23.0	17699
Elói Mendes	BR	-21.6	26336
Embu das Artes	BR	-23.6	259788
Embu-Guaçu	BR	-23.8	66970
Encantado	BR	-29.2	22962
Encruzilhada	BR	-15.5	19107
Encruzilhada do Sul	BR	-30.5	25960
Engenheiro Coelho	BR	-22.5	19566
Entre Rios	BR	-11.9	38098
Epitaciolândia	BR	-11.0	18757
Erechim	BR	-27.6	96087
Ermelino Matarazzo	BR	-23.5	112333
Ervália	BR	-20.8	20255
Escada	BR	-8.4	62174
Esmeraldas	BR	-19.8	85598
Espera Feliz	BR	-20.7	24102
Esperança	BR	-7.0	31231
Esperantina	BR	-3.9	40970
Esperantinópolis	BR	-4.9	18311
Espigão dOeste	BR	-11.5	29414
Espinosa	BR	-14.9	30443
Espírito Santo do Pinhal	BR	-22.2	39816
Esplanada	BR	-11.8	37578
Espumoso	BR	-28.7	15594
Estácio	BR	-22.9	23260
Estância	BR	-11.3	65078
Estância Velha	BR	-29.6	50672
Esteio	BR	-29.9	76137
Estreito	BR	-6.6	33294
Estrela	BR	-29.5	32183
Estrela de Alagoas	BR	-9.4	15701
Euclides da Cunha	BR	-10.5	61456
Eunápolis	BR	-16.4	121067
Eusébio	BR	-3.9	74170
Extrema	BR	-22.9	53482
Extremoz	BR	-5.7	61635
Exu	BR	-7.5	33436
Farias Brito	BR	-6.9	18217
Farroupilha	BR	-29.2	70286
Fartura	BR	-23.4	16641
Fátima	BR	-10.6	17895
Fátima do Sul	BR	-22.4	20609
Faxinal	BR	-24.0	16389
Fazenda Rio Grande	BR	-25.7	148873
Feijó	BR	-8.2	35426
Feira de Santana	BR	-12.3	616272
Feira Grande	BR	-9.9	23191
Feira Nova	BR	-8.0	22169
Fernandópolis	BR	-20.3	71186
Ferraz de Vasconcelos	BR	-23.5	179198
Ferreiros	BR	-7.4	15955
Filadélfia	BR	-10.7	17897
Flores	BR	-7.9	20835
Flores da Cunha	BR	-29.0	31063
Floresta	BR	-8.6	31627
Floresta do Araguaia	BR	-7.6	20525
Floriano	BR	-6.8	62036
Florianópolis	BR	-27.6	508826
Fonte Boa	BR	-2.5	16060
Formiga	BR	-20.5	68248
Formosa	BR	-15.5	115901
Formosa da Serra Negra	BR	-6.4	17719
Formosa do Rio Preto	BR	-11.0	25857
Formoso do Araguaia	BR	-11.8	18399
Forquilha	BR	-3.8	24173
Forquilhinha	BR	-28.7	27211
Fortaleza	BR	-3.7	2400000
Fortim	BR	-4.5	16631
Fortuna	BR	-5.7	15567
Foz do Iguaçu	BR	-25.5	297352
Fraiburgo	BR	-27.0	36584
Franca	BR	-20.5	365494
Francisco Beltrão	BR	-26.1	102312
Francisco Morato	BR	-23.3	165139
Francisco Sá	BR	-16.5	23476
Franco da Rocha	BR	-23.3	144849
Frederico Westphalen	BR	-27.4	31498
Freguesia	BR	-22.8	19437
Freguesia do Ó	BR	-23.5	137240
Freguesia do Ribeirao da Ilha	BR	-27.7	21000
Frutal	BR	-20.0	58588
Fundão	BR	-19.9	18014
Gama	BR	-16.0	139467
Gameleira	BR	-8.6	17583
Gandu	BR	-13.7	32178
Garanhuns	BR	-8.9	151803
Garça	BR	-22.2	42110
Garibaldi	BR	-29.3	35440
Garopaba	BR	-28.0	23579
Garrafão do Norte	BR	-1.9	26111
Garuva	BR	-26.0	18545
Gaspar	BR	-26.9	73053
Getúlio Vargas	BR	-27.9	16602
Girau do Ponciano	BR	-9.9	36102
Giruá	BR	-28.0	16013
Glória	BR	-9.3	15234
Glória do Goitá	BR	-8.0	30370
Goiana	BR	-7.6	85160
Goianésia	BR	-15.3	73707
Goianésia do Pará	BR	-3.8	41081
Goiânia	BR	-16.7	1536097
Goianinha	BR	-6.3	26741
Goianira	BR	-16.5	45296
Goiás	BR	-15.9	22381
Goiatuba	BR	-18.0	34202
Goioerê	BR	-24.2	28437
Governador Celso Ramos	BR	-27.3	16915
Governador Edison Lobão	BR	-5.7	18411
Governador Mangabeira	BR	-12.6	20605
Governador Nunes Freire	BR	-2.1	23128
Governador Valadares	BR	-18.9	266561
Grajaú	BR	-23.8	384873
Gramado	BR	-29.4	40134
Granja	BR	-3.1	54962
Gravatá	BR	-8.2	92429
Gravataí	BR	-29.9	265074
Guabiruba	BR	-27.1	24543
Guaçuí	BR	-20.8	29358
Guaianases	BR	-23.5	109316
Guaíba	BR	-30.1	98239
Guaíra	BR	-20.3	39279
Guaiúba	BR	-4.0	26290
Guajará	BR	-7.5	16937
Guajará Mirim	BR	-10.8	46556
Guamaré	BR	-5.1	15295
Guanambi	BR	-14.2	84928
Guanhães	BR	-18.8	32244
Guapiaçu	BR	-20.8	21711
Guapiara	BR	-24.2	17071
Guapimirim	BR	-22.5	54300
Guaporé	BR	-28.8	25268
Guará	BR	-15.8	125703
Guarabira	BR	-6.9	57484
Guaraciaba do Norte	BR	-4.2	42053
Guaraí	BR	-8.8	25681
Guaramirim	BR	-26.5	45797
Guaranésia	BR	-21.3	19150
Guarantã do Norte	BR	-10.0	31328
Guarapari	BR	-20.7	136311
Guarapuava	BR	-25.4	189630
Guararapes	BR	-21.3	31043
Guararema	BR	-23.4	31236
Guaratinga	BR	-16.6	19049
Guaratinguetá	BR	-22.8	118044
Guaratuba	BR	-25.9	34100
Guareí	BR	-23.4	15013
Guariba	BR	-21.4	37498
Guarujá	BR	-24.0	294871
Guarulhos	BR	-23.5	1345364
Guaxupé	BR	-21.3	52078
Gurupá	BR	-1.4	33755
Gurupi	BR	-11.7	87545
Herval dOeste	BR	-27.2	21724
Hidrolândia	BR	-17.0	22124
Holambra	BR	-22.6	15094
Horizonte	BR	-4.1	70983
Horizontina	BR	-27.6	19389
Hortolândia	BR	-22.9	236641
Humaitá	BR	-7.5	56144
Humberto de Campos	BR	-2.6	28932
Iaçu	BR	-12.8	24607
Iati	BR	-9.0	17605
Ibaiti	BR	-23.8	31644
Ibaté	BR	-22.0	32178
Ibatiba	BR	-20.2	25380
Ibiá	BR	-19.5	22229
Ibiapina	BR	-3.9	23965
Ibicaraí	BR	-14.9	21378
Ibicoara	BR	-13.4	19786
Ibicuí	BR	-14.8	16230
Ibimirim	BR	-8.5	28825
Ibipeba	BR	-11.6	18319
Ibiporã	BR	-23.3	51603
Ibirama	BR	-27.1	19862
Ibirapitanga	BR	-14.2	23404
Ibirité	BR	-20.0	179582
Ibirubá	BR	-28.6	21583
Ibitiara	BR	-12.7	16403
Ibitinga	BR	-21.8	60600
Ibititá	BR	-11.5	17080
Ibiúna	BR	-23.7	75605
Ibotirama	BR	-12.2	27003
Icapuí	BR	-4.7	21433
Içara	BR	-28.7	57247
Icatu	BR	-2.8	27269
Icó	BR	-6.4	68303
Igaci	BR	-9.5	25613
Igaporã	BR	-13.8	15650
Igaraçu do Tietê	BR	-22.5	23106
Igarapava	BR	-20.0	26212
Igarapé	BR	-20.1	45847
Igarapé Miri	BR	-2.0	64831
Igarapé-Açu	BR	-1.1	35797
Igarassu	BR	-7.8	123017
Igreja Nova	BR	-10.1	21372
Igrejinha	BR	-29.6	32808
Iguaba Grande	BR	-22.8	29577
Iguaí	BR	-14.8	26963
Iguape	BR	-24.7	30989
Iguatemi	BR	-23.6	149700
Iguatu	BR	-6.4	98064
Ijuí	BR	-28.4	84780
Ilha de Itamaracá	BR	-7.7	24540
Ilha Solteira	BR	-20.4	26788
Ilhabela	BR	-23.8	35591
Ilhéus	BR	-14.8	189149
Ilhota	BR	-26.9	17046
Imbé	BR	-30.0	26824
Imbituba	BR	-28.2	52579
Imbituva	BR	-25.2	32940
Imperatriz	BR	-5.5	273110
Inajá	BR	-8.9	27488
Indaial	BR	-26.9	70900
Indaiatuba	BR	-23.1	256223
Independência	BR	-5.4	24024
Indiara	BR	-17.1	17061
Indiaroba	BR	-11.5	18149
Ingá	BR	-7.3	17692
Inhambupe	BR	-11.8	40333
Inhapi	BR	-9.2	18392
Inhapim	BR	-19.5	22692
Inhuma	BR	-6.7	15319
Inhumas	BR	-16.4	52204
Ipaba	BR	-19.4	17136
Ipameri	BR	-17.7	27174
Ipanema	BR	-23.0	37392
Ipatinga	BR	-19.5	235311
Iperó	BR	-23.4	36459
Ipiaú	BR	-14.1	40706
Ipirá	BR	-12.2	59435
Ipiranga	BR	-23.6	116271
Ipixuna	BR	-7.1	30436
Ipixuna do Pará	BR	-2.6	65625
Ipojuca	BR	-8.4	105638
Iporá	BR	-16.4	35684
Iporã	BR	-24.0	15746
Ipu	BR	-4.3	41081
Ipubi	BR	-7.7	30720
Ipueiras	BR	-4.5	36798
Iracemápolis	BR	-22.6	21967
Iranduba	BR	-3.3	49011
Iraquara	BR	-12.2	23879
Irará	BR	-12.1	28043
Irati	BR	-25.5	59250
Irauçuba	BR	-3.7	24305
Irecê	BR	-11.3	74507
Irituia	BR	-1.8	32595
Itabaiana	BR	-10.7	103440
Itabaianinha	BR	-11.3	40678
Itabela	BR	-16.6	28165
Itaberá	BR	-23.9	17983
Itaberaba	BR	-12.5	64646
Itaberaí	BR	-16.0	43622
Itabira	BR	-19.6	118053
Itabirito	BR	-20.3	53365
Itaboraí	BR	-22.7	240040
Itabuna	BR	-14.8	196344
Itacarambi	BR	-15.1	17208
Itacaré	BR	-14.3	28684
Itacoatiara	BR	-3.1	113917
Itaeté	BR	-13.0	16110
Itaguaí	BR	-22.9	123980
Itaí	BR	-23.4	25180
Itaíba	BR	-8.9	33995
Itaim Bibi	BR	-23.6	101452
Itaim Paulista	BR	-23.5	205295
Itaiópolis	BR	-26.3	22051
Itaitinga	BR	-4.0	38325
Itaituba	BR	-4.3	135369
Itajaí	BR	-26.9	294850
Itajobi	BR	-21.3	16989
Itajubá	BR	-22.4	93073
Itajuípe	BR	-14.7	20398
Itamaraju	BR	-17.0	64455
Itamarandiba	BR	-17.9	32948
Itambacuri	BR	-18.0	21042
Itambé	BR	-7.4	36652
Itanhaém	BR	-24.2	112476
Itanhandu	BR	-22.3	15236
Itanhém	BR	-17.2	17813
Itaobim	BR	-16.6	19151
Itaocara	BR	-21.7	23643
Itapaci	BR	-15.0	23421
Itapagé	BR	-3.7	53067
Itaparica	BR	-12.9	19789
Itapecerica	BR	-20.5	21046
Itapecerica da Serra	BR	-23.7	163003
Itapecuru Mirim	BR	-3.4	68723
Itapema	BR	-27.1	75940
Itapemirim	BR	-21.0	34656
Itaperuçu	BR	-25.2	29070
Itaperuna	BR	-21.2	107246
Itapetinga	BR	-15.2	76795
Itapetininga	BR	-23.6	164256
Itapeva	BR	-24.0	89728
Itapevi	BR	-23.5	240961
Itapicuru	BR	-11.3	32261
Itapipoca	BR	-3.5	138978
Itapira	BR	-22.4	72022
Itapiranga	BR	-27.2	16638
Itapissuma	BR	-7.8	29669
Itapiúna	BR	-4.6	20520
Itapoá	BR	-26.1	21177
Itapoã	BR	-15.7	65408
Itápolis	BR	-21.6	39493
Itaporã	BR	-22.1	24137
Itaporanga	BR	-7.3	24828
Itaporanga d'Ajuda	BR	-11.0	34411
Itapororoca	BR	-6.8	18823
Itapuranga	BR	-15.6	26113
Itaquaquecetuba	BR	-23.5	369275
Itaquera	BR	-23.5	210960
Itaqui	BR	-29.1	35768
Itaquiraí	BR	-23.5	19423
Itaquitinga	BR	-7.7	17142
Itarantim	BR	-15.7	19843
Itararé	BR	-24.1	44438
Itarema	BR	-2.9	42215
Itariri	BR	-24.3	15528
Itatiaia	BR	-22.5	32694
Itatiba	BR	-23.0	122581
Itatinga	BR	-23.1	19070
Itatira	BR	-4.5	20424
Itaúna	BR	-20.1	97669
Itinga do Maranhão	BR	-4.4	22513
Itirapina	BR	-22.3	16148
Itiúba	BR	-10.7	33872
Itororó	BR	-15.1	20388
Itu	BR	-23.3	175047
Ituaçu	BR	-13.8	17914
Ituberá	BR	-13.7	28740
Ituiutaba	BR	-19.0	106775
Itumbiara	BR	-18.4	113322
Itupeva	BR	-23.2	20605
Itupiranga	BR	-5.1	53355
Ituporanga	BR	-27.4	25355
Iturama	BR	-19.7	38295
Ituverava	BR	-20.3	37571
Iúna	BR	-20.3	29290
Ivaiporã	BR	-24.2	31935
Ivoti	BR	-29.6	24690
Jabaquara	BR	-23.7	214958
Jaboatão dos Guararapes	BR	-8.1	644037
Jaboticabal	BR	-21.3	77652
Jaboticatubas	BR	-19.5	20406
Jaçanã	BR	-23.5	94609
Jacareacanga	BR	-6.2	24042
Jacareí	BR	-23.3	250952
Jacarezinho	BR	-23.2	40375
Jaciara	BR	-16.0	27807
Jacobina	BR	-11.2	82590
Jacundá	BR	-4.4	59842
Jacupiranga	BR	-24.7	16097
Jacutinga	BR	-22.3	25525
Jaguaquara	BR	-13.5	54673
Jaguara	BR	-23.5	24730
Jaguarão	BR	-32.6	26500
Jaguarari	BR	-10.3	33746
Jaguare	BR	-23.5	55382
Jaguaré	BR	-18.9	28931
Jaguaretama	BR	-5.6	18147
Jaguariaíva	BR	-24.2	35027
Jaguaribe	BR	-5.9	33726
Jaguaripe	BR	-13.1	18981
Jaguariúna	BR	-22.7	58722
Jaguaruana	BR	-4.8	31701
Jaguaruna	BR	-28.6	20375
Jaíba	BR	-15.3	37660
Jaicós	BR	-7.4	19170
Jales	BR	-20.3	48776
Janaúba	BR	-15.8	70699
Jandaia do Sul	BR	-23.6	21122
Jandira	BR	-23.5	118045
Januária	BR	-15.5	65150
Japaratuba	BR	-10.6	18907
Japeri	BR	-22.6	102171
Jaraguá	BR	-23.4	211610
Jaraguá do Sul	BR	-26.5	199519
Jardim	BR	-7.6	27411
Jardim Angela	BR	-23.7	311432
Jardim Botânico	BR	-15.9	77767
Jardim Helena	BR	-23.5	129409
Jardim Paulista	BR	-23.6	83667
Jardim Sao Luis	BR	-23.7	259377
Jardinópolis	BR	-21.0	45282
Jarinu	BR	-23.1	37535
Jaru	BR	-10.4	50591
Jataí	BR	-17.9	105729
Jataúba	BR	-8.0	16328
Jaú	BR	-22.3	133497
Jenipapo dos Vieiras	BR	-5.4	17076
Jequié	BR	-13.9	127475
Jequitinhonha	BR	-16.4	24007
Jeremoabo	BR	-10.1	37626
Ji Paraná	BR	-10.9	140101
Jijoca de Jericoacoara	BR	-2.9	20087
Joaçaba	BR	-27.2	30146
João Alfredo	BR	-7.9	27725
João Câmara	BR	-5.5	33290
João Dourado	BR	-11.3	24854
João Lisboa	BR	-5.4	24709
João Monlevade	BR	-19.8	83360
João Pessoa	BR	-7.1	817511
João Pinheiro	BR	-17.7	46801
Joaquim Gomes	BR	-9.1	17386
Joinville	BR	-26.3	664500
Jose Bonifacio	BR	-23.6	128243
José Bonifácio	BR	-21.1	36633
José de Freitas	BR	-4.8	39336
Juara	BR	-11.3	35121
Juatuba	BR	-20.0	30716
Juazeiro	BR	-9.4	256122
Juazeiro do Norte	BR	-7.2	305531
Jucás	BR	-6.5	24892
Jucurutu	BR	-6.0	17793
Juína	BR	-11.4	41101
Juiz de Fora	BR	-21.8	540756
Júlio de Castilhos	BR	-29.2	18226
Jundiaí	BR	-23.2	443221
Junqueiro	BR	-9.9	24381
Junqueirópolis	BR	-21.5	20448
Jupi	BR	-8.7	15329
Juquiá	BR	-24.3	17154
Juquitiba	BR	-23.9	27404
Juruá	BR	-3.5	15106
Juruti	BR	-2.2	58960
Jussara	BR	-15.9	18371
Lábrea	BR	-7.3	46882
Ladário	BR	-19.0	21522
Lagarto	BR	-10.9	101579
Lages	BR	-27.8	172458
Lago da Pedra	BR	-4.6	44403
Lago Norte	BR	-15.7	41778
Lago Sul	BR	-15.8	26244
Lagoa da Canoa	BR	-9.8	18831
Lagoa da Prata	BR	-20.0	53927
Lagoa do Carro	BR	-7.8	17981
Lagoa do Itaenga	BR	-7.9	19863
Lagoa Formosa	BR	-18.8	18904
Lagoa Grande	BR	-9.0	24951
Lagoa Nova	BR	-6.1	15573
Lagoa Real	BR	-14.0	15770
Lagoa Santa	BR	-19.6	81299
Lagoa Seca	BR	-7.2	27617
Lagoa Vermelha	BR	-28.2	27659
Laguna	BR	-28.5	42785
Laje	BR	-13.2	24032
Lajeado	BR	-23.5	164391
Lajedo	BR	-8.7	41960
Lajinha	BR	-20.2	20835
Lambari	BR	-22.0	20414
Lambari d'Oeste	BR	-15.3	27511
Lapa	BR	-23.5	75533
Lapão	BR	-11.4	27274
Laranjal do Jari	BR	-0.8	35114
Laranjal Paulista	BR	-23.0	26261
Laranjeiras	BR	-10.8	23975
Laranjeiras do Sul	BR	-25.4	32139
Lauro de Freitas	BR	-12.9	203331
Lavras	BR	-21.2	110682
Lavras da Mangabeira	BR	-6.8	31492
Leblon	BR	-23.0	37709
Leme	BR	-22.2	101537
Lençóis Paulista	BR	-22.6	68990
Leopoldina	BR	-21.5	51145
Liberdade	BR	-23.6	66056
Lima Duarte	BR	-21.8	17221
Limão	BR	-23.5	82373
Limeira	BR	-22.6	291869
Limoeiro	BR	-7.9	56510
Limoeiro de Anadia	BR	-9.7	25197
Limoeiro do Ajuru	BR	-1.9	29282
Limoeiro do Norte	BR	-5.1	59890
Linhares	BR	-19.4	183797
Lins	BR	-21.7	78503
Livramento de Nossa Senhora	BR	-13.6	43903
Livramento do Brumado	BR	-13.7	19914
Loanda	BR	-22.9	23242
Londrina	BR	-23.3	581382
Lorena	BR	-22.7	89125
Louveira	BR	-23.1	51847
Lucas	BR	-16.3	27665
Lucas do Rio Verde	BR	-13.1	92256
Lucélia	BR	-21.7	20061
Luís Correia	BR	-2.9	30438
Luis Eduardo Magalhães	BR	-12.1	107909
Luz	BR	-19.8	17875
Luziânia	BR	-16.3	221262
Luzilândia	BR	-3.5	25504
Macaé	BR	-22.4	264439
Macaíba	BR	-5.9	81821
Macapá	BR	0.0	512902
Macaparana	BR	-7.6	23879
Macarani	BR	-15.6	21599
Macatuba	BR	-22.5	16829
Macau	BR	-5.1	32039
Macaúbas	BR	-13.0	50161
Maceió	BR	-9.7	1031597
Machadinho d'Oeste	BR	-9.4	40867
Machado	BR	-21.7	37684
Madalena	BR	-4.9	19864
Madre de Deus	BR	-12.7	21432
Mãe do Rio	BR	-2.0	34353
Mafra	BR	-26.1	56561
Magé	BR	-22.7	244142
Mairi	BR	-11.7	18602
Mairinque	BR	-23.5	47441
Mairiporã	BR	-23.3	101937
Major Isidoro	BR	-9.5	17834
Malacacheta	BR	-17.8	17516
Malhada	BR	-14.3	16861
Mamanguape	BR	-6.8	45136
Manacapuru	BR	-3.3	111751
Manaquiri	BR	-3.4	17009
Manari	BR	-9.0	27046
Manaus	BR	-3.1	2219580
Mâncio Lima	BR	-7.6	19294
Mandaguaçu	BR	-23.3	31457
Mandaguari	BR	-23.5	34515
Mandaqui	BR	-23.5	103665
Mandirituba	BR	-25.8	27315
Manga	BR	-14.8	18886
Mangaratiba	BR	-23.0	45220
Mangueirinha	BR	-25.9	16642
Manhuaçu	BR	-20.3	91886
Manhumirim	BR	-20.4	20613
Manicoré	BR	-5.8	57405
Mantena	BR	-18.8	27647
Maraã	BR	-1.9	18261
Marabá	BR	-5.4	283542
Maracaçumé	BR	-2.0	21586
Maracaju	BR	-21.6	48022
Maracanã	BR	-0.8	25971
Maracanaú	BR	-3.9	251613
Maracás	BR	-13.4	20393
Maragogi	BR	-9.0	33232
Maragogipe	BR	-12.8	44793
Maranguape	BR	-3.9	108622
Maranhãozinho	BR	-2.2	16511
Marapanim	BR	-0.7	28450
Marataizes	BR	-21.0	38883
Marau	BR	-28.4	44858
Maraú	BR	-14.1	20617
Maravilha	BR	-26.8	26116
Marco	BR	-3.1	25799
Marechal Cândido Rondon	BR	-24.6	53495
Marechal Deodoro	BR	-9.7	62341
Marechal Floriano	BR	-20.4	18743
Marechal Thaumaturgo	BR	-8.9	19299
Mari	BR	-7.1	21512
Marialva	BR	-23.5	35804
Mariana	BR	-20.4	61387
Maricá	BR	-22.9	211986
Marília	BR	-22.2	237627
Maringá	BR	-23.4	409657
Mário Campos	BR	-20.1	15900
Marituba	BR	-1.4	119437
Martinópolis	BR	-22.1	24881
Maruim	BR	-10.7	15719
Massapê	BR	-3.5	37697
Massaranduba	BR	-26.6	17162
Mata de São João	BR	-12.5	47126
Mata Grande	BR	-9.1	25207
Mata Roma	BR	-3.6	17090
Matão	BR	-21.6	79033
Matelândia	BR	-25.2	18107
Mateus Leme	BR	-20.0	37841
Matinha	BR	-3.1	22034
Matinhos	BR	-25.8	35219
Matipó	BR	-20.3	18552
Matões	BR	-5.5	33943
Matões do Norte	BR	-3.6	17432
Matozinhos	BR	-19.6	37618
Matriz de Camaragibe	BR	-9.2	24330
Matupá	BR	-10.2	21415
Mauá	BR	-23.7	418261
Maués	BR	-3.4	65040
Mauriti	BR	-7.4	45561
Mazagão	BR	-0.1	22053
Medeiros Neto	BR	-17.4	22716
Medianeira	BR	-25.3	46574
Medicilândia	BR	-3.4	31975
Medina	BR	-16.2	20156
Melgaço	BR	-1.8	27881
Mendes	BR	-22.5	18049
Meruoca	BR	-3.5	15157
Messias	BR	-9.4	15405
Miguel Alves	BR	-4.2	33833
Miguel Calmon	BR	-11.4	25894
Miguel Pereira	BR	-22.5	28123
Miguelópolis	BR	-20.2	19441
Milagres	BR	-7.3	25900
Mimoso do Sul	BR	-21.1	24475
Minaçu	BR	-13.5	28793
Minas Novas	BR	-17.2	24405
Mineiros	BR	-17.6	70081
Miracatu	BR	-24.3	19643
Miracema	BR	-21.4	28411
Miracema do Tocantins	BR	-9.6	17936
Mirador	BR	-6.4	21031
Miranda	BR	-20.2	28220
Miranda do Norte	BR	-3.6	23864
Mirandópolis	BR	-21.1	27983
Mirangaba	BR	-11.0	18474
Mirante do Paranapanema	BR	-22.3	15917
Mirassol	BR	-20.8	60303
Mirassol d'Oeste	BR	-15.7	27511
Missão Velha	BR	-7.2	36822
Mocajuba	BR	-2.6	27198
Mococa	BR	-21.5	67681
Moema	BR	-23.6	81899
Mogi das Cruzes	BR	-23.5	325746
Mogi Guaçu	BR	-22.4	160318
Mogi Mirim	BR	-22.4	93650
Moju	BR	-1.9	83182
Mojuí dos Campos	BR	-2.7	23501
Mombaça	BR	-5.7	37735
Monção	BR	-3.5	27751
Mongaguá	BR	-24.1	57648
Monsenhor Tabosa	BR	-4.8	17149
Montanha	BR	-18.1	18900
Monte Alegre	BR	-2.0	58162
Monte Alegre de Minas	BR	-18.9	20170
Monte Alto	BR	-21.3	50772
Monte Aprazível	BR	-20.8	22280
Monte Azul	BR	-15.2	20328
Monte Azul Paulista	BR	-20.9	18151
Monte Carmelo	BR	-18.7	47692
Monte Mor	BR	-22.9	60754
Monte Negro	BR	-10.3	16007
Monte Santo	BR	-10.4	47780
Monte Santo de Minas	BR	-21.2	20890
Monte Sião	BR	-22.4	24089
Monteiro	BR	-7.9	33433
Montenegro	BR	-29.7	64322
Montes Claros	BR	-16.7	437601
Mooca	BR	-23.6	80880
Morada Nova	BR	-5.1	61738
Moreno	BR	-8.1	57654
Morretes	BR	-25.5	16446
Morrinhos	BR	-17.7	51351
Morro Agudo	BR	-20.7	27933
Morro da Fumaça	BR	-28.7	18537
Morro do Chapéu	BR	-11.5	33594
Morros	BR	-2.9	18554
Morumbi	BR	-23.6	51715
Mossoró	BR	-5.2	264577
Mozarlândia	BR	-14.7	15870
Muaná	BR	-1.5	40906
Mucajaí	BR	2.4	18095
Mucuri	BR	-18.1	42251
Mundo Novo	BR	-11.9	26970
Muniz Freire	BR	-20.5	18153
Muriaé	BR	-21.1	108447
Murici	BR	-9.3	25933
Muritiba	BR	-12.6	29410
Mutuípe	BR	-13.2	22282
Mutum	BR	-19.8	27635
Muzambinho	BR	-21.4	21891
Nanuque	BR	-17.8	35038
Não-Me-Toque	BR	-28.5	17898
Natal	BR	-5.8	896708
Natividade	BR	-21.0	15550
Navegantes	BR	-26.9	86401
Naviraí	BR	-23.1	55689
Nazaré	BR	-13.0	28594
Nazaré da Mata	BR	-7.7	32187
Nazaré Paulista	BR	-23.2	18217
Neópolis	BR	-10.3	16426
Nepomuceno	BR	-21.2	25018
Nerópolis	BR	-16.4	30395
Nhamundá	BR	-2.2	21443
Nilópolis	BR	-22.8	155500
Niquelândia	BR	-14.5	34964
Nísia Floresta	BR	-6.1	31942
Niterói	BR	-22.9	515317
Nobres	BR	-14.7	15753
Nossa Senhora da Glória	BR	-10.2	37324
Nossa Senhora das Dores	BR	-10.5	24996
Nossa Senhora do Socorro	BR	-10.9	204081
Nova Alvorada do Sul	BR	-21.5	21822
Nova Andradina	BR	-22.2	48563
Nova Cruz	BR	-6.5	34269
Nova Era	BR	-19.8	17438
Nova Esperança	BR	-23.2	26585
Nova Esperança do Piriá	BR	-2.3	20478
Nova Friburgo	BR	-22.3	189939
Nova Granada	BR	-20.5	19419
Nova Hartz	BR	-29.6	20088
Nova Iguaçu	BR	-22.8	843046
Nova Ipixuna	BR	-4.9	16854
Nova Lima	BR	-20.0	120959
Nova Mamoré	BR	-10.4	31392
Nova Mutum	BR	-13.8	46813
Nova Odessa	BR	-22.8	62019
Nova Olímpia	BR	-14.8	16314
Nova Olinda	BR	-7.1	15399
Nova Olinda do Norte	BR	-3.9	38026
Nova Petrópolis	BR	-29.4	23300
Nova Prata	BR	-28.8	27648
Nova Resende	BR	-21.1	16387
Nova Russas	BR	-4.7	32408
Nova Santa Rita	BR	-29.9	29024
Nova Serrana	BR	-19.9	114791
Nova Soure	BR	-11.2	26998
Nova Timboteua	BR	-1.2	15506
Nova Venécia	BR	-18.7	50434
Nova Viçosa	BR	-17.9	43783
Nova Xavantina	BR	-14.7	20944
Novo Airão	BR	-2.6	19928
Novo Aripuanã	BR	-5.1	26046
Novo Cruzeiro	BR	-17.5	26975
Novo Gama	BR	-16.1	107663
Novo Hamburgo	BR	-29.7	253841
Novo Horizonte	BR	-21.5	38324
Novo Oriente	BR	-5.5	27545
Novo Progresso	BR	-7.1	25766
Novo Repartimento	BR	-4.3	60438
Núcleo Bandeirante	BR	-15.9	21636
Óbidos	BR	-1.9	52306
Ocara	BR	-4.5	24493
Oeiras	BR	-7.0	37085
Oeiras do Pará	BR	-2.0	32850
Oiapoque	BR	3.8	27482
Olho d’Água das Cunhãs	BR	-4.1	17919
Olho d'Água das Flores	BR	-9.5	21132
Olímpia	BR	-20.7	55130
Olinda	BR	-8.0	364717
Olindina	BR	-11.4	28304
Oliveira	BR	-20.7	40576
Oliveira dos Brejinhos	BR	-12.3	21810
Oriximiná	BR	-1.8	74016
Orizona	BR	-17.0	15725
Orlândia	BR	-20.7	38319
Orleans	BR	-28.4	23661
Orobó	BR	-7.7	22412
Orós	BR	-6.2	21384
Ortigueira	BR	-24.2	21960
Osasco	BR	-23.5	728615
Osório	BR	-29.9	47396
Osvaldo Cruz	BR	-21.8	31272
Otacílio Costa	BR	-27.5	17312
Ourém	BR	-1.6	17961
Ouricuri	BR	-7.9	68489
Ourilândia do Norte	BR	-6.8	33335
Ourinhos	BR	-23.0	103970
Ouro Branco	BR	-20.5	38724
Ouro Fino	BR	-22.3	32094
Ouro Preto	BR	-20.4	77914
Ouro Preto do Oeste	BR	-10.7	35044
Ourolândia	BR	-11.0	19243
Pacajá	BR	-3.8	48414
Pacajus	BR	-4.2	73188
Pacaraima	BR	4.4	19305
Pacatuba	BR	-4.0	81524
Paço do Lumiar	BR	-2.5	155307
Padre Bernardo	BR	-15.2	34967
Padre Paraíso	BR	-17.1	17334
Paiçandu	BR	-23.5	41773
Palhoça	BR	-27.6	222598
Palmares	BR	-8.7	56475
Palmas	BR	-10.2	306296
Palmas de Monte Alto	BR	-14.3	21796
Palmeira	BR	-25.4	34109
Palmeira das Missões	BR	-27.9	33216
Palmeirândia	BR	-2.6	19781
Palmeiras de Goiás	BR	-16.8	31858
Palmital	BR	-22.8	19594
Palmitos	BR	-27.1	15626
Palotina	BR	-24.3	32121
Panambi	BR	-28.3	44128
Pancas	BR	-19.2	18893
Panelas	BR	-8.7	23337
Pão de Açúcar	BR	-9.7	24351
Papanduva	BR	-26.4	19150
Pará de Minas	BR	-19.9	97139
Paracambi	BR	-22.6	43656
Paracatu	BR	-17.2	94023
Paracuru	BR	-3.4	38980
Paragominas	BR	-3.0	105550
Paraguaçu	BR	-21.5	21723
Paraguaçu Paulista	BR	-22.4	41120
Paraíba do Sul	BR	-22.2	44467
Paraibano	BR	-6.4	18274
Paraibuna	BR	-23.4	17667
Paraipaba	BR	-3.4	32216
Paraíso do Tocantins	BR	-10.2	52360
Paraisópolis	BR	-22.6	20445
Parambu	BR	-6.2	31445
Paramirim	BR	-13.4	21695
Paranaguá	BR	-25.5	150104
Paranaíba	BR	-19.7	42276
Paranapanema	BR	-23.4	19395
Paranatinga	BR	-14.4	22861
Paranavaí	BR	-23.1	95525
Paranoá	BR	-15.8	63923
Paraopeba	BR	-19.3	24107
Paratinga	BR	-12.7	29252
Paraty	BR	-23.2	15118
Parauapebas	BR	-6.1	305771
Parelhas	BR	-6.7	21499
Parelheiros	BR	-23.8	153695
Pari	BR	-23.5	17359
Parintins	BR	-2.6	101855
Paripiranga	BR	-10.7	29058
Pariquera-Açu	BR	-24.7	19233
Park Way	BR	-15.9	22289
Parnaíba	BR	-2.9	170491
Parnamirim	BR	-5.9	271713
Parnarama	BR	-5.7	35008
Parobé	BR	-29.6	52058
Parque Do Carmo	BR	-23.6	74677
Passa Quatro	BR	-22.4	15515
Passagem Franca	BR	-6.2	17220
Passira	BR	-8.0	28340
Passo Fundo	BR	-28.3	214811
Passos	BR	-20.7	116951
Pastos Bons	BR	-6.6	18802
Pato Branco	BR	-26.2	84779
Patos	BR	-7.0	92575
Patos de Minas	BR	-18.6	159235
Patrocínio	BR	-18.9	91449
Paty do Alferes	BR	-22.4	29619
Pau dos Ferros	BR	-6.1	30479
Paudalho	BR	-7.9	56665
Pauini	BR	-7.7	19522
Paulínia	BR	-22.8	110537
Paulino Neves	BR	-2.7	17056
Paulista	BR	-7.9	342167
Paulistana	BR	-8.1	20554
Paulo Afonso	BR	-9.4	119418
Paulo Ramos	BR	-4.4	20341
Peçanha	BR	-18.5	17446
Pederneiras	BR	-22.4	44827
Pedra	BR	-8.5	22795
Pedra Azul	BR	-16.0	24410
Pedra Branca	BR	-5.5	43309
Pedra Branca do Amapari	BR	0.8	17067
Pedra Preta	BR	-16.6	18722
Pedras de Fogo	BR	-7.4	29662
Pedregulho	BR	-20.3	15525
Pedreira	BR	-23.7	163586
Pedreiras	BR	-4.6	37050
Pedro Canário	BR	-18.0	21522
Pedro do Rosário	BR	-3.0	24320
Pedro II	BR	-4.4	37894
Pedro Leopoldo	BR	-19.6	62580
Peixoto de Azevedo	BR	-10.2	33599
Pelotas	BR	-31.8	336150
Penalva	BR	-3.3	32511
Penápolis	BR	-21.4	61679
Penedo	BR	-10.3	60189
Penha	BR	-26.8	33663
Pentecoste	BR	-3.8	37813
Perdizes	BR	-23.5	102391
Perdões	BR	-21.1	21384
Pereira Barreto	BR	-20.6	24095
Pereiro	BR	-6.0	15274
Peritoró	BR	-4.4	20479
Peruíbe	BR	-24.3	68352
Perus	BR	-23.4	87823
Pesqueira	BR	-8.4	62722
Petrolândia	BR	-9.0	36104
Petrolina	BR	-9.4	418444
Petrópolis	BR	-22.5	294926
Piaçabuçu	BR	-10.4	16201
Piancó	BR	-7.2	16441
Piatã	BR	-13.2	16984
Picos	BR	-7.1	83090
Picuí	BR	-6.5	18720
Piedade	BR	-23.7	55542
Pilão Arcado	BR	-10.0	35357
Pilar	BR	-9.6	35370
Pilar do Sul	BR	-23.8	27619
Pimenta Bueno	BR	-11.7	36881
Pindaí	BR	-14.5	16285
Pindamonhangaba	BR	-22.9	172681
Pindaré-Mirim	BR	-3.6	31429
Pindobaçu	BR	-10.7	20098
Pindoretama	BR	-4.0	23391
Pinhais	BR	-25.4	117000
Pinhalzinho	BR	-26.8	21972
Pinhão	BR	-25.7	32559
Pinheiral	BR	-22.5	25085
Pinheiro	BR	-2.5	83777
Pinheiros	BR	-23.6	65145
Pio IX	BR	-6.8	17613
Pio XII	BR	-3.8	21886
Piquet Carneiro	BR	-5.8	17086
Piracaia	BR	-23.1	26029
Piracanjuba	BR	-17.3	24883
Piracicaba	BR	-22.7	440835
Piracuruca	BR	-3.9	28874
Piraí	BR	-22.6	29054
Piraí do Sul	BR	-24.5	25617
Piraju	BR	-23.2	29436
Pirajuí	BR	-22.0	22431
Piranga	BR	-20.7	17018
Piranhas	BR	-9.6	25183
Pirapemas	BR	-3.7	17714
Pirapora	BR	-17.3	56640
Pirapora do Bom Jesus	BR	-23.4	18370
Pirapozinho	BR	-22.3	25348
Piraquara	BR	-25.4	118730
Pirassununga	BR	-22.0	76877
Piratini	BR	-31.4	17504
Piratininga	BR	-22.4	15108
Pirenópolis	BR	-15.9	25064
Pires do Rio	BR	-17.3	32373
Piripiri	BR	-4.3	63787
Piritiba	BR	-11.7	24964
Pirituba	BR	-23.5	179724
Pitanga	BR	-24.8	29994
Pitangueiras	BR	-21.0	33674
Pitangui	BR	-19.7	26685
Pitimbu	BR	-7.5	16751
Piúma	BR	-20.8	22300
Piumhi	BR	-20.5	36062
Placas	BR	-3.9	31659
Plácido de Castro	BR	-10.3	16560
Planaltina	BR	-15.6	189412
Planalto	BR	-14.7	26426
Plano Piloto	BR	-15.8	198697
Poá	BR	-23.5	103765
Poção de Pedras	BR	-4.8	17161
Pocinhos	BR	-7.1	18708
Poço Fundo	BR	-21.8	16390
Poço Redondo	BR	-9.8	35122
Poço Verde	BR	-10.7	23867
Poções	BR	-14.5	46879
Poconé	BR	-16.3	33315
Poços de Caldas	BR	-21.8	172339
Pojuca	BR	-12.4	39972
Pombal	BR	-6.8	32802
Pombos	BR	-8.1	27552
Pomerode	BR	-26.7	34010
Pompéia	BR	-22.1	20196
Pompéu	BR	-19.2	31047
Ponta de Pedras	BR	-1.4	31549
Ponta Grossa	BR	-25.1	292177
Ponta Porã	BR	-22.5	98598
Pontal	BR	-21.0	37607
Pontal do Paraná	BR	-25.7	30425
Pontalina	BR	-17.5	17860
Ponte Nova	BR	-20.4	57776
Ponte Rasa	BR	-23.5	89881
Pontes e Lacerda	BR	-15.2	45774
Pôr do Sol	BR	-15.9	101866
Porangatu	BR	-13.4	45632
Porciúncula	BR	-21.0	17832
Portão	BR	-29.7	34071
Porteiras	BR	-7.5	17050
Porteirinha	BR	-15.7	37438
Portel	BR	-1.9	62945
Porto Acre	BR	-9.6	18824
Porto Alegre	BR	-30.0	1488252
Porto Belo	BR	-27.2	27688
Porto Calvo	BR	-9.0	24520
Porto da Folha	BR	-9.9	28693
Porto de Moz	BR	-1.7	41801
Porto Feliz	BR	-23.2	53402
Porto Ferreira	BR	-21.9	56504
Porto Franco	BR	-6.3	24092
Porto Grande	BR	0.7	22452
Porto Nacional	BR	-10.7	53316
Porto Real	BR	-22.4	21064
Porto Real do Colégio	BR	-10.2	20112
Porto Seguro	BR	-16.4	182630
Porto União	BR	-26.2	35543
Porto Velho	BR	-8.8	548952
Posse	BR	-14.1	37414
Posto da Mata	BR	-17.9	22168
Potim	BR	-22.8	20392
Potirendaba	BR	-21.0	18496
Pouso Alegre	BR	-22.2	162133
Pouso Redondo	BR	-27.3	17123
Poxoréu	BR	-15.8	24587
Prado	BR	-17.3	35003
Pradópolis	BR	-21.4	17078
Praia Grande	BR	-24.0	367400
Prainha	BR	-1.8	29846
Prata	BR	-19.3	28342
Presidente Dutra	BR	-5.3	45155
Presidente Epitácio	BR	-21.8	39505
Presidente Figueiredo	BR	-2.0	37193
Presidente Getúlio	BR	-27.1	20010
Presidente Médici	BR	-11.2	19327
Presidente Olegário	BR	-18.4	18765
Presidente Prudente	BR	-22.1	234706
Presidente Sarney	BR	-2.6	17511
Presidente Tancredo Neves	BR	-13.5	27734
Presidente Venceslau	BR	-21.9	35201
Primeira Cruz	BR	-2.5	15431
Princesa Isabel	BR	-7.7	23549
Promissão	BR	-21.5	35131
Propriá	BR	-10.2	26618
Prudentópolis	BR	-25.2	49393
Quaraí	BR	-30.4	22607
Quatro Barras	BR	-25.4	23911
Quedas do Iguaçu	BR	-25.5	30738
Queimadas	BR	-7.4	47658
Queimados	BR	-22.7	149093
Querência	BR	-12.6	17937
Quijingue	BR	-10.8	27626
Quipapá	BR	-8.8	17731
Quirinópolis	BR	-18.4	22334
Quissamã	BR	-22.1	23126
Quitandinha	BR	-25.9	18398
Quiterianópolis	BR	-5.8	20213
Quixadá	BR	-5.0	88321
Quixelô	BR	-6.3	15910
Quixeramobim	BR	-5.2	82177
Quixeré	BR	-5.1	22293
Rafael Jambeiro	BR	-12.4	19662
Rancharia	BR	-22.2	28588
Raposa	BR	-2.4	30839
Raposo Tavares	BR	-23.6	117738
Raposos	BR	-20.0	16279
Raul Soares	BR	-20.1	23423
Realeza	BR	-25.8	16950
Recanto das Emas	BR	-15.9	115550
Recife	BR	-8.1	1653461
Redenção	BR	-8.0	85563
Regeneração	BR	-6.2	17979
Regente Feijó	BR	-22.2	20145
Registro	BR	-24.5	56393
Remanso	BR	-9.6	40586
Remígio	BR	-7.0	17885
Republica	BR	-23.5	60720
Reriutaba	BR	-4.1	18385
Resende	BR	-22.5	137697
Reserva	BR	-24.7	26825
Resplendor	BR	-19.3	17226
Riachão	BR	-7.4	20334
Riachão das Neves	BR	-11.7	22334
Riachão do Dantas	BR	-11.1	18313
Riachão do Jacuípe	BR	-11.8	33386
Riacho das Almas	BR	-8.1	21490
Riacho de Santana	BR	-13.6	35593
Riacho Fundo	BR	-15.9	39552
Riacho Fundo II	BR	-15.9	105210
Ribas do Rio Pardo	BR	-20.4	23150
Ribeira do Pombal	BR	-10.8	53956
Ribeirão	BR	-8.5	33507
Ribeirão Branco	BR	-24.2	18627
Ribeirão da Ilha	BR	-27.7	21000
Ribeirão das Neves	BR	-19.8	346971
Ribeirão Pires	BR	-23.7	115559
Ribeirão Preto	BR	-21.2	698642
Ribeirópolis	BR	-10.5	17033
Rio Azul	BR	-25.7	15336
Rio Bananal	BR	-19.3	19274
Rio Bonito	BR	-22.7	59113
Rio Branco	BR	-10.0	419452
Rio Branco do Sul	BR	-25.2	32517
Rio Brilhante	BR	-21.8	38186
Rio Claro	BR	-22.4	201418
Rio das Ostras	BR	-22.5	168099
Rio das Pedras	BR	-22.8	31328
Rio de Janeiro	BR	-22.9	6747815
Rio do Antônio	BR	-14.4	15448
Rio do Sul	BR	-27.2	72006
Rio Formoso	BR	-8.7	20388
Rio Grande	BR	-32.0	198935
Rio Grande da Serra	BR	-23.7	44170
Rio Largo	BR	-9.5	97435
Rio Maria	BR	-7.3	18201
Rio Negrinho	BR	-26.3	39261
Rio Negro	BR	-26.1	34411
Rio Pardo	BR	-30.0	34654
Rio Pardo de Minas	BR	-15.6	28271
Rio Pequeno	BR	-23.6	131631
Rio Pomba	BR	-21.3	17443
Rio Preto da Eva	BR	-2.7	34106
Rio Real	BR	-11.5	40976
Rio Tinto	BR	-6.8	24581
Rio Verde	BR	-17.8	241494
Rio Verde de Mato Grosso	BR	-18.9	19818
Rocinha	BR	-23.0	24543
Rolândia	BR	-23.3	75818
Rolante	BR	-29.7	21453
Rolim de Moura	BR	-11.8	56406
Rolim de Moura do Guaporé	BR	-13.1	37949
Rondon do Pará	BR	-4.8	52803
Rondonópolis	BR	-16.5	263708
Rorainópolis	BR	0.9	32647
Rosana	BR	-22.6	17440
Rosário	BR	-2.9	42994
Rosário do Sul	BR	-30.3	39314
Rosário Oeste	BR	-14.8	15236
Rubiataba	BR	-15.2	19947
Rurópolis	BR	-4.1	51500
Russas	BR	-4.9	78882
Ruy Barbosa	BR	-12.3	30857
Sabará	BR	-19.9	129380
Sacomã	BR	-23.6	261436
Sacramento	BR	-19.9	26670
Salesópolis	BR	-23.5	15202
Salgado	BR	-11.0	20025
Salgueiro	BR	-8.1	65946
Salinas	BR	-16.2	40178
Salinópolis	BR	-0.6	44772
Salitre	BR	-7.3	16633
Salto	BR	-23.2	141111
Salto de Pirapora	BR	-23.6	43748
Salto do Lontra	BR	-25.8	15223
Salvador	BR	-13.0	2711840
Salvaterra	BR	-0.8	24129
Samambaia	BR	-15.9	218840
Sananduva	BR	-27.9	16328
Sanharó	BR	-8.4	18624
Sant'Ana do Livramento	BR	-30.9	76321
Santa Bárbara	BR	-20.0	30466
Santa Bárbara d'Oeste	BR	-22.8	189456
Santa Bárbara do Pará	BR	-1.2	21087
Santa Cecilia	BR	-23.5	80972
Santa Cecília	BR	-27.0	15546
Santa Cruz	BR	-6.2	37313
Santa Cruz Cabrália	BR	-16.3	29185
Santa Cruz das Palmeiras	BR	-21.8	28864
Santa Cruz do Capibaribe	BR	-8.0	104854
Santa Cruz do Rio Pardo	BR	-22.9	46442
Santa Cruz do Sul	BR	-29.7	138270
Santa Fé do Sul	BR	-20.2	34794
Santa Gertrudes	BR	-22.5	23611
Santa Helena	BR	-2.2	42483
Santa Helena de Goiás	BR	-17.8	38492
Santa Inês	BR	-3.7	85014
Santa Isabel	BR	-23.3	53174
Santa Isabel do Pará	BR	-1.3	71837
Santa Isabel do Rio Negro	BR	-0.4	25865
Santa Juliana	BR	-19.3	15734
Santa Luzia	BR	-19.8	219132
Santa Luzia do Pará	BR	-1.5	19843
Santa Luzia do Paruá	BR	-2.5	24307
Santa Margarida	BR	-20.4	16395
Santa Maria	BR	-29.7	271735
Santa Maria da Boa Vista	BR	-8.8	42782
Santa Maria da Vitória	BR	-13.4	39775
Santa Maria das Barreiras	BR	-8.9	21850
Santa Maria de Jetibá	BR	-20.0	41636
Santa Maria do Pará	BR	-1.4	24995
Santa Quitéria	BR	-4.3	43711
Santa Quitéria do Maranhão	BR	-3.5	25764
Santa Rita	BR	-7.1	149910
Santa Rita de Cássia	BR	-11.0	27390
Santa Rita do Passa Quatro	BR	-21.7	24833
Santa Rita do Sapucaí	BR	-22.3	40635
Santa Rosa	BR	-27.9	77519
Santa Rosa de Viterbo	BR	-21.5	23411
Santa Teresa	BR	-22.9	35873
Santa Terezinha de Itaipu	BR	-25.4	24262
Santa Vitória	BR	-18.8	20973
Santa Vitória do Palmar	BR	-33.5	29483
Santaluz	BR	-11.3	37834
Santana	BR	-0.0	118803
Santana de Parnaíba	BR	-23.4	163787
Santana do Acaraú	BR	-3.5	32654
Santana do Araguaia	BR	-9.3	32413
Santana do Cariri	BR	-7.2	17712
Santana do Ipanema	BR	-9.4	47397
Santana do Paraíso	BR	-19.4	44800
Santarém	BR	-2.4	360871
Santiago	BR	-29.2	48938
Santo Amaro	BR	-23.6	85349
Santo Amaro da Imperatriz	BR	-27.7	27272
Santo Anastácio	BR	-22.0	17963
Santo André	BR	-23.7	662373
Santo Ângelo	BR	-28.3	77568
Santo Antônio	BR	-6.3	22177
Santo Antônio da Patrulha	BR	-29.8	42947
Santo Antônio da Platina	BR	-23.3	44369
Santo Antônio de Jesus	BR	-13.0	109791
Santo Antônio de Pádua	BR	-21.5	43686
Santo Antônio de Posse	BR	-22.6	23244
Santo Antônio do Amparo	BR	-20.9	17285
Santo Antônio do Descoberto	BR	-15.9	75829
Santo Antônio do Içá	BR	-3.1	21243
Santo Antônio do Leverger	BR	-15.9	16795
Santo Antônio do Monte	BR	-20.1	27295
Santo Antônio do Sudoeste	BR	-26.1	28673
Santo Antônio do Tauá	BR	-1.2	31918
Santo Cristo	BR	-27.8	15320
Santo Estêvão	BR	-12.4	52276
Santos	BR	-24.0	418608
Santos Dumont	BR	-21.5	42406
São Benedito	BR	-4.0	47640
São Benedito do Rio Preto	BR	-3.3	18717
São Bento	BR	-2.7	45604
São Bento do Sul	BR	-26.3	83277
São Bento do Una	BR	-8.5	49449
São Bernardo	BR	-3.4	26943
São Bernardo do Campo	BR	-23.7	840499
São Borja	BR	-28.7	60019
São Caetano de Odivelas	BR	-0.8	18129
São Caetano do Sul	BR	-23.6	172693
São Caitano	BR	-8.3	37126
São Carlos	BR	-22.0	266427
São Cristóvão	BR	-11.0	101213
São Desidério	BR	-12.4	34266
Sao Domingos	BR	-23.5	88884
São Domingos do Araguaia	BR	-5.5	21092
São Domingos do Capim	BR	-1.7	32139
São Domingos do Maranhão	BR	-5.6	34384
São Domingos do Prata	BR	-19.9	17392
São Felipe	BR	-12.8	20283
São Félix do Coribe	BR	-13.4	15194
São Félix do Xingu	BR	-6.6	132138
São Fidélis	BR	-21.6	41197
São Francisco	BR	-15.9	56477
São Francisco de Assis	BR	-29.6	18205
São Francisco de Itabapoana	BR	-21.3	47368
São Francisco de Paula	BR	-29.4	21893
São Francisco do Conde	BR	-12.6	38733
São Francisco do Guaporé	BR	-12.1	16286
São Francisco do Sul	BR	-26.2	52674
São Gabriel	BR	-30.3	58487
São Gabriel da Cachoeira	BR	-0.1	51795
São Gabriel da Palha	BR	-19.0	32252
São Gabriel do Oeste	BR	-19.4	29579
São Geraldo do Araguaia	BR	-6.4	24705
São Gonçalo	BR	-22.8	285439
São Gonçalo do Amarante	BR	-5.8	115838
São Gonçalo do Sapucaí	BR	-21.9	23959
São Gonçalo dos Campos	BR	-12.4	39513
São Gotardo	BR	-19.3	40910
São Jerônimo	BR	-30.0	24412
São João	BR	-8.9	23837
São João Batista	BR	-27.3	38583
São João da Barra	BR	-21.6	38708
São João da Boa Vista	BR	-22.0	91771
São João da Ponte	BR	-15.9	23930
São João de Meriti	BR	-22.8	466536
São João de Pirabas	BR	-0.8	23244
São João del Rei	BR	-21.1	94468
São João do Paraíso	BR	-15.3	23910
São João do Piauí	BR	-8.4	21421
São João do Rio do Peixe	BR	-6.7	18026
São João do Soter	BR	-5.1	16889
São João dos Inhamuns	BR	-6.0	29188
São João dos Patos	BR	-6.5	25996
São João Evangelista	BR	-18.5	15315
São João Nepomuceno	BR	-21.5	25565
São Joaquim	BR	-28.3	27139
São Joaquim da Barra	BR	-20.6	48558
São Joaquim de Bicas	BR	-20.0	34348
São Joaquim do Monte	BR	-8.4	20438
São José	BR	-27.6	295658
São José da Coroa Grande	BR	-8.9	19511
São José da Laje	BR	-9.0	21193
São José da Lapa	BR	-19.7	26090
São José da Tapera	BR	-9.6	30604
São José de Mipibu	BR	-6.1	47286
São José de Piranhas	BR	-7.1	20329
São José de Ribamar	BR	-2.6	259164
São José do Belmonte	BR	-7.9	34843
São José do Egito	BR	-7.5	31004
São José do Norte	BR	-32.0	27721
São José do Rio Pardo	BR	-21.6	55124
São José do Rio Preto	BR	-20.8	480393
São José do Vale do Rio Preto	BR	-22.2	22799
São José dos Campos	BR	-23.2	727078
São José dos Pinhais	BR	-25.5	349880
São José dos Quatro Marcos	BR	-15.6	17830
São Leopoldo	BR	-29.8	209229
São Lourenço	BR	-22.1	46202
São Lourenço da Mata	BR	-8.0	118258
São Lourenço da Serra	BR	-23.9	16067
São Lourenço do Oeste	BR	-26.4	24791
São Lourenço do Sul	BR	-31.4	43540
Sao Lucas	BR	-23.6	138038
São Luís	BR	-2.5	917237
São Luís de Montes Belos	BR	-16.5	34157
São Luís do Quitunde	BR	-9.3	31792
São Luís Gonzaga do Maranhão	BR	-4.4	18153
São Luiz Gonzaga	BR	-28.4	33293
São Manuel	BR	-22.7	37289
São Marcos	BR	-29.0	21084
São Mateus	BR	-23.6	155682
São Mateus do Maranhão	BR	-4.0	38829
São Mateus do Sul	BR	-25.9	46705
São Miguel	BR	-23.5	81011
São Miguel Arcanjo	BR	-23.9	32039
São Miguel d'Oeste	BR	-26.7	44330
São Miguel do Araguaia	BR	-13.3	21900
São Miguel do Guamá	BR	-1.6	59632
São Miguel do Guaporé	BR	-11.7	21635
São Miguel do Iguaçu	BR	-25.3	27576
São Miguel do Tapuio	BR	-5.5	17639
São Miguel dos Campos	BR	-9.8	61797
São Paulo	BR	-23.5	12400232
São Paulo de Olivença	BR	-3.4	40073
São Paulo do Potengi	BR	-5.9	16786
São Pedro	BR	-22.5	38256
São Pedro da Aldeia	BR	-22.8	110677
São Pedro do Sul	BR	-29.6	15577
Sao Rafael	BR	-23.6	148145
São Raimundo das Mangabeiras	BR	-7.0	18980
São Raimundo Nonato	BR	-9.0	38934
São Roque	BR	-23.5	79484
São Sebastião	BR	-15.9	98612
São Sebastião da Boa Vista	BR	-1.7	26974
São Sebastião do Caí	BR	-29.6	24428
São Sebastião do Paraíso	BR	-20.9	71796
São Sebastião do Passé	BR	-12.5	44430
São Sepé	BR	-30.2	17019
São Simão	BR	-19.0	20985
São Vicente	BR	-24.0	338326
São Vicente Ferrer	BR	-2.9	22350
São Vicente Férrer	BR	-7.6	16677
Sapé	BR	-7.1	51306
Sapeaçu	BR	-12.7	17409
Sapezal	BR	-13.5	31499
Sapiranga	BR	-29.6	75613
Sapopemba	BR	-23.6	266715
Sapucaia	BR	-22.0	18289
Sapucaia do Sul	BR	-29.8	132107
Saquarema	BR	-22.9	90583
Sarandi	BR	-23.4	118455
Sarzedo	BR	-20.0	36844
Sátiro Dias	BR	-11.6	16008
Satuba	BR	-9.6	25000
Schroeder	BR	-26.4	20061
Se	BR	-23.5	23832
Seabra	BR	-12.4	44234
Seara	BR	-27.1	18620
Sena Madureira	BR	-9.1	46511
Senador Canedo	BR	-16.7	175042
Senador Guiomard	BR	-10.1	23236
Senador Pompeu	BR	-5.6	25456
Sengés	BR	-24.1	19385
Senhor do Bonfim	BR	-10.5	79424
Sento Sé	BR	-9.7	38154
Sepetiba	BR	-23.0	35892
Serafina Corrêa	BR	-28.7	16961
Seropédica	BR	-22.7	84737
Serra	BR	-20.1	520653
Serra do Ramalho	BR	-13.5	34222
Serra Dourada	BR	-12.8	17066
Serra Negra	BR	-22.6	29894
Serra Preta	BR	-12.2	17996
Serra Talhada	BR	-8.0	92228
Serrana	BR	-21.2	43909
Serrinha	BR	-11.7	80435
Serrita	BR	-7.9	18764
Serro	BR	-18.6	21952
Sertânia	BR	-8.1	34271
Sertanópolis	BR	-23.1	16413
Sertãozinho	BR	-21.1	126887
Sete Lagoas	BR	-19.5	238909
Setor Complementar de Indústria e Abastecimento	BR	-15.8	36042
Sidrolândia	BR	-20.9	47118
Silva Jardim	BR	-22.7	22026
Silvânia	BR	-16.7	22245
Simão Dias	BR	-10.7	42578
Simões Filho	BR	-12.8	114559
Simonésia	BR	-20.1	19750
Sinop	BR	-11.9	223780
Siqueira Campos	BR	-23.7	21249
Sirinhaém	BR	-8.6	40852
Sítio Novo	BR	-5.9	17074
Sobradinho	BR	-15.6	72273
Sobradinho II	BR	-15.6	82785
Sobral	BR	-3.7	216519
Socorro	BR	-22.6	41352
Solânea	BR	-6.8	17030
Soledade	BR	-28.8	29991
Solonópole	BR	-5.7	18357
Sombrio	BR	-29.1	29991
Sooretama	BR	-19.2	26502
Sorocaba	BR	-23.5	762172
Sorriso	BR	-12.5	124665
Soure	BR	-0.7	25565
Sousa	BR	-6.8	67259
Souto Soares	BR	-12.1	17050
Souzas	BR	-22.9	18152
Sudoeste/Octagonal	BR	-15.8	44354
Sumaré	BR	-22.8	279545
Sumé	BR	-7.7	17031
Sumidouro	BR	-22.0	15690
Surubim	BR	-7.8	64120
Suzano	BR	-23.5	320261
Tabatinga	BR	-4.2	67182
Tabira	BR	-7.6	29180
Taboão da Serra	BR	-23.6	273542
Tabuleiro do Norte	BR	-5.2	30807
Tacaratu	BR	-9.1	24898
Taguatinga	BR	-15.8	193367
Tailândia	BR	-2.9	72493
Taió	BR	-27.1	18310
Taiobeiras	BR	-15.8	33050
Tamandaré	BR	-8.8	23561
Tamarana	BR	-23.7	15040
Tambaú	BR	-21.7	21435
Tamboril	BR	-4.8	26225
Tanabi	BR	-20.6	25265
Tangará da Serra	BR	-14.6	114603
Tanguá	BR	-22.7	32858
Tanhaçu	BR	-14.0	20393
Tanque Novo	BR	-13.5	17158
Tapauá	BR	-5.6	17015
Tapejara	BR	-28.1	24557
Taperoá	BR	-13.5	21253
Tapiramutá	BR	-11.8	16974
Tapurah	BR	-12.7	15272
Taquara	BR	-29.7	57584
Taquarana	BR	-9.6	19422
Taquari	BR	-29.8	25198
Taquaritinga	BR	-21.4	57364
Taquaritinga do Norte	BR	-7.9	25511
Taquarituba	BR	-23.5	24350
Tarauacá	BR	-8.2	43151
Tartarugalzinho	BR	1.5	17769
Tatuapé	BR	-23.5	98601
Tatuí	BR	-23.4	129130
Tauá	BR	-6.0	59062
Taubaté	BR	-23.0	322397
Tefé	BR	-3.4	79278
Teixeira de Freitas	BR	-17.5	145216
Tejuçuoca	BR	-4.0	17154
Telêmaco Borba	BR	-24.3	79792
Teodoro Sampaio	BR	-22.5	22173
Teofilândia	BR	-11.5	21176
Teófilo Otoni	BR	-17.9	142851
Teolândia	BR	-13.6	15332
Teotônio Vilela	BR	-9.9	39161
Terenos	BR	-20.4	17652
Teresina	BR	-5.1	871126
Teresópolis	BR	-22.4	176735
Terra Boa	BR	-23.8	17200
Terra Preta	BR	-22.6	15605
Terra Rica	BR	-22.7	16924
Terra Roxa	BR	-24.2	18119
Terra Santa	BR	-2.1	18917
Teutônia	BR	-29.4	32797
Tianguá	BR	-3.7	76537
Tibagi	BR	-24.5	20607
Tibau do Sul	BR	-6.2	16929
Tietê	BR	-23.1	37663
Tijucas	BR	-27.2	51592
Tijucas do Sul	BR	-25.9	17621
Timbaúba	BR	-7.5	46147
Timbiras	BR	-4.3	29183
Timbó	BR	-26.8	46099
Timon	BR	-5.1	174465
Timóteo	BR	-19.6	81579
Tobias Barreto	BR	-11.2	50905
Tocantinópolis	BR	-6.3	22845
Tocantins	BR	-21.2	16185
Toledo	BR	-24.7	160701
Tomé-Açu	BR	-2.4	67585
Tonantins	BR	-2.9	18897
Toritama	BR	-8.0	41137
Torres	BR	-29.3	41751
Touros	BR	-5.2	33035
Tracuateua	BR	-1.1	31257
Traipu	BR	-10.0	27826
Trairão	BR	-4.6	15242
Trairi	BR	-3.3	56291
Tramandaí	BR	-30.0	52632
Tremedal	BR	-15.0	16189
Tremembé	BR	-23.0	47714
Três Barras	BR	-26.1	19746
Três Corações	BR	-21.7	80032
Três Coroas	BR	-29.5	24420
Três de Maio	BR	-27.8	24916
Três Lagoas	BR	-20.8	143523
Três Marias	BR	-18.2	28895
Três Passos	BR	-27.5	25436
Três Pontas	BR	-21.4	56940
Três Rios	BR	-22.1	82142
Trindade	BR	-16.6	142431
Triunfo	BR	-29.9	29856
Trizidela do Vale	BR	-4.6	22484
Tubarão	BR	-28.5	116725
Tucano	BR	-11.0	48736
Tucumã	BR	-6.7	40136
Tucuruí	BR	-3.8	115144
Tucuruvi	BR	-23.5	99559
Tuntum	BR	-5.3	42040
Tupã	BR	-21.9	65570
Tupaciguara	BR	-18.6	25470
Tupanatinga	BR	-8.8	28141
Tupanciretã	BR	-29.1	20005
Tupi Paulista	BR	-21.4	15854
Turaru	BR	-3.6	15412
Turiaçu	BR	-1.7	37491
Turilândia	BR	-2.2	31638
Turmalina	BR	-17.3	20000
Tutóia	BR	-2.8	59398
Uarini	BR	-3.0	15278
Uauá	BR	-9.8	24113
Ubá	BR	-21.1	107423
Ubaíra	BR	-13.3	19877
Ubaitaba	BR	-14.3	17596
Ubajara	BR	-3.9	35047
Ubatã	BR	-14.2	27263
Ubatuba	BR	-23.4	91824
Uberaba	BR	-19.7	356781
Uberlândia	BR	-18.9	754954
Ubiratã	BR	-24.5	24749
Ulianópolis	BR	-3.7	37972
Umbaúba	BR	-11.4	23917
Umburanas	BR	-10.7	19402
Umirim	BR	-3.7	19903
Umuarama	BR	-23.8	123059
Una	BR	-15.3	18544
Unaí	BR	-16.4	84930
União	BR	-4.6	46119
União da Vitória	BR	-26.2	57913
União dos Palmares	BR	-9.2	65790
Universidade Rural	BR	-22.8	26371
Urandi	BR	-14.8	15355
Urbano Santos	BR	-3.2	33459
Uruaçu	BR	-14.5	40840
Uruará	BR	-3.7	43558
Uruburetama	BR	-3.6	20189
Urucará	BR	-2.5	16130
Uruçuca	BR	-14.6	20413
Uruçuí	BR	-7.2	21655
Urucuia	BR	-16.1	17479
Urucurituba	BR	-3.1	25592
Uruguaiana	BR	-29.8	120819
Urussanga	BR	-28.5	20919
Utinga	BR	-12.1	19256
Vacaria	BR	-28.5	64197
Valença	BR	-13.4	97873
Valença do Piauí	BR	-6.4	20929
Valente	BR	-11.4	28800
Valinhos	BR	-23.0	132258
Valparaíso	BR	-21.2	24241
Valparaíso de Goiás	BR	-16.1	218416
Vargem Alta	BR	-20.7	19563
Vargem Grande	BR	-3.5	57168
Vargem Grande do Sul	BR	-21.8	40133
Vargem Grande Paulista	BR	-23.6	50415
Varginha	BR	-21.6	136467
Varjota	BR	-4.2	18105
Várzea Alegre	BR	-6.8	40903
Várzea da Palma	BR	-17.6	33744
Várzea Grande	BR	-15.6	300078
Várzea Paulista	BR	-23.2	115771
Varzelândia	BR	-15.7	18840
Vassouras	BR	-22.4	35904
Vazante	BR	-18.0	19975
Venâncio Aires	BR	-29.6	68763
Venturosa	BR	-8.6	17251
Vera Cruz	BR	-13.0	43716
Veranópolis	BR	-28.9	26533
Vertentes	BR	-7.9	21959
Vespasiano	BR	-19.7	138583
Viamão	BR	-30.1	231996
Viana	BR	-20.4	73423
Vicência	BR	-7.7	27151
Vicente Pires	BR	-15.8	96871
Viçosa	BR	-20.8	76430
Viçosa do Ceará	BR	-3.6	61410
Videira	BR	-27.0	55466
Vidigal	BR	-23.0	15112
Vigia	BR	-0.9	50832
Vila Andrade	BR	-23.6	168669
Vila Bela da Santíssima Trindade	BR	-15.0	17384
Vila Curuca	BR	-23.5	140673
Vila Formosa	BR	-23.6	92186
Vila Galvão	BR	-23.5	29968
Vila Guilherme	BR	-23.5	52587
Vila Jacui	BR	-23.5	134189
Vila Leopoldina	BR	-23.5	46875
Vila Maria	BR	-23.5	108543
Vila Mariana	BR	-23.6	127286
Vila Matilde	BR	-23.5	103558
Vila Medeiros	BR	-23.5	114839
Vila Prudente	BR	-23.6	105590
Vila Rica	BR	-10.0	19827
Vila Velha	BR	-20.3	394930
Vilhena	BR	-12.7	109651
Vinhedo	BR	-23.0	76540
Viradouro	BR	-20.9	17414
Visconde do Rio Branco	BR	-21.0	39160
Viseu	BR	-1.2	58692
Vitória	BR	-20.3	312656
Vitória da Conquista	BR	-14.9	396613
Vitória de Santo Antão	BR	-8.1	134084
Vitória do Mearim	BR	-3.5	32861
Vitória do Xingu	BR	-2.9	15607
Vitorino Freire	BR	-4.3	31522
Volta Redonda	BR	-22.5	279971
Votorantim	BR	-23.5	133510
Votuporanga	BR	-20.4	100568
Wenceslau Braz	BR	-23.9	19386
Wenceslau Guimarães	BR	-13.7	24474
Xangri-lá	BR	-29.8	16463
Xanxerê	BR	-26.9	51607
Xapuri	BR	-10.7	18243
Xaxim	BR	-27.0	31918
Xinguara	BR	-7.1	45086
Xique-Xique	BR	-10.8	44757
Zé Doca	BR	-3.3	40801
Freeport	BS	26.5	26910
Killarney	BS	25.1	17679
Lucaya	BS	26.5	46525
Nassau	BS	25.1	227940
Phuntsholing	BT	26.9	27658
Punākha	BT	27.6	21500
Thimphu	BT	27.5	98676
Tsirang	BT	27.0	22376
Bobonong	BW	-22.0	21216
Francistown	BW	-21.2	103417
Gabane	BW	-24.7	20027
Gaborone	BW	-24.7	246325
Ghanzi	BW	-21.7	19012
Janeng	BW	-25.4	16853
Jwaneng	BW	-24.6	18784
Kanye	BW	-25.0	48028
Letlhakane	BW	-21.4	36404
Lobatse	BW	-25.2	29772
Mahalapye	BW	-23.1	48431
Maun	BW	-20.0	85350
Mmopone	BW	-24.6	25460
Mochudi	BW	-24.4	50321
Mogoditshane	BW	-24.6	88004
Molepolole	BW	-24.4	74861
Mosopa	BW	-24.8	23858
Palapye	BW	-22.5	52636
Ramotswa	BW	-24.9	33271
Selebi-Phikwe	BW	-22.0	42488
Serowe	BW	-22.4	55676
Thamaga	BW	-24.7	25300
Tlokweng	BW	-24.7	55508
Tonota	BW	-21.4	23296
Tutume	BW	-20.5	18582
Astraviec	BY	54.6	15265
Baranovichi	BY	53.1	170039
Barysaw	BY	54.2	133700
Bobruysk	BY	53.1	205502
Brest	BY	52.1	347138
Byaroza	BY	52.5	27986
Bykhov	BY	53.5	16296
Dobrush	BY	52.4	17901
Dzyarzhynsk	BY	53.7	29607
Fanipol	BY	53.7	19006
Hlybokaye	BY	55.1	17807
Homyel'	BY	52.4	501193
Horad Zhodzina	BY	54.1	62983
Horki	BY	54.3	28626
Hrodna	BY	53.7	363718
Ivanovo	BY	52.1	15833
Ivatsevichi	BY	52.7	22189
Kalinkovichi	BY	52.1	36656
Kalodzishchy	BY	53.9	17000
Kobryn	BY	52.2	52235
Krychaw	BY	53.7	22973
Lida	BY	53.9	103262
Logoysk	BY	54.2	15543
Luninyets	BY	52.2	23396
Lyepyel’	BY	54.9	17400
Mahilyow	BY	53.9	352896
Maladziečna	BY	54.3	87339
Mar’ina Gorka	BY	53.5	19892
Mazyr	BY	52.0	104517
Minsk	BY	53.9	1742124
Nesvizh	BY	53.2	15897
Novogrudok	BY	53.6	27624
Novopolotsk	BY	55.5	95370
Orsha	BY	54.5	101662
Oshmyany	BY	54.4	16804
Osipovichi	BY	53.3	28745
Pastavy	BY	55.1	18450
Pinsk	BY	52.1	123283
Polotsk	BY	55.5	79285
Pruzhany	BY	52.6	18994
Rahachow	BY	53.1	31490
Rechytsa	BY	52.4	64733
Shchuchyn	BY	53.6	15127
Slonim	BY	53.1	48402
Slutsk	BY	53.0	58995
Smaliavičy	BY	54.0	24402
Smarhoń	BY	54.5	35072
Soligorsk	BY	52.8	96418
Stowbtsy	BY	53.5	17603
Svetlogorsk	BY	52.6	61812
Vaukavysk	BY	53.2	41020
Vileyka	BY	54.5	26015
Vitebsk	BY	55.2	358927
Zaslawye	BY	54.0	17166
Zhlobin	BY	52.9	76304
Žytkavičy	BY	52.2	15788
Belize City	BZ	17.5	65222
Belmopan	BZ	17.3	13381
Orange Walk	BZ	18.1	15298
San Ignacio	BZ	17.2	21229
San Pedro	BZ	17.9	17429
Abbotsford	CA	49.1	141397
Agincourt North	CA	43.8	29113
Agincourt South-Malvern West	CA	43.8	23757
Ahuntsic-Cartierville	CA	45.6	135336
Airdrie	CA	51.3	90044
Ajax	CA	43.9	119677
Alliston	CA	44.2	18809
Alma	CA	48.6	29526
Alta Vista	CA	45.4	24726
Amos	CA	48.6	17918
Ancaster	CA	43.2	40557
Annex	CA	43.7	30526
Arbutus Ridge	CA	49.2	15295
Arcola East	CA	50.4	33725
Armdale	CA	44.6	16502
Auburn Bay	CA	50.9	18090
Aurora	CA	44.0	55445
Aylmer	CA	45.4	56542
Baie-Comeau	CA	49.2	21536
Banbury-Don Mills	CA	43.7	27695
Barrie	CA	44.4	147829
Bathurst Manor	CA	43.8	15873
Bay Street Corridor	CA	43.7	25797
Bayview Village	CA	43.8	21396
Beaconsfield	CA	45.4	19194
Beauport	CA	46.9	81425
Bedford	CA	44.7	21474
Bedford Park-Nortown	CA	43.7	23236
Belleville	CA	44.2	50716
Beloeil	CA	45.6	18927
Beltline	CA	51.0	25880
Bendale	CA	43.8	29960
Birchcliffe-Cliffside	CA	43.7	22291
Black Creek	CA	43.8	21737
Blainville	CA	45.7	46493
Blundell	CA	49.2	18065
Boisbriand	CA	45.6	26483
Bolton	CA	43.9	26795
Boucherville	CA	45.6	39062
Bowmanville	CA	43.9	39371
Bracebridge	CA	45.0	16010
Brampton	CA	43.7	656480
Brandon	CA	49.8	48859
Brant	CA	43.1	34415
Brantford	CA	43.1	104688
Bridlewood	CA	45.3	24400
Brighouse-City Centre	CA	49.2	62855
Broadmoor	CA	49.1	23050
Brocklehurst	CA	50.7	16713
Brockville	CA	44.6	23886
Brookhaven-Amesbury	CA	43.7	17757
Brooklin	CA	44.0	25000
Brossard	CA	45.5	69575
Buckingham	CA	45.6	16685
Burlington	CA	43.4	186948
Burnaby	CA	49.3	249125
Caledon	CA	43.9	76581
Calgary	CA	51.1	1306784
Cambridge	CA	43.4	129920
Campbell River	CA	50.0	33430
Camrose	CA	53.0	20405
Candiac	CA	45.4	15947
Carey	CA	48.5	18405
Cariboo	CA	49.3	22780
Cartierville	CA	45.5	34667
Central Coquitlam	CA	49.3	15480
Central Lonsdale	CA	49.3	18485
Central Saanich	CA	48.6	17385
Centre City	CA	51.0	41000
Centretown	CA	45.4	25687
Chambly	CA	45.5	22608
Charlesbourg	CA	46.9	82870
Charlottetown	CA	46.2	38809
Châteauguay	CA	45.4	42786
Chatham	CA	42.4	43550
Chestermere	CA	51.0	32255
Chicoutimi	CA	48.4	69004
Chilliwack	CA	49.2	101491
Chilliwack-Downtown	CA	49.2	31410
Chinatown	CA	49.3	24000
Chomedey	CA	45.5	94030
Christopher-Champlain	CA	43.3	15372
Church-Yonge Corridor	CA	43.7	31340
Clairlea-Birchmount	CA	43.7	26984
Clanton Park	CA	43.7	16472
Clarence-Rockland	CA	45.6	20790
Clayton Park West	CA	44.7	16550
Cliffcrest	CA	43.7	15935
Cloverdale	CA	49.1	73355
Cobourg	CA	44.0	18099
Cochrane	CA	51.2	32199
Cole Harbour	CA	44.7	19096
Collingwood	CA	44.5	21793
Colwood	CA	48.4	16859
Conception Bay South	CA	47.5	27168
Confederation	CA	52.1	70192
Coquitlam	CA	49.3	148625
Coquitlam Town Centre	CA	49.3	24282
Coquitlam West	CA	49.3	25656
Core Neighbourhoods	CA	52.1	36088
Corner Brook	CA	49.0	19316
Cornwall	CA	45.0	48821
Côte-Saint-Luc	CA	45.5	31395
Courtenay	CA	49.7	28420
Coventry Hills	CA	51.2	17350
Cranbrook	CA	49.5	20047
Cranston	CA	50.9	20850
Danforth East York	CA	43.7	17180
Dartmouth	CA	44.7	101343
Delta	CA	49.1	101668
Desmarchais-Crawford	CA	45.4	29688
Deux-Montagnes	CA	45.5	17402
Dewdney East	CA	50.5	18715
Dieppe	CA	46.1	27304
Dollard-Des Ormeaux	CA	45.5	48930
Don Valley Village	CA	43.8	27051
Dorset Park	CA	43.8	25003
Dorval	CA	45.4	18980
Dovercourt-Wallace Emerson-Junction	CA	43.7	36625
Downsview-Roding-CFB	CA	43.7	35052
Downtown Eastside	CA	49.3	18477
Downtown Halifax	CA	44.6	25555
Downtown Vancouver	CA	49.3	62030
Drummondville	CA	45.9	59489
Dunbar-Southlands	CA	49.2	21245
Duncan	CA	48.8	22199
Duvernay	CA	45.6	37460
East End-Danforth	CA	43.7	21381
East Gwillimbury	CA	44.1	23991
East Hastings	CA	49.3	80740
Edenbridge-Humber Valley	CA	43.7	15535
Edgemont	CA	51.1	15225
Edmonds	CA	49.2	22318
Edmonton	CA	53.6	1010899
Edmundston	CA	47.4	16580
Eglinton East	CA	43.7	22776
Englemount-Lawrence	CA	43.7	22372
Eringate-Centennial-West Deane	CA	43.7	18588
Esquimalt	CA	48.4	17655
Etobicoke	CA	43.6	365000
Evanston	CA	51.2	18710
Evergreen	CA	50.9	20780
Fairview	CA	49.3	33620
Fallingbrook	CA	45.5	25000
Fergus	CA	43.7	20767
Fiddlesticks	CA	43.4	17576
Fleetwood	CA	49.2	65565
Flemingdon Park	CA	43.7	21933
Forest Heights	CA	43.4	15581
Fort Erie	CA	42.9	30710
Fort Garry South	CA	49.8	65420
Fort McMurray	CA	56.7	66573
Fort St. John	CA	56.2	21465
Fraser Heights	CA	49.2	25000
Fredericton	CA	45.9	63116
Fredericton Northside	CA	46.0	28167
Gatineau	CA	45.5	300045
Georgetown	CA	43.7	44058
Glace Bay	CA	46.2	16915
Glenfield-Jane Heights	CA	43.7	30491
Gloucester	CA	45.4	150012
Gordon Head	CA	48.5	21270
Granby	CA	45.4	66222
Grande Prairie	CA	55.2	70385
Grandview-Woodlands	CA	49.3	29175
Greater Napanee	CA	44.3	15892
Greater Sudbury	CA	46.5	166004
Greenfield Park	CA	45.5	16733
Grimsby	CA	43.2	27314
Guelph	CA	43.5	143740
Guildford	CA	49.2	64985
Halifax	CA	44.6	471559
Halifax South End	CA	44.6	19922
Halifax West End	CA	44.6	22664
Halton Hills	CA	43.6	62951
Hamilton	CA	43.3	569353
Haney	CA	49.2	21041
Harewood	CA	49.1	8769
Hastings-Sunrise	CA	49.3	34575
Henry Farm	CA	43.8	15723
Hespeler	CA	43.4	18445
High Park North	CA	43.7	22162
High Park-Swansea	CA	43.6	23925
Hillcrest Village	CA	43.8	16934
Hull	CA	45.4	63702
Humbermede	CA	43.8	15545
Huntsville	CA	45.3	19816
Ile-des-Soeurs	CA	45.5	20461
Innisfil	CA	44.3	43326
Islington-City Centre West	CA	43.6	43965
Joliette	CA	46.0	34772
Jonquière	CA	48.4	54842
Kamloops	CA	50.7	104460
Kanata	CA	45.3	90000
Kelowna	CA	49.9	144576
Kennedy Park	CA	43.7	17123
Kenora	CA	49.8	15096
Kensington-Cedar Cottage	CA	49.3	49235
Kensington-Chinatown	CA	43.7	17945
Keswick	CA	44.3	21000
Killarney	CA	49.2	29325
Kingston	CA	44.2	132485
Kingsview Village-The Westway	CA	43.7	22000
Kingsville	CA	42.1	22119
Kirkland	CA	45.5	20491
Kitchener	CA	43.4	256885
Kitsilano	CA	49.3	43045
L'Amoreaux	CA	43.8	43993
L'Ancienne-Lorette	CA	46.8	16516
L'Assomption	CA	45.8	15906
L'Île-Bizard–Sainte-Geneviève	CA	45.5	19857
La Baie	CA	48.3	18036
La Cité-Limoilou	CA	46.8	108415
La Haute-Saint-Charles	CA	46.9	88460
La Prairie	CA	45.4	23357
Ladner	CA	49.1	23016
Laflèche	CA	45.5	17499
Lake Country	CA	50.0	15817
Lakewood	CA	52.1	51237
Langford	CA	48.4	46584
Langley	CA	49.1	132603
Lansing-Westgate	CA	43.8	16164
LaSalle	CA	42.2	32721
Laval	CA	45.6	438366
Laval-des-Rapides	CA	45.6	36933
Lawrence Park South	CA	43.7	15179
Lawson	CA	52.2	34620
Le Plateau-Mont-Royal	CA	45.5	105813
Le Sud-Ouest	CA	45.5	86347
Le Vieux-Longueuil	CA	45.5	135218
Leamington	CA	42.1	35730
Leaside-Bennington	CA	43.7	16828
Leduc	CA	53.3	15561
Les Coteaux	CA	45.3	17396
Les Rivières	CA	46.8	77000
Lethbridge	CA	49.7	103197
Lévis	CA	46.8	143414
Lindsay	CA	44.4	20354
Little Portugal	CA	43.6	15559
Lloydminster	CA	53.3	31582
London	CA	43.0	422324
Longueuil	CA	45.5	229330
Lougheed	CA	49.2	15300
Lower Lonsdale	CA	49.3	19718
Lower Sackville	CA	44.8	51749
Lutes Mountain	CA	46.1	16311
Magog	CA	45.3	15550
Maillardville	CA	49.2	15837
Malvern	CA	43.8	43794
Maple Ridge	CA	49.2	82256
Markham	CA	43.9	338503
Marpole	CA	49.2	27843
Mascouche	CA	45.7	34626
Maywood	CA	49.2	19650
McKenzie Towne	CA	50.9	17505
Medicine Hat	CA	50.0	63138
Mercier–Hochelaga-Maisonneuve	CA	45.6	142753
Metrotown	CA	49.2	52355
Midland	CA	44.8	24353
Mile End	CA	45.5	23977
Milliken	CA	43.8	26572
Milton	CA	43.5	132979
Mimico	CA	43.6	33964
Mirabel	CA	45.7	34626
Miramichi	CA	47.0	17537
Mission	CA	49.1	41519
Mississauga	CA	43.6	717961
Moncton	CA	46.1	86106
Mont-Royal	CA	45.5	18933
Mont-Saint-Hilaire	CA	45.6	15720
Montréal	CA	45.5	1762949
Montréal-Nord	CA	45.6	86857
Moose Jaw	CA	50.4	33890
Morningside	CA	43.8	17455
Moss Park	CA	43.7	20506
Mount Olive-Silverstone-Jamestown	CA	43.7	32954
Mount Pearl	CA	47.5	22477
Mount Pleasant	CA	49.3	33000
Mount Pleasant East	CA	43.7	16775
Mount Pleasant West	CA	43.7	29658
Mt Pleasant	CA	49.3	32955
Nanaimo	CA	49.2	90504
Nepean	CA	45.3	180000
Neufchâtel-Est–Lebourgneuf	CA	46.9	37540
New Glasgow	CA	45.6	18665
New Westminster	CA	49.2	78916
Newmarket	CA	44.1	91034
Newton	CA	49.1	159390
Newtonbrook East	CA	43.8	16097
Newtonbrook West	CA	43.8	23831
Niagara	CA	43.6	31180
Niagara Falls	CA	43.1	99818
Niagara-on-the-Lake	CA	43.3	17511
Norfolk County	CA	42.8	60847
North Battleford	CA	52.8	19440
North Bay	CA	46.3	50396
North Cowichan	CA	48.8	29676
North Delta	CA	49.2	60769
North St.James Town	CA	43.7	18615
North Vancouver	CA	49.3	88168
Notre-Dame-de-Grâce	CA	45.5	68152
Nutana Sector	CA	52.1	72564
O'Connor-Parkview	CA	43.7	18675
Oak Bay	CA	48.4	18015
Oakville	CA	43.5	213759
Oakwood Village	CA	43.7	21210
Okanagan Mission	CA	49.8	38374
Okotoks	CA	50.7	30214
Orangeville	CA	43.9	30734
Orillia	CA	44.6	31166
Orléans	CA	45.5	125937
Oshawa	CA	43.9	175383
Ottawa	CA	45.4	1017449
Ottawa South	CA	45.4	125090
Outremont	CA	45.5	23954
Owen Sound	CA	44.6	21341
Panorama Hills	CA	51.2	25535
Paradise	CA	47.5	22957
Parc-Extension	CA	45.5	33800
Parkwoods-Donalda	CA	43.8	34805
Penticton	CA	49.5	33761
Petawawa	CA	45.9	17187
Peterborough	CA	44.3	85807
Pickering	CA	43.9	91771
Pierrefonds	CA	45.5	59093
Pierrefonds-Roxboro	CA	45.5	73194
Pitt Meadows	CA	49.2	18573
Pleasant View	CA	43.8	15818
Pointe-Claire	CA	45.4	30161
Port Alberni	CA	49.2	20712
Port Colborne	CA	42.9	18306
Port Coquitlam	CA	49.3	58000
Port Moody	CA	49.3	27512
Prince Albert	CA	53.2	35102
Prince Edward	CA	44.0	25496
Prince George	CA	53.9	78943
Québec	CA	46.8	531902
Quinte West	CA	44.1	43577
Quispamsis	CA	45.4	18768
Red Deer	CA	52.3	100844
Regina	CA	50.5	226404
Renfrew Heights	CA	49.3	20570
Renfrew-Collingwood	CA	49.2	51530
Repentigny	CA	45.7	84965
Richmond	CA	49.2	209937
Richmond Hill	CA	43.9	202022
Riley Park	CA	49.2	22555
Rimouski	CA	48.4	42240
Riverview	CA	46.1	20584
Rivière-des-Prairies–Pointe-aux-Trembles	CA	45.6	113868
Rivière-du-Loup	CA	47.8	18586
Rock Forest	CA	45.4	35500
Rockcliffe-Smythe	CA	43.7	22246
Rosedale-Moore Park	CA	43.7	20923
Rosemont–La Petite-Patrie	CA	45.5	146501
Rouge	CA	43.8	46496
Rouyn-Noranda	CA	48.2	23504
Rutland	CA	49.9	34800
Saanich	CA	48.5	117735
Saddle Ridge	CA	51.1	24365
Saguenay	CA	48.4	148886
Saint John	CA	45.3	71808
Saint John West	CA	45.3	15255
Saint-Augustin-de-Desmaures	CA	46.7	17281
Saint-Basile-le-Grand	CA	45.5	15605
Saint-Bruno-de-Montarville	CA	45.5	24388
Saint-Charles-Borromée	CA	46.1	15285
Saint-Constant	CA	45.4	27359
Saint-Eustache	CA	45.6	42062
Saint-Georges	CA	46.1	31173
Saint-Henri	CA	45.5	15800
Saint-Hubert	CA	45.5	82548
Saint-Hyacinthe	CA	45.6	50326
Saint-Jean-sur-Richelieu	CA	45.3	98036
Saint-Jérôme	CA	45.8	54948
Saint-Laurent	CA	45.5	98828
Saint-Lazare	CA	45.4	19889
Saint-Léonard	CA	45.6	79495
Saint-Lin-Laurentides	CA	45.9	17463
Saint-Louis-de-Terrebonne	CA	45.7	119944
Saint-Michel	CA	45.6	56420
Saint-Vincent-de-Paul	CA	45.6	15194
Sainte-Catherine	CA	45.4	16762
Sainte-Foy	CA	46.8	111300
Sainte-Julie	CA	45.6	29019
Sainte-Thérèse	CA	45.6	25224
Salaberry-de-Valleyfield	CA	45.3	42787
Salmon Arm	CA	50.7	19432
Sarnia	CA	43.0	72125
Saskatoon	CA	52.1	266141
Sault Ste. Marie	CA	46.5	72051
Scarborough Village	CA	43.7	16724
Seafair	CA	49.1	16070
Sept-Îles	CA	50.2	28534
Shawinigan	CA	46.6	38211
Sherbrooke	CA	45.4	129447
Sherwood Park	CA	53.5	70618
Snowdon	CA	45.5	32160
Sooke	CA	48.4	15086
Sorel-Tracy	CA	46.0	41629
South Granville	CA	49.3	24820
South Parkdale	CA	43.6	21849
South Riverdale	CA	43.6	27876
South Surrey	CA	49.0	77170
Spruce Grove	CA	53.5	38985
Squamish	CA	49.7	23819
St. Albert	CA	53.6	57719
St. Andrew-Windfields	CA	43.8	17812
St. Catharines	CA	43.2	136803
St. James-Assiniboia East	CA	49.9	27755
St. John's	CA	47.6	110525
St. Thomas	CA	42.8	38909
Steeles	CA	43.8	24623
Steinbach	CA	49.5	15829
Steveston	CA	49.1	25220
Stittsville	CA	45.3	40889
Stonebridge	CA	52.1	16392
Stonegate-Queensway	CA	43.6	25051
Stoney Creek	CA	43.2	76382
Stony Plain	CA	53.5	17993
Stouffville	CA	44.0	36753
Stratford	CA	43.4	31465
Strathroy	CA	43.0	23871
Strawberry Hill	CA	49.1	41000
Sunset	CA	49.2	36500
Surrey	CA	49.1	568322
Surrey City Centre	CA	49.2	33520
Swift Current	CA	50.3	16604
Sydney	CA	46.1	105968
Sylvan Lake	CA	52.3	17477
Tam O'Shanter-Sullivan	CA	43.8	27446
Taradale	CA	51.1	17630
Taylor-Massey	CA	43.7	15683
Tecumseh	CA	42.3	23229
Templeton-Est	CA	45.5	20000
Terrace	CA	54.5	19443
Terrebonne	CA	45.7	111575
The Beaches	CA	43.7	21567
Thetford-Mines	CA	46.1	25704
Thorncliffe Park	CA	43.7	21108
Thornhill	CA	43.8	115292
Thorold	CA	43.1	18801
Thunder Bay	CA	48.4	108843
Tillsonburg	CA	42.9	18615
Timmins	CA	48.5	41788
Toronto	CA	43.7	2794356
Townline	CA	49.1	21095
Trinity-Bellwoods	CA	43.6	16556
Trois-Rivières	CA	46.3	144472
Tsawwassen	CA	49.0	21588
Tuscany	CA	51.1	19700
University Endowment Lands	CA	49.3	16920
University Heights	CA	52.1	51957
Uxbridge	CA	44.1	21176
Val-d'Or	CA	48.1	25541
Val-des-Arbres	CA	45.6	40974
Valley East	CA	46.6	17451
Vancouver	CA	49.2	662248
Vanier	CA	45.4	17000
Varennes	CA	45.7	20994
Vaudreuil-Dorion	CA	45.4	25789
Vaughan	CA	43.8	323103
Vedder Crossing	CA	49.1	22620
Verdun	CA	45.5	69229
Vernon	CA	50.3	40116
Victoria	CA	48.4	289625
Victoria Village	CA	43.7	17510
Victoria-Downtown	CA	48.4	46309
Victoria-Fraserview	CA	49.2	31065
Victoriaville	CA	46.1	34426
Ville-Émard	CA	45.4	30440
Ville-Marie	CA	45.5	104944
Villeray–Saint-Michel–Parc-Extension	CA	45.6	144814
Walnut Grove	CA	49.2	25683
Wasaga Beach	CA	44.5	20675
Waterdown	CA	43.3	24400
Waterfront Communities-The Island	CA	43.6	65913
Waterloo	CA	43.5	104986
Welland	CA	43.0	52293
West End	CA	49.3	47200
West Hill	CA	43.8	27392
West Humber-Clairville	CA	43.7	33312
West Kelowna	CA	49.9	28793
West Vancouver	CA	49.3	45487
Westminster-Branson	CA	43.8	26274
Westmount	CA	45.5	20494
Weston	CA	43.7	17992
Westwood Plateau	CA	49.3	19776
Wexford/Maryvale	CA	43.7	27917
Whalley	CA	49.2	102555
Whitby	CA	43.9	138501
Whitchurch-Stouffville	CA	44.0	49864
White Rock	CA	49.0	23670
Whitehorse	CA	60.7	28201
Wîhkwêntôwin	CA	53.5	18180
Willoughby	CA	49.1	31305
Willowdale	CA	43.8	79440
Willowdale East	CA	43.8	50434
Willowdale West	CA	43.8	16936
Willowridge-Martingrove-Richview	CA	43.7	22156
Windsor	CA	42.3	229660
Winnipeg	CA	49.9	749607
Woburn	CA	43.8	53485
Woodlawn	CA	44.7	20000
Woodstock	CA	43.1	40404
Yellowknife	CA	62.5	20340
York University Heights	CA	43.8	27593
Yorkton	CA	51.2	16343
West Island	CC	-12.2	120
Aketi	CD	2.7	61437
Aru	CD	2.9	45516
Babamba	CD	0.2	81740
Bakwa	CD	4.1	100575
Bandundu Province	CD	-3.3	202904
Basankusu	CD	1.2	41141
Basoko	CD	1.2	76371
Baudhuinville	CD	-7.1	81181
Beni	CD	0.5	140731
Binga	CD	2.4	96790
Boende	CD	-0.3	50794
Bolenge	CD	0.0	79648
Bolobo	CD	-2.2	47032
Boma	CD	-5.9	297009
Bondo	CD	3.8	17860
Bukama	CD	-9.2	105530
Bukavu	CD	-2.5	816811
Bulungu	CD	-4.5	81393
Bumba	CD	2.2	154586
Bunia	CD	1.6	399282
Businga	CD	3.3	48339
Buta	CD	2.8	80751
Butembo	CD	0.1	286242
Demba	CD	-5.5	22263
Dibaya-Lubwe	CD	-4.2	55672
Djugu	CD	1.9	41409
Dungu	CD	-3.6	41076
Fungurume	CD	-10.6	50100
Gandajika	CD	-6.7	208051
Gbadolite	CD	4.3	73835
Gemena	CD	3.3	197159
Goma	CD	-1.7	78200
Hyosha	CD	0.7	74502
Idiofa	CD	-5.0	87882
Ilebo	CD	-4.3	117245
Inkisi	CD	-5.1	115317
Inongo	CD	-1.9	68852
Isiro	CD	2.8	255409
Kabalo	CD	-6.1	81191
Kabare	CD	-2.5	37034
Kabeya-Kamwanga	CD	-6.0	44093
Kabinda	CD	-6.1	219396
Kalemie	CD	-5.9	160961
Kalima	CD	-5.5	72327
Kambove	CD	-10.9	99884
Kamina	CD	-8.7	200184
Kampene	CD	-3.6	37034
Kananga	CD	-5.9	1271704
Kanyama	CD	-7.5	80043
Kanyobagonga	CD	-0.7	44146
Kasangulu	CD	-4.6	45400
Kasongo	CD	-4.4	81629
Kasongo-Lunda	CD	-6.5	20060
Katanda	CD	-0.8	42105
Katwa	CD	0.1	89352
Kayna	CD	-0.6	51103
Kenge	CD	-5.8	63317
Kikwit	CD	-5.0	509367
Kimpese	CD	-5.6	79539
Kindu	CD	-2.9	234651
Kinshasa	CD	-4.3	16000000
Kipamba	CD	-8.2	46430
Kipushi	CD	-11.8	169635
Kirumba	CD	-1.1	52041
Kisangani	CD	0.5	1602144
Kituku	CD	-7.6	66378
Kolwezi	CD	-10.7	790248
Kongolo	CD	-5.4	86932
Kutu	CD	-2.7	56061
Libenge	CD	3.7	37344
Likasi	CD	-11.0	635768
Lisala	CD	2.2	117464
Lodja	CD	-3.5	91409
Lubao	CD	-5.4	37818
Lubero	CD	-0.2	41722
Lubumbashi	CD	-11.7	2221925
Luebo	CD	-5.4	45443
Lukula	CD	-3.9	46534
Luputa	CD	-7.2	54676
Lusambo	CD	-5.0	49376
Malemba	CD	-10.4	44027
Malemba-Nkulu	CD	-8.0	25430
Mangai	CD	-4.0	63713
Mangbwalu	CD	1.9	45318
Mangina	CD	0.6	55439
Manono	CD	-7.3	82465
Masi-Manimba	CD	-4.8	45775
Masina	CD	-4.4	485167
Matadi	CD	-5.8	425662
Mbandaka	CD	0.0	455011
Mbanza-Ngungu	CD	-5.3	142773
Mbuji-Mayi	CD	-6.1	2101332
Miabi	CD	-6.2	79929
Moanda	CD	-5.9	128804
Mokambo	CD	-12.4	34762
Mulongo	CD	-7.8	89340
Mushie	CD	-3.0	61336
Mweka	CD	-4.9	81267
Mwene	CD	-9.8	295683
Mwene-Ditu	CD	-7.0	189177
Nioki	CD	-2.7	62153
Nyunzu	CD	-6.0	62565
Pepa	CD	-7.7	24767
Pweto	CD	-8.5	38298
Rutshuru	CD	-1.2	82680
Sake	CD	-1.6	17151
Tshela	CD	-5.0	64210
Tshikapa	CD	-6.4	634529
Tshilenge	CD	-11.0	116073
Uvira	CD	-3.4	407092
Wamba	CD	2.1	17373
Watsa	CD	3.0	47278
Yangambi	CD	0.8	62082
Zongo	CD	4.3	48658
Abba	CF	5.3	20043
Alindao	CF	5.0	32588
Baboua	CF	5.8	33739
Bambari	CF	5.8	83029
Bangassou	CF	4.7	54059
Bangui	CF	4.4	812407
Baoro	CF	5.7	18089
Batangafo	CF	7.3	24119
Bégoua	CF	4.5	264067
Berbérati	CF	4.3	103713
Bimbo	CF	4.3	348802
Boali	CF	4.8	18090
Bobangui	CF	4.0	16486
Bocaranga	CF	7.0	36418
Bossangoa	CF	6.5	55353
Bossembélé	CF	5.3	17203
Bouar	CF	5.9	71680
Bouca	CF	6.5	19320
Bozoum	CF	6.3	20665
Bria	CF	6.5	47226
Carnot	CF	4.9	129032
Dekoa	CF	6.3	19639
Ippy	CF	6.3	28319
Kabo	CF	7.7	16279
Kaga-Bandoro	CF	7.0	55047
Kouango	CF	5.0	36575
Mbaïki	CF	3.9	21867
Ndélé	CF	8.4	27071
Nola	CF	3.5	31923
Paoua	CF	7.2	47703
Sibut	CF	5.7	31986
Yaloké	CF	5.3	21710
Zemio	CF	5.0	17829
Bétou	CG	3.1	16221
Bouansa	CG	-4.2	27512
Brazzaville	CG	-4.3	1982000
Djambala	CG	-2.5	15372
Dolisie	CG	-4.2	121000
Gamboma	CG	-1.9	26718
Impfondo	CG	1.6	48939
Kayes	CG	-4.2	58737
Loandjili	CG	-4.8	23204
Loudima	CG	-4.1	20391
Loutété	CG	-4.3	27726
Makoua	CG	0.0	20550
Mindouli	CG	3.1	20985
Mossaka	CG	-1.2	21809
Mossendjo	CG	-2.9	19104
Mouyondzi	CG	-4.0	18321
Nkayi	CG	-4.2	103000
Ouesso	CG	1.6	40667
Owando	CG	-0.5	35698
Oyo	CG	-1.2	20630
Pointe-Noire	CG	-4.8	1032000
Pokola	CG	1.4	15102
Sibiti	CG	-3.7	33122
Aarau	CH	47.4	21503
Adliswil	CH	47.3	15230
Allschwil	CH	47.6	18189
Baar	CH	47.2	20546
Baden	CH	47.5	19340
Basel	CH	47.6	177595
Bellinzona	CH	46.2	43220
Bern	CH	46.9	121631
Biel/Bienne	CH	47.1	55120
Bülach	CH	47.5	20443
Bulle	CH	46.6	23438
Burgdorf	CH	47.1	16420
Carouge	CH	46.2	19344
Cham	CH	47.2	16719
Chur	CH	46.8	35373
Dietikon	CH	47.4	20893
Dübendorf	CH	47.4	19882
Einsiedeln	CH	47.1	15867
Emmen	CH	47.1	30926
Frauenfeld	CH	47.6	25607
Fribourg	CH	46.8	38365
Geneva	CH	46.2	201741
Gossau	CH	47.4	17043
Grenchen	CH	47.2	15927
Herisau	CH	47.4	15744
Horgen	CH	47.3	22662
Jona	CH	47.2	17655
Kloten	CH	47.5	16289
Köniz	CH	46.9	41784
Kreuzlingen	CH	47.7	21997
Kriens	CH	47.0	25010
La Chaux-de-Fonds	CH	47.1	37942
Lancy	CH	46.2	27291
Lausanne	CH	46.5	139111
Littau	CH	47.0	16121
Locarno	CH	46.2	15824
Lugano	CH	46.0	63185
Luzern	CH	47.1	81691
Martigny-Ville	CH	46.1	18301
Meyrin	CH	46.2	19772
Monthey	CH	46.3	17777
Montreux	CH	46.4	25984
Morges	CH	46.5	15705
Muttenz	CH	47.5	16927
Neuchâtel	CH	47.0	33475
Nyon	CH	46.4	16797
Oberwinterthur (Kreis 2)	CH	47.5	16356
Olten	CH	47.3	18362
Onex	CH	46.2	17302
Opfikon	CH	47.4	21554
Pully	CH	46.5	16263
Rapperswil	CH	47.2	34776
Reinach	CH	47.5	19216
Renens	CH	46.5	20927
Riehen	CH	47.6	20000
Sankt Gallen	CH	47.4	75833
Schaffhausen	CH	47.7	36587
Schwyz	CH	47.0	15181
Seen (Kreis 3)	CH	47.5	15434
Sierre	CH	46.3	16790
Sitten	CH	46.2	34708
Solothurn	CH	47.2	16777
Stadt Winterthur (Kreis 1)	CH	47.5	16182
Steffisburg	CH	46.8	15709
Thun	CH	46.8	43723
Uster	CH	47.3	34715
Vernier	CH	46.2	30086
Vevey	CH	46.5	19891
Wettingen	CH	47.5	18191
Wetzikon	CH	47.3	24764
Wil	CH	47.5	23955
Winterthur	CH	47.5	111840
Yverdon-les-Bains	CH	46.8	30157
Zug	CH	47.2	30542
Zürich	CH	47.4	415367
Zürich (Kreis 10)	CH	47.4	36216
Zürich (Kreis 10) / Höngg	CH	47.4	17117
Zürich (Kreis 10) / Wipkingen	CH	47.4	15718
Zürich (Kreis 11)	CH	47.4	54260
Zürich (Kreis 11) / Affoltern	CH	47.4	17241
Zürich (Kreis 11) / Oerlikon	CH	47.4	17922
Zürich (Kreis 11) / Seebach	CH	47.4	17851
Zürich (Kreis 12)	CH	47.4	28189
Zürich (Kreis 2)	CH	47.3	29215
Zürich (Kreis 2) / Wollishofen	CH	47.3	16073
Zürich (Kreis 3)	CH	47.4	46018
Zürich (Kreis 3) / Sihlfeld	CH	47.4	20977
Zürich (Kreis 4) / Aussersihl	CH	47.4	27273
Zürich (Kreis 6)	CH	47.4	29951
Zürich (Kreis 6) / Unterstrass	CH	47.4	20045
Zürich (Kreis 7)	CH	47.4	33820
Zürich (Kreis 8)	CH	47.4	15519
Zürich (Kreis 9)	CH	47.4	44878
Zürich (Kreis 9) / Albisrieden	CH	47.4	16480
Zürich (Kreis 9) / Altstetten	CH	47.4	28307
Abengourou	CI	6.7	130810
Abidjan	CI	5.4	6321017
Abobo	CI	5.4	1340083
Aboisso	CI	5.5	59225
Aboisso Comoé	CI	5.7	20659
Aboka	CI	6.5	15627
Adiaké	CI	5.3	24701
Adzopé	CI	6.1	76122
Affery	CI	6.3	47109
Agboville	CI	5.9	81770
Agnibilékrou	CI	7.1	63015
Ahigbé Koffikro	CI	5.4	19351
Ahouanou	CI	5.5	33939
Akoupé	CI	6.4	35970
Ancien-Prozi	CI	7.7	31245
Andé	CI	6.8	16341
Anyama	CI	5.5	133905
Arrah	CI	6.7	37432
Azaguié	CI	5.6	17987
Bahé-Blaon	CI	6.7	17216
Baibli	CI	7.2	16018
Balakouya	CI	5.2	33150
Bangolo	CI	7.0	21861
Bangolo Tahouake	CI	7.0	23420
Baoutifla	CI	7.2	17712
Bayota	CI	6.5	16298
Bécédi-Brignan	CI	5.9	20284
Bédiala	CI	7.2	22419
Belleville	CI	6.2	23595
Béoumi	CI	7.7	33089
Biankouma	CI	7.7	23232
Bianouan	CI	6.0	17561
Biéby	CI	6.1	21578
Bingerville	CI	5.4	82983
Bléniméouin	CI	7.1	19689
Bloléquin	CI	6.6	41821
Boboniessoko	CI	7.0	27529
Bognonzra	CI	6.9	15282
Bondoukou	CI	8.0	141568
Bongouanou	CI	6.7	36379
Bonon	CI	6.9	119938
Bonoua	CI	5.3	49434
Bonoufla	CI	7.1	30420
Borotou-Koro	CI	8.5	15293
Bouaflé	CI	7.0	104209
Bouaké	CI	7.7	832371
Bouna	CI	9.3	24312
Boundiali	CI	9.5	51803
Buyo	CI	6.3	32847
Dabakala	CI	8.4	18322
Dabou	CI	5.3	138083
Dagadji	CI	5.1	21333
Dagbao I	CI	5.6	22056
Daloa	CI	6.9	421871
Danané	CI	7.3	78614
Daoukro	CI	7.1	101136
Dianra	CI	8.9	33548
Diawala	CI	10.1	26206
Diégonéfla	CI	6.3	43456
Diéhiba	CI	6.9	15253
Dignago	CI	6.3	15621
Dikodougou	CI	9.1	18087
Dimbokro	CI	6.6	70198
Diourouzon	CI	6.9	16666
Divo	CI	5.8	136627
Djapadji	CI	5.3	39673
Doropo	CI	9.8	48225
Doukouya	CI	6.4	19290
Duekoué	CI	6.7	117023
Ebilassokro	CI	6.4	18530
Erémankono	CI	5.9	18428
Fengolo	CI	6.8	37165
Ferkessédougou	CI	9.6	72476
Flakièdougou	CI	8.5	15815
Fronan	CI	8.2	21579
Gabiadji	CI	5.0	22619
Gadouan	CI	6.7	16620
Gagnoa	CI	6.1	277044
Gagny	CI	5.0	15910
Galébré	CI	6.0	21245
Gaoulou	CI	5.0	15794
Gbabam	CI	5.5	17699
Gbapleu	CI	6.5	28802
Gbolouville	CI	5.8	16321
Gligbeuadji	CI	5.2	32380
Gnago	CI	5.2	19370
Gnatroa	CI	5.9	21879
Gnépasso	CI	5.0	15835
Gohouo	CI	7.1	21824
Gonaté	CI	6.9	24838
Goya	CI	6.6	35292
Grand-Bassam	CI	5.2	96797
Grand-Lahou	CI	5.1	36906
Grand-Zattry	CI	6.1	31326
Guépaouo	CI	6.5	26111
Guéssabo	CI	6.7	17944
Guéyo	CI	5.7	15080
Guézon	CI	6.7	20057
Guibéroua	CI	6.2	23371
Guiglo	CI	6.5	68113
Hiré	CI	6.2	41430
Issia	CI	6.5	68263
Kahin	CI	6.9	32991
Kaouara	CI	10.1	26142
Katiola	CI	8.1	59641
Kolia	CI	9.8	15716
Konéfla	CI	6.7	30217
Kong	CI	9.1	15262
Korhogo	CI	9.5	440926
Kouibly	CI	7.3	15335
Koumassi	CI	5.3	412282
Kranzadougou	CI	6.5	16614
Lakota	CI	5.8	32376
Lobakuya	CI	5.1	18713
Loboville	CI	6.1	16006
Logoualé	CI	7.1	16106
Luénoufla	CI	7.1	25463
M’Bahiakro	CI	7.5	19307
M’Batto	CI	6.5	23722
M’Bengué	CI	10.0	28832
Mabéhiri	CI	5.7	23215
Maféré	CI	5.4	17008
Mahapleu	CI	7.2	19342
Man	CI	7.4	241969
Mankono	CI	8.1	19597
Marcory	CI	5.3	214061
Méagui	CI	5.4	74365
Mignouré	CI	7.5	18180
Moussadougou	CI	6.2	21186
Nambingué	CI	10.1	16677
Ndouci	CI	5.9	35145
Niablé	CI	6.7	20422
Niakaramandougou	CI	8.7	21793
Niapidou	CI	5.3	18336
Niellé	CI	10.2	24780
Nizahon II	CI	6.4	15290
Nzianouan	CI	6.0	16337
Odienné	CI	9.5	54669
Ogoudou	CI	5.9	19158
Okromodou	CI	5.4	16922
Okrouyo	CI	5.8	15852
Ouangolodougou	CI	10.0	49248
Oumé	CI	6.4	58606
Oupoyo	CI	5.6	23834
Para	CI	5.5	22807
Pélézi	CI	7.3	18278
Petit Grabo	CI	5.3	16054
Petitgoa I	CI	6.1	16457
Rubino	CI	6.1	18180
Sahoua	CI	5.1	20838
Saïoua	CI	6.5	34860
Sakassou	CI	7.5	17093
San-Pédro	CI	4.7	390654
Sassandra	CI	5.0	34492
Séguéla	CI	8.0	103980
Sinfra	CI	6.6	245226
Soubré	CI	5.8	131181
Tabou	CI	4.4	29469
Tafiré	CI	9.1	22284
Tanda	CI	7.8	35854
Tengréla	CI	10.5	52271
Tiassalé	CI	5.9	35090
Tiébissou	CI	7.2	24412
Tortiya	CI	8.8	20738
Touagui	CI	5.4	16684
Touba	CI	8.3	28986
Touih	CI	5.3	20686
Toumodi	CI	6.6	55986
Vavoua	CI	7.4	86977
Vrouo	CI	7.7	17716
Watté	CI	4.9	20769
Yabayo	CI	5.9	26037
Yamoussoukro	CI	6.8	275686
Zagné	CI	6.2	63341
Zaïbo	CI	7.0	17406
Zaliohouan	CI	6.8	27050
Zéaglo	CI	6.6	15873
Zou	CI	7.0	25210
Zouan-Hounien	CI	6.9	29649
Zoukougbeu	CI	6.8	15375
Zuénoula	CI	7.4	44097
Avarua	CK	-21.2	13373
Alto Hospicio	CL	-20.3	142086
Ancud	CL	-41.9	40819
Angol	CL	-37.8	44856
Antofagasta	CL	-23.7	401096
Arauco	CL	-37.2	24659
Arica	CL	-18.5	241653
Batuco	CL	-33.2	16784
Buin	CL	-33.7	63419
Cabildo	CL	-32.4	19315
Cabrero	CL	-37.0	27595
Calama	CL	-22.5	166334
Calbuco	CL	-41.8	32963
Caldera	CL	-27.1	16150
Cañete	CL	-37.8	31805
Carahue	CL	-38.7	24377
Cartagena	CL	-33.6	17978
Casablanca	CL	-33.3	24537
Castro	CL	-42.5	41667
Cauquenes	CL	-36.0	38522
Chicureo	CL	-33.3	16520
Chiguayante	CL	-36.9	84718
Chillán	CL	-36.6	150396
Chillán Viejo	CL	-36.6	28735
Chimbarongo	CL	-34.7	33446
Coelemu	CL	-36.5	15711
Coihueco	CL	-36.6	25159
Colbún	CL	-35.7	17619
Colina	CL	-33.2	146207
Collipulli	CL	-38.0	23321
Concepción	CL	-36.8	223574
Concón	CL	-32.9	42152
Constitución	CL	-35.3	41207
Copiapó	CL	-27.4	129280
Coquimbo	CL	-30.0	161317
Coronel	CL	-37.0	107759
Coyhaique	CL	-45.6	45787
Cunco	CL	-38.9	15628
Curacaví	CL	-33.4	18378
Curanilahue	CL	-37.5	32000
Curicó	CL	-35.0	102438
El Monte	CL	-33.7	26459
El Quisco	CL	-33.4	16967
Freire	CL	-39.0	22390
Frutillar	CL	-41.1	15034
Graneros	CL	-34.1	23301
Hacienda La Calera	CL	-32.8	49106
Hualpén	CL	-36.8	86639
Hualqui	CL	-37.0	24333
Illapel	CL	-31.6	22816
Iquique	CL	-20.2	199587
La Calera	CL	-32.8	50221
La Cruz	CL	-32.8	17310
La Ligua	CL	-32.5	32131
La Pintana	CL	-33.6	201178
La Serena	CL	-29.9	154521
La Unión	CL	-40.3	26298
Labranza	CL	-38.8	35893
Lampa	CL	-33.3	102234
Las Animas	CL	-39.8	30000
Lautaro	CL	-38.5	34268
Lebu	CL	-37.6	22345
Limache	CL	-33.0	46121
Linares	CL	-35.8	69535
Llaillay	CL	-32.8	22659
Llanquihue	CL	-41.3	16249
Lo Prado	CL	-33.4	104316
Loncoche	CL	-39.4	21458
Longaví	CL	-36.0	28499
Los Álamos	CL	-37.6	19494
Los Andes	CL	-32.8	63009
Los Ángeles	CL	-37.5	125430
Los Vilos	CL	-31.9	18275
Lota	CL	-37.1	47339
Machalí	CL	-34.2	42572
Maipú	CL	-33.5	503635
Maullín	CL	-41.6	15580
Melipilla	CL	-33.7	63100
Molina	CL	-35.1	40329
Mulchén	CL	-37.7	27557
Nacimiento	CL	-37.5	26523
Nueva Imperial	CL	-38.7	29366
Ñuñoa	CL	-33.4	255823
Osorno	CL	-40.6	135773
Ovalle	CL	-30.6	77138
Padre Hurtado	CL	-33.6	63250
Padre Las Casas	CL	-38.8	72892
Paillaco	CL	-40.1	19088
Paine	CL	-33.8	72759
Panguipulli	CL	-39.6	32525
Parral	CL	-36.1	26904
Peñaflor	CL	-33.6	85671
Peñalolén	CL	-33.5	241599
Penco	CL	-36.7	46091
Pitrufquén	CL	-39.0	21981
Placilla	CL	-33.1	39344
Pozo Almonte	CL	-20.3	16878
Pucón	CL	-39.3	26953
Puente Alto	CL	-33.6	568106
Puerto Aysén	CL	-45.4	16936
Puerto Montt	CL	-41.5	245902
Puerto Natales	CL	-51.7	18505
Puerto Varas	CL	-41.3	37561
Punta Arenas	CL	-53.2	117430
Purranque	CL	-40.9	20705
Putaendo	CL	-32.6	15361
Quellón	CL	-43.1	21823
Quilicura	CL	-33.4	210410
Quillón	CL	-36.7	17485
Quillota	CL	-32.9	67779
Quilpué	CL	-33.0	130263
Quintero	CL	-32.8	22174
Rancagua	CL	-34.2	212695
Renca	CL	-33.4	147151
Rengo	CL	-34.4	38100
Río Bueno	CL	-40.3	31366
Sagrada Familia	CL	-35.0	17569
San Antonio	CL	-33.6	87675
San Bernardo	CL	-33.6	249858
San Carlos	CL	-36.4	31517
San Clemente	CL	-35.5	39538
San Esteban	CL	-32.8	17090
San Felipe	CL	-32.7	59294
San Javier	CL	-35.6	40189
San Pedro de la Paz	CL	-36.8	121631
San Vicente	CL	-34.4	22572
San Vicente de Tagua Tagua	CL	-34.4	44046
Santa Cruz	CL	-34.6	34914
Santiago	CL	-33.5	4837295
Talagante	CL	-33.7	57323
Talca	CL	-35.4	197479
Talcahuano	CL	-36.7	150499
Temuco	CL	-38.7	238129
Teodoro Schmidt	CL	-39.0	15504
Tocopilla	CL	-22.1	25400
Tomé	CL	-36.6	53219
Traiguén	CL	-38.2	17164
Valdivia	CL	-39.8	133419
Vallenar	CL	-28.6	44895
Valparaíso	CL	-33.0	282448
Victoria	CL	-38.2	32448
Vicuña	CL	-30.0	27771
Vilcún	CL	-38.7	22499
Villa Alemana	CL	-33.0	97320
Villa Mercedes	CL	-37.4	131936
Villarrica	CL	-39.3	49184
Viña del Mar	CL	-33.0	334248
Abong Mbang	CM	4.0	24433
Akonolinga	CM	3.8	30078
Ambam	CM	2.4	25052
Bafang	CM	5.2	54505
Bafia	CM	4.8	74050
Bafoussam	CM	5.5	373268
Bafut	CM	6.1	25563
Bali	CM	5.9	27473
Bamenda	CM	6.0	420445
Bamusso	CM	4.5	24741
Bandjoun	CM	5.4	31750
Bangangté	CM	5.1	43694
Banyo	CM	6.8	47936
Batouri	CM	4.4	49422
Bélabo	CM	4.9	24359
Bertoua	CM	4.6	137993
Blangwa	CM	12.8	27208
Bogo	CM	10.7	32830
Buea	CM	4.2	140533
Dizangué	CM	3.8	19243
Douala	CM	4.0	1338082
Dschang	CM	5.4	99582
Ébolowa	CM	2.9	101363
Edéa	CM	3.8	103861
Ekondo Titi	CM	4.6	23975
Eséka	CM	3.6	27928
Figuil	CM	9.8	31550
Fontem	CM	5.5	42689
Foumban	CM	5.7	130287
Foumbot	CM	5.5	74319
Fundong	CM	6.3	43509
Garoua	CM	9.3	34957
Garoua Boulaï	CM	5.9	46615
Guider	CM	9.9	81608
Guidiguis	CM	10.1	24554
Kaélé	CM	10.1	32853
Kekem	CM	5.2	27038
Kousséri	CM	12.1	139024
Kribi	CM	2.9	93482
Kumba	CM	4.6	225046
Kumbo	CM	6.2	125124
Lagdo	CM	9.1	33564
Limbe	CM	4.0	131381
Lolodorf	CM	3.2	22252
Loum	CM	4.7	58554
Maga	CM	10.8	24492
Magba	CM	6.0	30931
Makak	CM	3.5	29135
Mamfe	CM	5.8	20350
Manjo	CM	4.8	41740
Maroua	CM	10.6	314122
Mbalmayo	CM	3.5	82384
Mbandjok	CM	4.5	29281
Mbanga	CM	4.5	44155
Mbouda	CM	5.6	71867
Meïganga	CM	6.5	59426
Melong	CM	5.1	76716
Mokolo	CM	10.7	51999
Mora	CM	11.0	61523
Mutengene	CM	4.1	64054
Muyuka	CM	4.3	43749
Nanga Eboko	CM	4.7	28518
Ndop	CM	6.0	40152
Ngaoundal	CM	6.5	40328
Ngaoundéré	CM	7.3	238196
Njombé	CM	4.6	27130
Nkambe	CM	6.6	26816
Nkongsamba	CM	5.0	162309
Nkoteng	CM	4.5	27677
Obala	CM	4.2	45321
Okoa	CM	4.0	24110
Oku	CM	6.3	44443
Penja	CM	4.6	21367
Pitoa	CM	9.4	33610
Sangmélima	CM	2.9	80036
Souza Gare	CM	4.2	24994
Tchéboa	CM	9.0	35199
Tcholliré	CM	8.4	23187
Tibati	CM	6.5	35673
Tiko	CM	4.1	94836
Tombel	CM	4.7	24384
Tonga	CM	5.0	16036
Touboro	CM	7.8	28987
Wum	CM	6.4	42457
Yagoua	CM	10.3	59069
Yaoundé	CM	3.9	1299369
Yokadouma	CM	3.5	32900
Acheng	CN	45.5	144665
Ahu	CN	34.4	55298
Aihui	CN	50.0	192764
Akesalayi	CN	37.2	27352
Ālā'ĕr	CN	40.5	126259
Alamaiti	CN	38.6	23583
Anbu	CN	23.4	162964
Anda	CN	46.4	181271
Anfu	CN	29.4	40268
Anguo	CN	34.8	82181
Anhua	CN	33.5	29916
Anjiang	CN	27.3	55421
Anju	CN	30.0	21000
Ankang	CN	32.7	870126
Anlan	CN	29.2	31546
Anliu	CN	23.7	115560
Anlong	CN	25.1	86416
Anlu	CN	31.3	71198
Anning	CN	24.9	106795
Anping	CN	31.0	24767
Anqing	CN	30.5	804493
Anqiu	CN	36.4	364208
Anshan	CN	41.1	3325372
Anshun	CN	26.3	765313
Antu	CN	43.1	58872
Anwen	CN	28.7	30553
Ānwén	CN	29.1	51994
Anxiang	CN	38.4	38345
Anyang	CN	36.1	1146839
Anyuan	CN	34.9	40828
Aoxi	CN	27.4	82717
Apengjiang	CN	29.2	18596
Aqsu	CN	41.2	535657
Arele	CN	36.8	17941
Arewusitang	CN	43.8	19986
Arix	CN	36.8	17941
Artux	CN	39.7	285000
Awati	CN	38.6	25119
Awuliya	CN	43.9	15427
Azhatebage	CN	38.7	15846
Babu	CN	24.4	65603
Bachuan	CN	29.8	208520
Bage'awati	CN	38.5	16951
Bageqi	CN	37.1	57153
Bai’anba	CN	30.8	91947
Baicheng	CN	45.6	316970
Baichihe	CN	36.1	42913
Baidi	CN	31.1	56216
Báigōng Jiēdào	CN	30.3	26341
Baiguan	CN	34.0	18129
Baihe	CN	31.3	40937
Baihecun	CN	22.1	63629
Baihua	CN	29.1	41574
Baijia	CN	30.0	19133
Baijiantan	CN	45.7	50825
Baijiawan	CN	34.7	20486
Bailin	CN	28.7	38564
Baima	CN	29.4	25629
Baimajing	CN	19.7	59585
Baiquan	CN	47.6	70472
Baise	CN	23.9	686078
Baisha	CN	29.1	115761
Baishan	CN	41.9	183880
Baisheng	CN	29.8	41114
Báishí Zhèn	CN	30.3	23448
Baishikante	CN	38.5	39243
Baishishan	CN	43.6	56992
Baitao	CN	29.6	46160
Baitu	CN	30.6	16790
Baituo	CN	34.9	15555
Baixi	CN	28.7	88251
Baiyang	CN	30.8	34962
Baiyin	CN	36.5	294400
Baizi	CN	30.1	47879
Bake	CN	29.9	36698
Baliwan	CN	34.8	31856
Balu	CN	34.2	38894
Banan	CN	29.4	508703
Banqiao	CN	29.5	22725
Bao'an	CN	22.6	4476554
Bao'an Centre	CN	22.6	120170
Baocheng	CN	18.6	33138
Baoding	CN	38.9	2739887
Baohe	CN	30.1	18112
Baoji	CN	34.4	1437802
Baojia	CN	29.4	39738
Baolong	CN	30.9	19472
Baoluan	CN	29.8	21417
Baoqing	CN	46.3	62991
Baoshan	CN	31.4	2265900
Baotou	CN	40.7	2761700
Baoxing	CN	29.6	18963
Baoying	CN	33.2	80292
Barkam	CN	31.9	58390
Bashan	CN	27.8	103748
Basuo	CN	19.1	444458
Batang	CN	29.8	23851
Bayan	CN	46.1	55186
Bayan Hot	CN	38.8	94445
Bayan Nur	CN	40.7	1760000
Bayandai	CN	44.0	33131
Bayi	CN	29.7	21400
Bayiji	CN	34.3	65830
Baytokay	CN	43.7	19217
Bazhong	CN	31.9	2712894
Bei’an	CN	48.3	436444
Beibei	CN	29.8	247702
Beichengqu	CN	40.4	72444
Beidao	CN	34.6	74767
Beihai	CN	21.5	525329
Beijing	CN	39.9	18960744
Beiliu	CN	22.7	199769
Beimeng	CN	36.6	66277
Beining	CN	41.6	152033
Beipiao	CN	41.8	190315
Beisu	CN	38.2	52752
Beitun	CN	47.4	20414
Beiwangli	CN	38.6	44112
Bengbu	CN	32.9	972784
Benxi	CN	41.3	865215
Biantang	CN	34.4	46260
Bianzhuang	CN	34.8	65381
Bibo	CN	26.5	18121
Bijie	CN	27.3	1137383
Bikou	CN	32.7	16247
Bin Xian	CN	45.7	62017
Binzhou	CN	37.4	682717
Bishan	CN	29.6	204702
Biyang	CN	29.9	36905
Bohu	CN	42.0	22283
Bojia	CN	26.5	25000
Bole	CN	44.9	235585
Boli	CN	45.8	95260
Bonan	CN	25.5	55685
Boshan	CN	36.5	153596
Botou	CN	38.1	63045
Bowangshan	CN	28.3	43135
Bozhou	CN	33.9	1409436
Buhe	CN	30.3	106347
Burqin	CN	47.7	20205
Buzhake	CN	37.1	27137
Buzhuang	CN	36.9	53474
Caidian	CN	30.6	71891
Caijia	CN	28.9	43922
Caijiagang	CN	29.7	35564
Cangzhou	CN	38.3	527681
Caohe	CN	30.2	67370
Caohui	CN	30.4	21028
Caojie	CN	30.0	44237
Caoqiao	CN	34.3	65243
Caotang	CN	31.1	29647
Chahe	CN	34.5	30094
Chaigou	CN	36.2	79043
Chaihe	CN	44.8	67963
Changba	CN	29.3	15286
Changbai	CN	41.4	58266
Changcheng	CN	36.1	63208
Changchun	CN	43.9	5691024
Changdao	CN	34.2	23940
Changde	CN	29.0	1457419
Changdian	CN	34.8	49772
Changji	CN	44.0	198776
Changle	CN	36.7	259161
Changleng	CN	28.7	56429
Changli	CN	39.7	64476
Changling	CN	44.3	55841
Changlong	CN	30.3	16605
Changning	CN	31.2	694900
Changping	CN	40.2	93174
Changqing	CN	36.6	82598
Changsha	CN	28.2	3093980
Changshouhu	CN	29.9	37839
Changshu	CN	31.6	1677050
Changtan	CN	30.7	17904
Changtu	CN	42.8	71284
Changxin	CN	38.7	25095
Changyi	CN	36.9	302072
Changyuan	CN	29.4	186653
Changzheng	CN	31.2	229925
Changzhi	CN	36.2	1214940
Changzhou	CN	31.8	3290918
Chaohu	CN	31.6	138463
Chaotian	CN	32.6	29424
Chaoyang	CN	41.6	410005
Chaozhou	CN	23.7	1750945
Chapchal	CN	43.8	22111
Chefushan	CN	34.5	45844
Chengde	CN	41.0	920395
Chengdu	CN	30.7	20937757
Chenggu	CN	33.1	116375
Chéngguān Qū	CN	29.6	478275
Chenghai	CN	26.5	39766
Chenghua	CN	23.5	152453
Chengjiang	CN	29.9	28056
Chengjiao	CN	33.4	20469
Chengqiao	CN	31.6	113442
Chengtangcun	CN	35.1	1756300
Chengxi	CN	30.2	41321
Chengxian Chengguanzhen	CN	33.7	69427
Chengxiang	CN	31.4	89080
Chengyang	CN	35.6	66588
Chengzhong	CN	30.9	265886
Chengzihe	CN	45.3	98188
Chenjiaba	CN	30.8	24745
Chenlou	CN	34.4	48327
Chenshi	CN	29.3	39863
Chentuan	CN	35.5	24706
Chenzhou	CN	25.8	822534
Chifeng	CN	42.3	346654
Chizhou	CN	30.7	615274
Chóngfú	CN	30.5	112060
Chongkan	CN	30.2	27745
Chonglong	CN	29.8	58441
Chongming	CN	31.6	637921
Chongqing	CN	29.6	22000000
Chongxing	CN	38.0	41212
Chongzuo	CN	22.4	384905
Chuxiong	CN	25.0	555081
Chuzhou	CN	32.3	782671
Cixi	CN	30.2	1457510
Ciyun	CN	29.1	18551
Cizhu	CN	30.0	22996
Conglin	CN	29.0	17053
Cuijiaji	CN	36.6	47651
Cuiyun	CN	29.7	18636
Da’an	CN	29.4	48371
Dachang	CN	31.3	371856
Dachang Shandao	CN	39.3	29717
Dacheng	CN	19.5	84620
Dadamtu	CN	44.0	36572
Dade	CN	31.2	31548
Dafengdong	CN	26.7	26460
Daguan	CN	29.3	20538
Dagzê	CN	29.7	32318
Dahuangshan	CN	34.3	44771
Daizhuang	CN	34.5	42410
Dajin	CN	31.5	32213
Dalai	CN	45.5	93297
Dalain Hob	CN	42.0	16927
Dali	CN	25.6	235305
Dali Old Town	CN	25.7	82566
Dalian	CN	38.9	7450785
Daliang	CN	22.8	210411
Dalianwan	CN	39.0	55841
Dalu	CN	29.7	48145
Damiao	CN	34.3	77179
Damoujia	CN	36.5	47569
Damxung	CN	30.5	47900
Dancheng	CN	33.6	65411
Dandong	CN	40.1	815858
Dangjiang	CN	21.6	45408
Danjiangkou	CN	32.5	92008
Danshui	CN	22.8	126701
Danzi	CN	30.9	18318
Daocheng	CN	29.0	31113
Daokou	CN	35.6	56637
Daotian	CN	36.8	93728
Dapeng	CN	34.3	52219
Daqing	CN	46.6	1604027
Dasha	CN	23.1	116307
Dashahe	CN	34.5	51916
Dashan	CN	23.0	15980
Dasheng	CN	36.3	31797
Dashi	CN	30.1	61426
Dashiqiao	CN	40.6	80223
Dashitou	CN	43.3	65683
Dashu	CN	31.2	21793
Dashun	CN	29.6	18844
Datong	CN	40.1	3105591
Datun	CN	34.8	110258
Dawan	CN	30.0	22484
Dawukou	CN	39.0	131880
Daxie	CN	30.1	15466
Daxing	CN	39.7	104904
Daxing’anling	CN	52.3	520000
Daxu	CN	34.3	66563
Dayang	CN	35.0	21846
Daye	CN	30.1	871214
Dazeshan	CN	37.0	60034
Dazhong	CN	33.2	84323
Dazhou	CN	31.2	1589435
Dazhuang	CN	35.0	16156
Degan	CN	29.3	83950
Dehui	CN	44.5	108818
Dengbu	CN	28.2	63814
Dengzhou	CN	32.7	285032
Dêqên	CN	30.0	62400
Deqing	CN	30.5	87576
Deyang	CN	31.1	735070
Dezhou	CN	37.4	679535
Dianbu	CN	36.7	52613
Dianga	CN	34.1	15993
Dianshui	CN	29.3	18288
Dianzi	CN	36.9	51267
Diaoyucheng	CN	30.0	47205
Didao	CN	45.3	109561
Dingjia	CN	29.4	60585
Dingshi	CN	28.8	19543
Dingtao	CN	35.1	58206
Dingxi	CN	35.6	420614
Dingzhou	CN	38.5	152934
Doilungdêqên	CN	29.7	137451
Dongcheng	CN	19.7	49252
Dongchuan	CN	37.4	17982
Dongcun	CN	36.8	658000
Dongdu	CN	35.9	72957
Dongfeng	CN	42.7	67820
Dongguan	CN	23.0	9644871
Donghai	CN	22.9	264709
Donghe	CN	40.6	484218
Donghui	CN	22.4	15380
Dongjia	CN	30.2	18727
Dongjiang	CN	33.4	16816
Dongkan	CN	34.0	72789
Dongling	CN	41.8	171454
Dongning	CN	44.1	61440
Dongsheng	CN	39.8	574242
Dongta	CN	38.1	22040
Dongtai	CN	32.9	262873
Dongwenquan	CN	29.5	29134
Dongxi	CN	28.8	58169
Dongxia	CN	36.7	84083
Dongxing	CN	21.6	130000
Dongyang	CN	29.3	130387
Dongying	CN	37.5	998968
Dorbod	CN	46.9	55316
Ducheng	CN	23.2	95525
Dunbage	CN	38.9	17579
Dunhao	CN	31.3	36863
Dunhou	CN	27.1	94445
Dunhua	CN	43.4	148844
Dunhuang	CN	40.2	186027
Duoba	CN	36.7	66767
Duobao	CN	30.7	90257
Dure	CN	46.5	15253
Dushan	CN	25.8	80045
Dushi	CN	29.2	26879
Duyun	CN	26.3	198516
Duzhou	CN	29.9	51888
E’erguna	CN	50.2	42435
E’zhou	CN	30.4	668727
Ehen Hudag	CN	39.2	16798
Elixku	CN	38.7	36793
Eman	CN	19.9	17317
Emin	CN	46.5	57782
Encheng	CN	22.2	110921
Enshi	CN	30.3	279185
Erdaojiang	CN	41.8	60831
Erenhot	CN	43.6	16427
Erlang	CN	30.4	17295
Erong	CN	28.6	18260
Ersheng	CN	29.5	16461
Ezhou	CN	30.4	193652
Fangcheng	CN	33.3	93808
Fangchenggang	CN	21.8	276315
Fangcun	CN	34.1	54035
Fangshan	CN	39.7	97026
Fanlou	CN	34.5	62859
Fate	CN	44.5	38105
Fazhanhe	CN	22.3	15483
Feicheng	CN	36.2	968100
Fendou	CN	46.6	226298
Fengcheng	CN	40.5	195700
Fenggang	CN	27.5	64715
Fenggao	CN	29.4	31859
Fenghua	CN	29.7	76653
Fenghuang	CN	27.9	370000
Fengjia	CN	29.4	21810
Fengkou	CN	30.1	67139
Fengle	CN	31.2	19851
Fengling	CN	31.3	15517
Fengping	CN	24.4	69586
Fengrun	CN	39.8	65150
Fengxiang	CN	30.9	1140872
Fengyi	CN	25.6	61890
Fenhe	CN	31.1	32059
Fenshui	CN	30.7	60308
Fenyi	CN	27.8	58478
Foshan	CN	23.0	9042509
Fu’an	CN	27.1	154439
Fubang	CN	22.9	21828
Fuding	CN	27.3	192352
Fudong	CN	23.1	16754
Fuhuan	CN	28.8	25164
Fuji	CN	29.1	131927
Fujia	CN	33.8	23660
Fujin	CN	47.2	89442
Fuling	CN	29.7	268658
Fulu	CN	30.7	20225
Fuqing	CN	25.7	67397
Fushun	CN	41.9	1400646
Futian	CN	31.2	32340
Fuxin	CN	42.0	689050
Fuxing	CN	29.8	33621
Fuyang	CN	32.9	1768947
Fuyong	CN	22.7	17291
Fuyu	CN	45.2	138704
Fuyuan	CN	48.4	30000
Fuyun	CN	47.0	19772
Fuzhou	CN	26.1	4094491
Gangjia	CN	30.2	19072
Gangshang	CN	34.5	51114
Gangtou	CN	34.3	39999
Gangu Chengguanzhen	CN	34.7	103589
Gangxia	CN	22.5	28600
Gannan	CN	47.9	59239
Ganning	CN	30.7	30873
Ganshui	CN	28.7	65994
Gantang	CN	27.4	89000
Ganzhou	CN	25.8	1977253
Gao’an	CN	30.3	49218
Gaofeng	CN	30.2	20747
Gaogou	CN	34.0	56214
Gaogu	CN	29.4	15522
Gaojia	CN	30.0	43944
Gaojing	CN	31.3	127512
Gaoliang	CN	30.8	49357
Gaoliu	CN	36.8	67339
Gaolou	CN	34.8	18170
Gaomi	CN	36.4	391986
Gaoping	CN	30.8	204368
Gaoqiao	CN	31.4	23608
Gaoyou	CN	32.8	90911
Gaozhou	CN	21.9	292164
Gaozuo	CN	33.9	43419
Gar	CN	32.5	24910
Gecheng	CN	31.9	37312
Gejiu	CN	23.4	136135
Gelan	CN	30.0	55938
Gengqing	CN	31.8	88542
Genhe	CN	50.8	73631
Ghulja	CN	43.9	269158
Gongchangling	CN	41.1	70761
Gongguan	CN	21.8	96492
Gongheyong	CN	22.8	204881
Gongmen	CN	34.9	23100
Gongping	CN	31.1	38852
Gongqingcheng	CN	29.2	47284
Gongtan	CN	28.9	17248
Gongyi	CN	34.8	56033
Gongzhuling	CN	43.5	180700
Guanba	CN	28.8	23898
Guandu	CN	31.0	42766
Guang’an	CN	30.5	858159
Guangcun	CN	19.6	27803
Guangpu	CN	29.3	18002
Guangshui	CN	31.6	154771
Guangshun	CN	29.4	49388
Guangtong	CN	25.2	42306
Guangyuan	CN	32.4	516424
Guangzhou	CN	23.1	18676605
Guanhu	CN	34.4	97705
Guankou	CN	28.2	1380000
Guanlong	CN	22.6	23100
Guanshan	CN	33.8	51086
Guanyin	CN	29.1	63606
Guanzhuang	CN	36.3	50826
Guchang	CN	29.5	18327
Gucheng	CN	37.0	60149
Gucheng Chengguanzhen	CN	32.3	74038
Gucun	CN	31.3	240185
Gudong	CN	25.3	45528
Guigang	CN	23.1	1086327
Guilin	CN	25.3	1572300
Guiping	CN	23.4	71066
Guiren	CN	33.7	57446
Guixi	CN	30.3	188980
Guiyang	CN	26.6	4506134
Gujangbagh	CN	37.1	408894
Gulebage	CN	38.4	22255
Guli	CN	28.9	964203
Gulin	CN	28.0	116527
Gulou	CN	30.2	19447
Gulu	CN	31.3	22331
Gunan	CN	29.0	208010
Guochuan	CN	34.7	15276
Guocun	CN	30.6	21326
Guofu	CN	28.9	32831
Guojia	CN	35.0	37008
Guōlèmùdé	CN	36.4	31941
Guozhen	CN	34.4	85415
Gupi	CN	34.1	48748
Gushu	CN	31.6	60335
Gusong	CN	28.3	87882
Gutao	CN	37.2	42000
Guxi	CN	30.3	34633
Guxian	CN	36.7	44533
Guye	CN	39.7	41484
Guyuan	CN	36.0	411854
Hadapu Zhen	CN	34.2	28292
Haicheng	CN	40.9	191651
Haidong Zhen	CN	25.7	21274
Haikou	CN	20.0	3001600
Hailar	CN	49.2	211066
Hailin	CN	44.6	144443
Hailun	CN	47.4	109881
Haimen	CN	23.2	125427
Haining	CN	30.5	70171
Haitang	CN	30.2	24252
Haitou	CN	19.5	34648
Haiyang	CN	29.8	48928
Haizhou	CN	34.6	59098
Hami	CN	42.8	246373
Han’airike	CN	37.5	43751
Hancheng	CN	35.5	397020
Hanchuan	CN	30.6	87737
Handan	CN	36.6	1358318
Hanfeng	CN	31.2	196528
Hangu	CN	39.2	208369
Hangzhou	CN	30.3	11936010
Hanjia	CN	29.3	108430
Hanting	CN	36.8	90637
Hanwang	CN	34.2	47205
Hanyin Chengguanzhen	CN	32.9	66926
Hanyuan	CN	32.8	50440
Hanzhong	CN	33.1	1006557
Haojiaqiao	CN	38.0	32507
Haomen	CN	37.4	36515
Harbin	CN	45.8	10009854
Heba	CN	33.9	32538
Hebao	CN	29.6	27597
Hebi	CN	35.7	634721
Hebian	CN	29.7	20037
Hechi	CN	24.7	330131
Hechuan	CN	30.0	377213
Hecun	CN	36.5	494412
Hede	CN	33.8	89107
Hedong	CN	23.9	101825
Hefei	CN	31.9	9465881
Hegang	CN	47.3	743307
Hegeng	CN	29.1	38106
Hegou	CN	34.4	44747
Heguan	CN	36.9	73470
Hehua	CN	25.0	24814
Heihe	CN	50.2	223832
Heishan	CN	41.7	68603
Heishui	CN	29.1	17180
Hejiang	CN	28.8	137437
Hejing	CN	42.3	46600
Hekou	CN	34.6	47281
Helin	CN	30.6	19268
Helong	CN	42.5	85756
Hengbei	CN	23.9	78575
Hengshan	CN	45.2	164844
Hengshui	CN	37.7	522147
Hengyang	CN	26.9	1075516
Hepingjie	CN	42.1	65298
Hepo	CN	23.4	131238
Hepu	CN	21.7	192813
Heqian	CN	31.4	20632
Heqiao	CN	34.5	35118
Heqing	CN	19.5	20729
Heshan	CN	28.6	1249807
Hetoudian	CN	37.0	38398
Hexing	CN	30.7	17098
Heyan	CN	31.4	19589
Heyuan	CN	23.7	463907
Heze	CN	35.2	1346717
Hezhou	CN	24.4	1005490
Hezuo	CN	35.0	59148
Hohhot	CN	40.8	3446100
Hondlon	CN	40.6	787681
Hong’an	CN	28.5	18235
Hongbao	CN	34.8	20868
Honggang	CN	46.4	147977
Hongguang Qidui	CN	38.7	17409
Honghe	CN	36.4	88458
Honghu	CN	30.0	30426
Hongjiang	CN	27.1	476000
Hongkou	CN	31.3	687500
Honglu	CN	29.4	21618
Hongqiao	CN	26.8	58287
Hongzhou	CN	26.1	21293
Houba	CN	31.2	17358
Houhai	CN	22.5	15300
Houqiao	CN	25.3	27965
Houshan	CN	30.8	15338
Houzhen	CN	37.0	96737
Hoxtolgay	CN	46.5	22000
Huacheng	CN	24.1	101165
Huadian	CN	43.0	139047
Huai'an	CN	33.6	4556230
Huaibei	CN	34.0	1113321
Huaicheng	CN	23.9	89294
Huaidian	CN	33.4	89978
Huaihua	CN	27.6	552622
Huainan	CN	32.6	3033528
Huaiyang	CN	37.8	81861
Huaiyuan Chengguanzhen	CN	33.0	65530
Huajing	CN	31.1	67415
Hualin	CN	34.8	16103
Hualong	CN	36.9	52660
Huanan	CN	46.2	66087
Huangchuan	CN	32.1	72663
Huangdi	CN	38.8	34658
Huanggang	CN	30.5	366769
Huanghua	CN	35.9	65646
Huangji	CN	34.4	43038
Huanglou	CN	36.6	80055
Huangmei	CN	30.2	77633
Huangnihe	CN	43.6	54959
Huangpi	CN	30.9	57554
Huangpu	CN	31.2	656200
Huangshan	CN	29.7	460786
Huangshi	CN	30.2	688090
Huangzhou	CN	30.4	122563
Huankou	CN	34.9	77758
Huanren	CN	41.3	229953
Huashan	CN	34.6	71281
Huatugou	CN	38.3	27000
Huayin	CN	34.6	263352
Huayuan	CN	28.3	73732
Huazhou	CN	21.6	91701
Hucheng	CN	30.8	24453
Hudiyuzi	CN	43.9	18537
Hufeng	CN	29.7	30248
Huguo	CN	28.6	54795
Huicheng	CN	23.0	125919
Huilong	CN	31.8	74818
Huimin	CN	29.5	23017
Huinan	CN	42.6	66315
Huinong	CN	39.2	136570
Huiqu	CN	36.3	59323
Huixian Chengguanzhen	CN	33.8	39643
Huixing	CN	29.7	186972
Huizhou	CN	23.1	2900113
Hulan	CN	45.9	109104
Hulan Ergi	CN	47.2	265344
Huludao	CN	40.8	944495
Hulunbuir	CN	49.2	349400
Humen	CN	22.8	191891
Hunchun	CN	42.9	77028
Huocheng	CN	44.1	360000
Huolu	CN	29.4	25818
Huoqiu Chengguanzhen	CN	32.4	61904
Huoshilafu	CN	37.9	17351
Hushitai	CN	41.9	61979
Hutang	CN	31.5	56370
Huwei	CN	29.9	16951
Huyanghe	CN	44.7	29891
Huzhai	CN	34.7	32231
Huzhou	CN	30.9	1015937
Jalai Nur	CN	49.5	107828
Jelilyüzi	CN	44.0	37238
Ji’an	CN	27.1	538699
Jiachuan	CN	32.2	38421
Jiading	CN	31.4	1886100
Jiagao	CN	30.9	24407
Jiagedaqi	CN	50.4	137105
Jiahanbage	CN	37.2	24524
Jiamusi	CN	46.8	549549
Jian’ou	CN	27.0	59187
Jianchang	CN	27.6	109108
Jiang’an	CN	28.7	67776
Jiangbei	CN	29.7	60466
Jiangjia	CN	29.4	16518
Jiangkou	CN	25.5	59902
Jiangluo	CN	33.9	19204
Jiangmen	CN	22.6	1795459
Jiangnan	CN	29.8	21509
Jiangping	CN	21.6	42985
Jiangshan	CN	36.7	86642
Jianguang	CN	28.2	61469
Jiangxi	CN	34.0	27098
Jiangyan	CN	32.5	70375
Jiangyin	CN	31.9	1779515
Jiangyou	CN	31.8	127225
Jiangzhuang	CN	36.5	72453
Jianlong	CN	29.4	18151
Jianshan	CN	31.4	17334
Jianshui	CN	24.3	490000
Jiaogong	CN	33.6	19083
Jiaohe	CN	43.7	123018
Jiaojiang	CN	28.7	826100
Jiaoshi	CN	29.7	23454
Jiaozhou	CN	36.3	619266
Jiaozuo	CN	35.2	865413
Jiaping	CN	29.0	18883
Jiashan	CN	30.8	137112
Jiasi	CN	29.1	27327
Jiawang	CN	34.4	133861
Jiawang Zhen	CN	34.4	49005
Jiaxing	CN	30.8	1180000
Jiayi	CN	36.9	17612
Jiayue	CN	36.0	93228
Jiayuguan	CN	39.8	231853
Jiazi	CN	22.9	130298
Jidong	CN	45.3	58520
Jiehu	CN	35.5	69245
Jielong	CN	29.2	48018
Jieshi	CN	22.8	137444
Jieshou	CN	33.3	141993
Jietou	CN	25.4	65843
Jiexiu	CN	37.0	222100
Jieyang	CN	23.5	1899394
Jifeng	CN	33.7	16273
Jijiang	CN	29.3	196787
Jilin	CN	43.8	1895865
Jimo	CN	36.4	70733
Jinan	CN	36.7	8352574
Jinchang	CN	38.5	228561
Jincheng	CN	35.5	476945
Jinding	CN	26.4	53667
Jinfeng	CN	28.2	127076
Jing'an	CN	34.5	57825
Jing’an	CN	31.2	936500
Jingdezhen	CN	29.3	473561
Jinggou	CN	36.3	62917
Jingguan	CN	29.9	43674
Jingling	CN	30.6	224871
Jingmen	CN	31.0	632954
Jingui	CN	38.5	29796
Jingzhi	CN	36.3	126703
Jingzhou	CN	30.4	1052282
Jinhua	CN	29.1	1463990
Jining	CN	35.4	1241012
Jinji	CN	23.2	56816
Jinjiang	CN	24.8	1416151
Jinlong	CN	29.5	21665
Jinniu	CN	25.8	96883
Jinqiao	CN	31.3	28000
Jinsha	CN	32.1	95647
Jinshan	CN	30.8	822776
Jinshanlu	CN	47.9	190064
Jinshi	CN	29.6	82906
Jinxiang	CN	27.4	84231
Jinzhong	CN	37.7	1226617
Jinzhongzi	CN	36.3	39054
Jinzhou	CN	41.1	1524362
Jishou	CN	28.3	102332
Jishu	CN	44.3	103988
Jishui	CN	33.7	77540
Jitai	CN	36.8	52144
Jiuchao	CN	26.1	18314
Jiuchi	CN	30.8	17705
Jiudian	CN	37.0	97604
Jiuhe	CN	26.8	23680
Jiujiang	CN	29.7	1164268
Jiulongshan	CN	31.2	32696
Jiupu	CN	41.1	123843
Jiuquan	CN	39.7	428346
Jiushan	CN	36.2	44420
Jiutai	CN	44.2	175115
Jiuxian	CN	29.9	31499
Jixi	CN	45.3	403759
Jixian	CN	46.7	59160
Jiyuan	CN	35.1	242143
Jizhou	CN	37.6	362013
Judian	CN	27.3	21368
Juegang	CN	32.3	73317
Juexi	CN	28.9	43527
Jukui	CN	30.6	32971
Junlian	CN	28.2	80708
Jutou	CN	34.8	16390
Juye	CN	35.4	58107
Ka'ersai	CN	37.5	40892
Kageleke	CN	37.3	75730
Kaifeng	CN	34.8	1451741
Kaihua	CN	23.4	64404
Kaili	CN	26.6	275745
Kaitang	CN	26.7	18394
Kaitong	CN	44.8	62537
Kaiyuan	CN	23.7	198423
Kangding	CN	30.0	100000
Kangle	CN	31.1	35521
Kanjia	CN	36.4	75669
Kaqun	CN	38.0	18749
Karamay	CN	45.6	261445
Kashgar	CN	39.5	506640
Kax	CN	43.6	23543
Kokyar	CN	36.8	18582
Kongtan	CN	29.1	47125
Korla	CN	41.8	549324
Kuanchuan	CN	34.2	27438
Kuandian	CN	40.7	70867
Kuangshi	CN	38.1	27836
Kuiya	CN	37.3	43212
Kunming	CN	25.0	5950578
Kunshan	CN	31.4	2092496
Kunyang	CN	27.7	65009
Kuoshi'airike	CN	38.6	16413
Kuoyiqi	CN	37.4	26346
Labuleng	CN	35.2	22970
Laibin	CN	23.7	910282
Laisu	CN	29.3	41361
Laitan	CN	30.2	24431
Laiwu	CN	36.2	989535
Laixi	CN	36.9	341470
Laiyang	CN	37.0	872000
Laizhou	CN	37.2	188000
Langao Chengguanzhen	CN	32.3	35348
Langfang	CN	39.5	868066
Langgar	CN	36.7	19524
Langru	CN	36.9	16505
Langtoucun	CN	40.0	59046
Langxiang	CN	46.9	57318
Langzhong	CN	31.6	60542
Lanshan	CN	33.9	55442
Lanxi	CN	29.2	73706
Lanyang	CN	19.5	23711
Lanzhou	CN	36.1	4359446
Laohekou	CN	32.4	241431
Laojunmiao	CN	39.8	84769
Layka	CN	37.1	29032
Lecheng	CN	25.1	124268
Leifeng	CN	28.2	28014
Leiyang	CN	26.4	129116
Lengshuijiang	CN	27.7	198299
Lengshuitan	CN	26.4	88935
Lequn	CN	22.6	39271
Leshan	CN	29.6	662814
Lhasa	CN	29.6	867900
Lhoka	CN	29.2	353700
Lhünzhub	CN	29.9	50596
Liancheng	CN	25.7	60504
Lianghu	CN	30.0	155000
Liangji	CN	34.0	52048
Liangping	CN	30.7	137620
Liangshui	CN	33.4	27281
Liangxiang	CN	39.7	76744
Liangzhai	CN	34.5	54742
Lianhe	CN	47.1	121367
Lianhu	CN	29.7	15797
Lianhua	CN	35.1	34447
Lianjiang	CN	21.6	1363470
Lianshan	CN	40.8	313247
Lianyuan	CN	27.7	66501
Lianyungang	CN	34.6	2001009
Lianzhou	CN	24.8	92827
Liaocheng	CN	36.5	1229768
Liaolan	CN	36.7	84306
Liaoyang	CN	41.3	687890
Liaozhong	CN	41.5	395017
Licha	CN	36.1	55140
Licheng	CN	23.3	172775
Lichuan	CN	30.3	120587
Lichuan Zhen	CN	34.2	19701
Lidu	CN	29.7	88124
Ligang	CN	38.6	24165
Ligezhuang	CN	36.4	65714
Liguo	CN	34.6	54960
Lihe	CN	30.8	23264
Liji	CN	33.8	39691
Lijia	CN	29.7	15923
Lijiang	CN	26.9	211151
Lijun	CN	38.2	27723
Lincang	CN	23.9	323708
Linfen	CN	36.1	959198
Linfeng	CN	29.9	23868
Lingao	CN	19.9	64874
Lingcheng	CN	33.8	53841
Lingdong	CN	46.6	83636
Linghai	CN	41.2	56176
Linghe	CN	36.4	99069
Lingquan	CN	49.4	18336
Lingwu	CN	38.1	52863
Lingyuan	CN	41.2	646000
Linhe	CN	38.3	16723
Linjiacun	CN	36.0	88509
Linjiang	CN	31.1	71149
Linkou	CN	45.3	77754
Linping	CN	30.4	78180
Linqiong	CN	30.4	55587
Linqu	CN	36.5	299646
Linshi	CN	29.7	41730
Linshui	CN	36.4	109955
Lintan Chengguanzhen	CN	34.7	23035
Lintong	CN	34.4	75882
Linxi	CN	39.7	100316
Linxia Chengguanzhen	CN	35.6	274466
Linyi	CN	35.1	2743843
Liping	CN	26.2	82710
Lirang	CN	30.7	19799
Lishi	CN	29.1	66620
Lishu	CN	43.3	61584
Lishui	CN	28.5	451418
Liufeng	CN	34.7	36718
Liuhe	CN	42.3	66975
Liuji	CN	34.4	54785
Liuku	CN	25.9	63013
Liulin	CN	34.6	17731
Liupanshui	CN	26.6	1320825
Liuping	CN	34.9	21406
Liuquan	CN	34.4	51657
Liushan	CN	36.4	33992
Liutuan	CN	36.9	48469
Liuxin	CN	34.4	65258
Liuyin	CN	30.0	17505
Liuzhi	CN	26.2	138826
Liuzhou	CN	24.3	1436599
Lixi	CN	28.5	24429
Lixian	CN	34.2	58300
Lixin	CN	34.9	16753
Lizhi	CN	29.7	156753
Long’e	CN	25.8	16928
Longchang	CN	26.7	18563
Longcheng	CN	35.0	25055
Longchi	CN	36.9	25923
Longfeng	CN	46.5	152074
Longgang	CN	22.7	215273
Longgu	CN	34.9	59086
Longhe	CN	29.8	35701
Longhua	CN	29.2	27849
Longjiang	CN	47.3	106384
Longjing	CN	42.8	117185
Longju	CN	30.6	31982
Longkong	CN	30.0	19435
Longlin	CN	33.9	18148
Longling County	CN	24.6	270000
Longmen	CN	30.8	19380
Longnan	CN	33.4	85826
Longqiao	CN	29.7	34541
Longquan	CN	24.7	91534
Longsha	CN	30.6	28127
Longshan	CN	42.9	465249
Longshe	CN	29.5	17163
Longsheng	CN	29.1	30661
Longshi	CN	30.2	56142
Longshui	CN	29.6	121609
Longtan	CN	28.8	57769
Longxi	CN	31.3	16304
Longxing	CN	29.7	36297
Longyan	CN	25.1	1025087
Lop	CN	37.1	18127
Loudi	CN	27.7	497171
Loushanguan	CN	28.1	80344
Lu’an	CN	31.7	1644344
Luancheng	CN	37.9	597130
Lubu	CN	23.2	95820
Lucheng	CN	31.2	89119
Lüeyang Chengguanzhen	CN	33.3	67496
Lüfeng	CN	29.9	33968
Luhe	CN	34.0	23852
Lüliang	CN	37.5	3346500
Lulou	CN	34.7	63704
Luntai	CN	41.8	43314
Luobei	CN	47.6	42109
Luobuqiongzi	CN	29.2	42551
Luocheng	CN	29.4	73581
Luodian	CN	31.4	118323
Luohe	CN	33.6	1294974
Luohu District	CN	22.5	1143801
Luohuang	CN	29.3	71515
Luojiang	CN	31.3	212186
Luojing	CN	31.5	54329
Luolong	CN	28.8	40612
Luomen	CN	34.8	89998
Luoping	CN	31.2	24859
Luoqi	CN	29.7	36862
Luorong	CN	24.4	67593
Luotang	CN	33.1	25871
Luotian	CN	30.5	27669
Luoyang	CN	34.7	1390581
Luoyu	CN	33.8	29955
Lushan	CN	26.6	25074
Lushar	CN	36.5	67153
Lushui	CN	25.8	197000
Lüshun	CN	38.8	82345
Luzhou	CN	28.9	998900
Ma’anshan	CN	31.7	741531
Maba	CN	24.7	113609
Mabai	CN	23.0	63569
Macheng	CN	31.2	435076
Maguan	CN	35.1	22032
Maizhokunggar	CN	29.8	49511
Majie	CN	25.0	131696
Mali	CN	34.7	42260
Malianzhuang	CN	37.1	42197
Malingshan	CN	34.2	52711
Maliu	CN	31.4	17451
Maliuzui	CN	29.7	18847
Mangbang	CN	24.9	39273
Manglai	CN	37.3	23408
Mangnai Zhen	CN	38.4	18856
Mangshi	CN	24.5	46353
Manzhouli	CN	49.6	54808
Maocun	CN	34.4	57649
Maoming	CN	21.7	1307802
Maozhou	CN	22.8	74910
Mapo	CN	34.5	35358
Maqin County	CN	34.5	59900
Mawang	CN	28.9	33456
Mawu	CN	29.6	32360
Maying	CN	33.6	16121
Mazhan	CN	25.2	27373
Meihekou	CN	42.5	99419
Meijiang	CN	28.3	29667
Meishan	CN	30.0	1107742
Meizhou	CN	24.3	992351
Meng’a	CN	22.2	22540
Mengcheng Chengguanzhen	CN	33.3	69916
Menghuan	CN	24.4	99970
Mengla	CN	21.5	30296
Menglang	CN	22.6	86877
Mengman	CN	22.3	18962
Mengmao	CN	24.0	112578
Mengyin	CN	35.7	65889
Mengzi	CN	23.4	595100
Mentougou	CN	39.9	197772
Mianyang	CN	31.5	1550000
Mianzhu, Deyang, Sichuan	CN	31.3	510000
Miaohang	CN	31.3	89615
Miaojie	CN	25.3	62540
Miaoyu	CN	30.9	34913
Miaozi	CN	36.6	38147
Micheng	CN	25.3	89144
Mihe	CN	36.6	49545
Mingcun	CN	36.8	53926
Mingda	CN	30.7	22686
Minggang	CN	32.5	67945
Mingguang	CN	32.8	645000
Mingshan	CN	29.9	39897
Mingshui	CN	36.7	114858
Minhang	CN	31.1	2716600
Minning	CN	38.2	24696
Mishan	CN	45.5	87257
Mixia	CN	38.5	32419
Miyang	CN	24.4	72485
Mu’er	CN	29.8	23157
Mudanjiang	CN	44.5	665915
Mudong	CN	29.6	36704
Mudu	CN	31.3	61902
Mugala	CN	36.9	30179
Muhe	CN	35.0	16592
Mujia	CN	23.0	16180
Mujiayingzi	CN	42.1	60627
Muling	CN	44.9	66170
Mutang	CN	19.8	40373
Nada	CN	19.5	256652
Nagqu	CN	31.5	30000
Naliang	CN	21.7	41577
Nanbin	CN	30.0	118597
Nanchang	CN	28.7	2357839
Nanchong	CN	30.8	1858875
Nanchuan	CN	29.2	204775
Nancun	CN	36.5	124210
Nandajie	CN	29.3	88948
Nanding	CN	36.7	85495
Nandu	CN	22.9	61881
Nanfeng	CN	23.7	86129
Nangong	CN	37.4	82386
Nanhai	CN	23.0	3667247
Nanhu	CN	35.5	61034
Nanjian	CN	25.0	50083
Nanjin	CN	30.0	143766
Nanjing	CN	32.1	9314685
Nanling	CN	22.7	24059
Nanlong	CN	31.4	63405
Nanma	CN	36.2	74406
Nanmen	CN	31.0	40941
Nanning	CN	22.8	5977185
Nanpeng	CN	29.3	46786
Nanpiao	CN	41.1	157044
Nanping	CN	26.6	467875
Nanqiao	CN	30.9	361185
Nanshu	CN	37.0	40188
Nantai	CN	40.9	56478
Nantong	CN	32.0	2273326
Nantou	CN	22.7	130370
Nantuo	CN	29.9	26447
Nanxi	CN	28.8	96061
Nanya	CN	31.1	28382
Nanyang	CN	33.0	1811812
Nanzhang Chengguanzhen	CN	31.8	83604
Nanzhou	CN	29.4	54449
Naxi	CN	28.8	50020
Nehe	CN	48.5	108253
Neijiang	CN	29.6	1251095
Nenjiang	CN	49.2	87236
Nianbo	CN	36.5	260184
Nianzhuang	CN	34.3	80617
Nianzishan	CN	47.5	62131
Nima	CN	34.0	17820
Ning’er	CN	23.0	162711
Ningbo	CN	29.9	3731203
Ningde	CN	26.7	429260
Ningdong	CN	38.2	48587
Ninghai	CN	29.3	68330
Ningyang	CN	35.8	82994
Nongzhang	CN	24.6	45270
Nossa Senhora de Fátima	CN	22.2	126000
Nuofu	CN	22.2	18529
Nuozhadu	CN	22.6	29703
Nyêmo	CN	29.4	29989
Nyingchi	CN	29.6	200000
Onyar	CN	43.9	26322
Ordos	CN	39.6	2153638
Oroqen Zizhiqi	CN	50.6	61582
Oymak	CN	47.9	15187
Oytograk	CN	36.8	18271
Paikeqi	CN	38.6	19809
Pailou	CN	30.8	104351
Paipu	CN	19.6	17577
Pan’an	CN	34.8	70072
Panghai	CN	26.7	22306
Panjim	CN	44.0	25307
Panjin	CN	41.1	1166481
Panlong	CN	29.5	51177
Pánlóngchéng Jīngjì Kāifāqū	CN	30.7	59207
Panshan	CN	41.2	625040
Panshi	CN	42.9	80200
Panzhihua	CN	26.6	787177
Paosha	CN	33.7	21907
Peicheng	CN	34.7	195363
Pengcheng	CN	36.4	68442
Pengpu	CN	31.3	152725
Pengze	CN	29.9	350000
Pianjiao	CN	26.0	24575
Picheng	CN	34.5	64585
Pingdingshan	CN	33.7	979130
Pingdu	CN	36.8	542234
Pingjin	CN	30.6	55139
Pingkai	CN	28.4	30958
Pingli	CN	32.4	45493
Pingliang	CN	35.5	504848
Pingnan	CN	23.5	62483
Pingshan	CN	23.0	113631
Pingtan	CN	29.8	30816
Pingwu County	CN	32.4	180000
Pingxiang	CN	27.6	893550
Pingyi	CN	35.5	78254
Pingyin	CN	36.3	374900
Pingzhuang	CN	42.0	67273
Pizhou	CN	34.3	343421
Poyang	CN	29.0	70787
Pu’an	CN	32.0	42577
Pu'er	CN	22.8	296565
Pucheng	CN	27.9	59832
Puchi	CN	33.5	16272
Puchuan	CN	24.7	27049
Pudong	CN	31.2	5681512
Puji	CN	36.1	52563
Pulandian	CN	39.4	104277
Pulü	CN	29.8	22719
Puning	CN	23.3	1998619
Puqi	CN	29.7	132891
Puqiakeqi	CN	37.3	35142
Pushun	CN	30.5	21940
Putian	CN	25.4	1539389
Putuo	CN	31.3	1239100
Puxi	CN	31.2	6683712
Puyang	CN	29.5	3590000
Puyang Chengguanzhen	CN	35.7	104994
Puzi	CN	29.6	18133
Qabqa	CN	36.3	46907
Qamdo	CN	31.1	86280
Qaraqash	CN	37.3	66541
Qarasu	CN	44.2	71446
Qarek	CN	38.4	29946
Qianhu	CN	34.8	18501
Qianjiang	CN	30.4	179079
Qianliu	CN	22.9	48090
Qiantang	CN	30.2	65894
Qiaoguan	CN	36.6	82467
Qiaotou	CN	36.9	114712
Qibao	CN	31.2	283352
Qiemo	CN	38.1	18893
Qilian	CN	38.2	25603
Qina	CN	26.3	36823
Qincheng	CN	27.2	99987
Qing’an	CN	34.0	48234
Qingdao	CN	36.1	7172451
Qingfeng	CN	29.3	19627
Qingfu	CN	28.4	56650
Qinggang	CN	29.5	78582
Qinglian	CN	31.2	26969
Qinglong	CN	30.8	15335
Qingnian	CN	36.8	110046
Qingping	CN	30.0	21160
Qingpu	CN	31.2	1271424
Qingquan	CN	30.5	76154
Qingshan	CN	40.7	719255
Qingshanquan	CN	34.4	44314
Qingshizui	CN	37.5	28561
Qingshuping	CN	27.4	62800
Qingxi	CN	29.8	29285
Qingxichang	CN	28.4	53552
Qingyang	CN	35.7	2125400
Qingyuan	CN	23.7	1738424
Qingzhou	CN	36.7	236406
Qinhuangdao	CN	39.9	759718
Qinnan	CN	33.3	55975
Qinzhou	CN	22.0	1296300
Qionghai	CN	19.2	528238
Qionghu	CN	28.8	66145
Qiongshan	CN	20.0	87657
Qipan	CN	34.2	66419
Qiqihar	CN	47.3	882364
Qisha	CN	21.6	44561
Qishan	CN	29.8	55500
Qitaihe	CN	45.8	345033
Qitang	CN	29.8	21185
Qiuji	CN	33.8	76343
Quankou	CN	37.4	18308
Quanzhou	CN	24.9	1469157
Qufu	CN	35.6	85144
Qujing	CN	25.5	1408500
Qushi	CN	25.2	42380
Quxu	CN	29.4	41851
Quzhou	CN	29.0	902767
Renhe	CN	26.4	24903
Renqiu	CN	38.7	98569
Rensha	CN	30.1	20054
Renxian	CN	30.7	21499
Renyi	CN	29.5	38864
Renzhao	CN	36.6	64569
Rikaze	CN	29.3	80000
Rizhao	CN	35.4	661943
Rizhuang	CN	37.0	43758
Rongjiang	CN	26.6	32291
Ronglong	CN	29.4	32983
Rongxi	CN	28.5	20448
Rugao	CN	32.4	257400
Rui’an	CN	27.8	1125000
Ruidian	CN	25.5	28612
Runan	CN	33.0	60202
Salaqi	CN	40.5	104090
Samuyuzi	CN	43.7	19621
Sanchazi	CN	42.1	66576
Sanchuan	CN	26.8	56345
Sandaohezi	CN	44.3	60129
Sandaoling Lutiankuang Wuqi Nongchang	CN	43.0	30513
Sandu	CN	19.8	76757
Sangzhe	CN	29.3	26221
Sanhe	CN	40.0	965075
Sanhui	CN	30.1	51413
Sanjiang	CN	28.9	39785
Sanjianzai	CN	22.7	21000
Sanjiao	CN	29.5	46458
Sankeshu	CN	26.6	46402
Sanmenxia	CN	34.8	669307
Sanmiao	CN	30.2	35877
Sanming	CN	26.2	602166
Sanqu	CN	29.6	28563
Sansheng	CN	29.9	19305
Sanshui	CN	23.2	153714
Santangpu	CN	27.4	48000
Santo António	CN	22.2	129800
Sanxi	CN	31.1	18961
Sanya	CN	18.3	1031396
Sanzhuang	CN	35.5	52214
São Lázaro	CN	22.2	33100
São Lourenço	CN	22.2	51700
Saybag	CN	37.1	32355
Shache	CN	38.4	128145
Shagang	CN	21.7	30710
Shahe	CN	22.6	37722
Shahecheng	CN	36.9	125132
Shaji	CN	33.9	46696
Shajing	CN	22.7	127089
Shajing Residential District	CN	22.7	17093
Shajing Town	CN	22.7	67093
Shancheng	CN	34.8	74459
Shandan	CN	34.8	24235
Shangchong	CN	26.3	21425
Shanghai	CN	31.2	24874500
Shanghe	CN	30.2	20654
Shanghuang	CN	31.3	25648
Shangkou	CN	37.0	65770
Shangluo	CN	33.9	531696
Shangmei	CN	27.7	75233
Shangpa	CN	26.9	30129
Shangqiu	CN	34.4	1859723
Shangrao	CN	28.5	1116486
Shangri-La	CN	27.8	186400
Shangsi	CN	22.2	71468
Shangyu	CN	30.0	839747
Shangyun	CN	23.1	44918
Shangzhi	CN	45.2	131006
Shanhaiguan	CN	40.0	140000
Shanhecun	CN	45.7	57550
Shanji	CN	34.2	50617
Shankou	CN	21.6	70153
Shanting	CN	35.1	80843
Shantou	CN	23.4	3838900
Shanwang	CN	36.5	63195
Shanwei	CN	22.8	491766
Shaodian	CN	34.1	32448
Shaoguan	CN	24.8	1028460
Shaoshan	CN	27.9	118000
Shaowu	CN	27.3	112585
Shaoxing	CN	30.0	2300000
Shaoyang	CN	27.2	753194
Shaoyu	CN	34.1	18327
Shaoyun	CN	30.0	19174
Shaozhuang	CN	36.7	66728
Shaping	CN	22.8	107589
Shawan	CN	33.6	21551
Shawei	CN	22.5	32980
Shekou	CN	22.5	18730
Shenglilu	CN	29.4	134218
Shenjiamen	CN	30.0	95433
Shenliu	CN	29.4	57769
Shenyang	CN	41.8	9070093
Shenzhen	CN	22.5	17494398
Shenzhen City Centre	CN	22.5	70826
Shenzhenwan	CN	22.5	16921
Shetan	CN	30.0	33452
Shibao	CN	34.1	22621
Shibuzi	CN	36.1	58333
Shichuan	CN	29.8	39645
Shidui	CN	36.4	35367
Shigang	CN	31.1	22126
Shigu	CN	26.9	21006
Shiguai	CN	40.7	70357
Shihao	CN	28.5	43680
Shihezi	CN	44.3	572772
Shihui	CN	29.6	15205
Shiji	CN	34.2	41652
Shijiao	CN	28.9	46097
Shijiazhuang	CN	38.0	5758403
Shijie	CN	23.1	246960
Shikang	CN	21.8	64818
Shili	CN	34.0	38961
Shilin	CN	24.8	55000
Shilong	CN	23.1	109733
Shilongba	CN	26.6	20074
Shima	CN	29.0	69881
Shimen	CN	29.1	35665
Shiqi	CN	22.5	257472
Shiqiao	CN	22.9	135308
Shiqiaozi	CN	36.2	58538
Shiquan	CN	33.0	53422
Shitan	CN	30.1	19375
Shitanjing	CN	39.2	78765
Shituo	CN	29.7	26144
Shiwan	CN	23.0	82031
Shixing	CN	24.9	72996
Shiyan	CN	32.6	3460000
Shizhai	CN	34.8	62956
Shizhi	CN	30.1	29085
Shizilu	CN	35.2	86749
Shizuishan	CN	39.0	739400
Shouguang	CN	36.9	473620
Shouxian	CN	34.8	76030
Shuangcheng	CN	45.4	130710
Shuangfeng	CN	30.0	33282
Shuangfengqiao	CN	29.7	67717
Shuangfu	CN	29.4	47962
Shuanggou	CN	34.0	45697
Shuanghe	CN	29.3	49411
Shuanghekou	CN	30.8	33715
Shuanghuai	CN	30.2	39907
Shuangjiang	CN	30.2	33771
Shuangliao	CN	43.5	93666
Shuanglong	CN	28.5	44055
Shuanglonghu	CN	29.7	128563
Shuanglu	CN	29.5	26582
Shuangshi	CN	29.4	24315
Shuangtang	CN	34.4	30958
Shuangyang	CN	43.5	62137
Shuangyashan	CN	46.7	600000
Shuifu	CN	28.6	102143
Shuijiang	CN	29.2	50918
Shuikou	CN	24.0	62321
Shuitu	CN	29.8	44551
Shuizhai	CN	23.9	140493
Shulan	CN	44.4	77420
Shunhe	CN	34.8	47330
Shunyi	CN	40.1	117623
Shunzhou	CN	26.6	32074
Shuozhou	CN	39.3	433700
Shuren	CN	30.0	21009
Sihu	CN	34.6	40430
Simen	CN	34.6	27168
Sino-Singapore Tianjin Eco-city	CN	39.2	100000
Siping	CN	43.2	627957
Sishui	CN	35.6	552300
Sitou	CN	36.3	56289
Siwei	CN	38.0	17200
Siyeke	CN	36.9	21862
Songbai	CN	31.8	31207
Songcheng	CN	26.9	165730
Songgang	CN	22.8	24201
Songjiang	CN	31.0	1973500
Songjianghe	CN	42.2	67672
Songling	CN	31.2	77566
Songlingcun	CN	40.3	52277
Songlou	CN	34.6	79763
Songnan	CN	31.4	127347
Songyang	CN	34.5	62375
Songyuan	CN	45.1	113611
Suhe	CN	34.1	18901
Suicheng	CN	33.9	256665
Suifenhe	CN	44.4	100000
Suihua	CN	46.6	252245
Suiling	CN	47.2	57124
Suining	CN	30.5	656760
Suixi	CN	33.9	74172
Suizhou	CN	31.7	618582
Sujiatun	CN	41.7	148113
Sunlou	CN	34.7	46941
Suozhen	CN	37.0	58766
Suqian	CN	33.9	1437685
Suyangshan	CN	34.4	65333
Suzhou	CN	31.3	6715559
Tacheng	CN	46.7	161037
Tage'erqi	CN	38.5	34554
Tahe	CN	52.3	60874
Tai’an	CN	36.2	1735425
Taibai	CN	30.8	108387
Taicang	CN	31.4	831113
Taifu	CN	29.0	58663
Taihe	CN	30.1	66506
Tailai	CN	46.4	66623
Taiping	CN	24.7	30032
Taishan	CN	22.3	145440
Taitou	CN	37.0	60354
Taixing	CN	32.2	79655
Taiyuan	CN	37.9	5305061
Taizhou	CN	32.5	1607108
Tanchang Chengguanzhen	CN	34.0	31861
Tanfang	CN	36.7	91460
Tangba	CN	30.0	45385
Tange	CN	34.6	37074
Tangfang	CN	31.4	17065
Tanggu	CN	39.0	535298
Tanghe	CN	32.7	278055
Tangjiazhuang	CN	39.7	79489
Tangping	CN	22.0	81729
Tangshan	CN	39.6	3372102
Tangwu	CN	36.4	93260
Tangxiang	CN	29.7	66325
Tangzhai	CN	34.4	67936
Tangzhang	CN	34.1	52985
Tanjia	CN	31.5	15261
Tantou	CN	22.8	320304
Tanzhou	CN	22.3	382445
Taolin	CN	35.8	31795
Taoluo	CN	35.3	61852
Taonan	CN	45.3	112819
Taoyuan	CN	33.9	52861
Taozhou	CN	30.9	146610
Taozhuang	CN	34.9	60137
Tashan	CN	34.3	59162
Tawakule	CN	37.8	26983
Taxkowrük	CN	43.9	17015
Tengyue	CN	25.0	127133
Tewulike	CN	42.3	32541
Tianchang	CN	38.0	61292
Tiancheng	CN	30.9	41762
Tianducheng	CN	30.4	30000
Tianfu	CN	37.3	115370
Tianjia	CN	30.1	16368
Tianjin	CN	39.1	13866009
Tianliu	CN	37.0	67165
Tianpeng	CN	31.0	60797
Tianshui	CN	34.6	1212791
Tianzhuang	CN	36.8	64957
Tiaoshi	CN	29.3	28825
Tiefu	CN	34.5	87689
Tieli	CN	47.0	107621
Tieling	CN	42.3	459985
Tieqiao	CN	31.0	42085
Tieshan	CN	29.7	15669
Tongchuan	CN	34.9	417740
Tongchuanshi	CN	35.1	223603
Tonggu	CN	28.8	19175
Tonghua	CN	41.7	510000
Tongjiaxi	CN	29.7	21820
Tongjing	CN	29.9	30673
Tongle	CN	29.5	18659
Tongliao	CN	43.6	261110
Tongling	CN	30.9	402062
Tongren	CN	35.5	103700
Tongshan	CN	34.2	329661
Tongxi	CN	30.0	29699
Tongyangdao	CN	41.8	22681
Tongzhou	CN	39.9	163326
Tuanbao	CN	30.3	59580
Tuantian	CN	24.7	17484
Tuchang	CN	29.9	17221
Tumen	CN	43.0	78719
Tumxuk	CN	39.9	135727
Tuohula	CN	37.2	18800
Tuomuwusitang	CN	38.4	29579
Tuqiang	CN	52.9	20056
Turpan	CN	42.9	273385
Tushan	CN	34.2	42853
Tuwaite	CN	37.3	24685
Tuxiang	CN	30.7	41011
Ulanhot	CN	46.1	265600
Ulanqab	CN	41.0	550231
Ürümqi	CN	43.8	4054000
Wacheng Neighborhood	CN	33.8	66848
Wafangdian	CN	39.6	454338
Waina	CN	33.2	19394
Wangfen	CN	36.5	48052
Wanggou	CN	34.7	67140
Wanghong	CN	38.2	30943
Wangji	CN	34.0	54578
Wangjia	CN	29.8	15451
Wangkui	CN	46.8	99617
Wangpu	CN	35.1	23414
Wangqing	CN	43.3	88732
Wangu	CN	29.7	28871
Wangwu	CN	19.7	24274
Wangyao	CN	34.9	17925
Wangyin	CN	34.8	22131
Wangyuan	CN	38.4	42022
Wanmu	CN	28.6	15220
Wanning	CN	18.8	545992
Wanqiao Zhen	CN	25.8	20784
Wansheng	CN	29.0	113751
Wanshui	CN	26.7	17141
Wanshun	CN	30.0	22256
Wanxian	CN	30.8	859662
Wanzhou	CN	30.8	1545900
Wayao	CN	34.4	37080
Wayaobu	CN	37.1	113698
Weidian	CN	35.1	26896
Weifang	CN	36.7	9386705
Weihai	CN	37.5	844310
Weiji	CN	34.0	48069
Weimiao	CN	34.6	51820
Weinan	CN	34.5	1199290
Weining	CN	26.9	56744
Weituo	CN	30.0	36068
Weiwu'eryuqiwen	CN	43.8	18669
Weixinghu	CN	29.2	38112
Wenchang	CN	19.6	560894
Wenfeng	CN	31.4	31338
Wenheng	CN	25.7	20542
Wenjiang	CN	28.4	68433
Wenling	CN	28.4	67433
Wenquan	CN	31.4	39402
Wenshan City	CN	23.4	450000
Wenshang	CN	35.7	59455
Wensu	CN	41.3	83110
Wenxian Chengguanzhen	CN	32.9	31339
Wenxing	CN	28.7	57117
Wenzhou	CN	28.0	2650000
Wofo	CN	29.9	24209
Wu'erqi	CN	37.3	16400
Wuchang	CN	30.5	1102188
Wucheng	CN	29.6	60212
Wuchuan	CN	21.5	907354
Wuda	CN	39.5	122696
Wudalike	CN	38.4	31525
Wūdān	CN	42.9	138695
Wudong	CN	30.2	17190
Wuduan	CN	34.6	41803
Wugang	CN	26.7	132457
Wuhai	CN	39.7	218427
Wuhan	CN	30.6	13739000
Wuhe	CN	24.9	32858
Wuhu	CN	31.4	1598165
Wujia	CN	29.6	34549
Wujian	CN	29.2	19861
Wujiaqu	CN	44.2	154400
Wujing	CN	36.5	60260
Wuling	CN	30.5	24632
Wulingyuan	CN	29.3	52712
Wulong	CN	29.3	78225
Wuma	CN	30.9	25919
Wuqiao	CN	30.8	20672
Wushan	CN	31.1	117873
Wushipai	CN	22.5	18400
Wusu	CN	44.4	72587
Wutan	CN	29.3	29206
Wutongshu	CN	38.2	20506
Wuwei	CN	37.9	1010295
Wuxi	CN	31.6	4396835
Wuxue	CN	29.9	220661
Wuyang	CN	32.0	79070
Wuying	CN	35.0	34509
Wuyishan	CN	27.8	137133
Wuzhen	CN	30.7	60000
Wuzhishan	CN	18.8	112269
Wuzhong	CN	38.0	7202654
Wuzhou	CN	23.5	761948
Xambabazar	CN	36.9	19796
Xi’an	CN	34.3	12952907
Xiaba	CN	29.1	17486
Xiagezhuang	CN	36.7	30706
Xialu	CN	29.9	26300
Xiamen	CN	24.5	4617251
Xianfeng	CN	29.2	48586
Xiangcheng	CN	25.5	121959
Xianglong	CN	30.3	25006
Xiangshui	CN	30.7	16889
Xiangtan	CN	27.9	959303
Xiangxiang	CN	27.7	235000
Xiangyang	CN	32.0	1294733
Xiangzhou	CN	36.2	61748
Xianju	CN	28.9	61532
Xianlong	CN	29.2	36561
Xianning	CN	29.8	512517
Xiannü	CN	32.4	83936
Xianshuigu	CN	39.0	74028
Xiantao	CN	30.4	239406
Xianyang	CN	34.3	1034081
Xiaochangshan	CN	39.2	16071
Xiaochuan	CN	33.7	18098
Xiaodu	CN	30.0	27469
Xiaogan	CN	30.9	908266
Xiaojia	CN	30.3	16363
Xiaolingwei	CN	32.0	66031
Xiaomian	CN	30.1	27154
Xiaoshan	CN	30.2	95234
Xiaoshi	CN	41.3	68994
Xiaoweizhai	CN	26.2	58913
Xiasi	CN	32.3	32400
Xiayang	CN	31.1	137321
Xiaying	CN	37.0	23395
Xiazhen	CN	34.8	125667
Xiazhuang	CN	36.4	88710
Xichang	CN	27.9	481796
Xichuan	CN	35.0	29394
Xiejiawan	CN	34.8	22066
Xiema	CN	29.8	60933
Xifeng	CN	42.7	61087
Xigang	CN	38.6	112061
Xigaoshan	CN	33.7	16550
Xihe	CN	31.7	90422
Xihu	CN	29.1	38386
Xili	CN	22.6	40685
Xilin Hot	CN	44.0	213000
Xilinhot	CN	43.9	349953
Xilinji	CN	53.0	39310
Ximeicun	CN	25.0	94326
Xincheng	CN	41.7	102752
Xindi	CN	29.8	175761
Xindian	CN	36.8	82555
Xingcheng	CN	40.6	98968
Xingdaohu	CN	21.7	24048
Xingfeng	CN	34.9	23922
Xingguo	CN	34.9	95211
Xinghua	CN	32.9	105918
Xinglong	CN	30.7	41411
Xinglongshan	CN	44.0	58432
Xinglou	CN	34.6	49653
Xingning	CN	24.1	274499
Xingqiao	CN	30.4	52400
Xingren	CN	25.4	91579
Xingtai	CN	37.1	798770
Xingyi	CN	25.1	322890
Xinhe	CN	36.9	69884
Xinhua	CN	24.8	16336
Xining	CN	36.6	2467965
Xininglu	CN	44.3	69361
Xinji	CN	37.9	145911
Xinle	CN	38.3	99347
Xinlin	CN	51.7	23533
Xinmiao	CN	29.7	34299
Xinmin	CN	42.0	565634
Xinqiao	CN	31.1	155856
Xinqing	CN	48.3	55415
Xinsheng	CN	30.8	27741
Xinshi	CN	31.0	98422
Xintai	CN	35.9	222459
Xintian	CN	30.7	34145
Xinxiang	CN	35.2	1047088
Xinxing	CN	34.8	97483
Xinyang	CN	32.1	1416800
Xinye	CN	32.5	61633
Xinyi	CN	22.4	1014577
Xinyingpan	CN	27.2	21008
Xinyu	CN	27.8	839488
Xinyuan	CN	43.4	282718
Xinzhai	CN	36.4	100168
Xinzhi	CN	36.5	72303
Xinzhou	CN	38.4	544683
Xiongjia	CN	30.9	33176
Xiongzhou	CN	25.1	79050
Xiping	CN	34.6	15165
Xishan	CN	27.7	98162
Xituo	CN	30.4	25585
Xiugu	CN	27.9	81153
Xiulin	CN	29.7	240082
Xiuyan	CN	40.3	71614
Xiuying	CN	20.0	290000
Xixiang	CN	33.0	99867
Xiyu	CN	34.1	24452
Xuancheng	CN	31.0	774332
Xuanhua	CN	40.6	373422
Xuantan	CN	29.2	69250
Xuchang	CN	34.0	1265536
Xucheng	CN	20.3	83267
Xuhui	CN	31.2	1109800
Xujiang	CN	26.8	87459
Xunchang	CN	28.5	118664
Xunsi	CN	28.1	41120
Xunyang	CN	32.8	67929
Xuyong	CN	28.2	108352
Xuzhou	CN	34.2	1253991
Xuzhuang	CN	34.3	56099
Ya'an	CN	30.0	612056
Yajiang	CN	29.5	19636
Yakeshi	CN	49.3	116284
Yan’an	CN	36.6	475234
Yancheng	CN	33.4	1615717
Yangcheng	CN	30.0	186242
Yangchun	CN	22.2	153547
Yangcun	CN	39.4	63756
Yanggu	CN	36.1	74725
Yanghang	CN	31.4	204564
Yanghe	CN	38.3	67901
Yangjiang	CN	21.9	1292987
Yangjiaying	CN	39.5	17624
Yangliuqing	CN	39.1	76387
Yangpu	CN	31.3	1210800
Yangquan	CN	37.9	731228
Yangshuo	CN	24.8	300000
Yangtun	CN	34.9	53417
Yanguan	CN	34.3	44954
Yangzhou	CN	32.4	4559797
Yanji	CN	42.9	326957
Yanjia	CN	29.8	100000
Yanjing	CN	29.9	24680
Yanliang	CN	34.7	60891
Yanqi	CN	42.1	31773
Yanta	CN	36.2	79196
Yantai	CN	37.5	7102100
Yantongshan	CN	43.3	57515
Yanwo	CN	30.3	30424
Yanzhou	CN	35.6	375500
Yanzibu	CN	34.5	25714
Yaoji	CN	34.1	65897
Yaowan	CN	34.2	60668
Yashan	CN	22.2	56629
Yatou	CN	37.2	91517
Yawa	CN	37.4	33949
Yaxing	CN	19.4	76427
Yebaishou	CN	41.4	65536
Yebao	CN	34.9	30091
Yengisar	CN	38.9	31113
Yengitam	CN	43.7	24761
Yeyuan	CN	36.4	97936
Yezhou	CN	30.6	104839
Yibin	CN	28.8	836340
Yichang	CN	30.7	1350150
Yicheng	CN	31.7	61027
Yichun	CN	27.8	1045952
Yidu	CN	36.8	105070
Yigai'erqi	CN	38.3	27038
Yigou	CN	35.8	59073
Yihe	CN	29.7	37390
Yilan	CN	46.3	71180
Yima	CN	34.7	147800
Yinchuan	CN	38.5	2859074
Ying’awati	CN	37.3	23624
Yinggen	CN	19.0	41835
Yingjiang	CN	24.7	80481
Yingkou	CN	40.7	591159
Yingli	CN	37.1	57091
Yingpan	CN	26.4	37406
Yingqiu	CN	36.5	92564
Yingshang Chengguanzhen	CN	32.6	61771
Yingtan	CN	28.2	214229
Yinma	CN	36.7	83872
Yinping	CN	30.5	18574
Yinqiao Zhen	CN	25.8	28002
Yintai	CN	35.1	217509
Yinzhu	CN	35.9	75656
Yishan	CN	36.2	78408
Yishikuli	CN	38.5	29930
Yishui	CN	35.8	1007100
Yisilamu'awati	CN	37.6	19828
Yitang	CN	34.3	28002
Yiwu	CN	29.3	1481384
Yixing	CN	31.4	1285785
Yizhou	CN	24.5	155872
Yizhuang	CN	34.2	34968
Yong’an	CN	31.0	144314
Yongbei	CN	26.6	60099
Yongcheng	CN	29.0	17634
Yongchuan	CN	29.4	192954
Yongfeng	CN	27.5	70783
Yongji	CN	34.9	452000
Yongjia	CN	29.6	22377
Yongjian	CN	25.4	53970
Yongle	CN	31.0	22434
Yongning	CN	22.8	61690
Yongping	CN	34.3	18279
Yongqing	CN	34.7	55595
Yongxi	CN	29.7	15213
Yongxin	CN	29.0	49951
Yongxing	CN	29.0	32535
Yongzhou	CN	26.4	1020715
Youchou	CN	29.0	17763
Youhao	CN	47.9	78402
Yousuo	CN	26.0	53233
Youting	CN	29.4	44363
Youxi	CN	29.2	63386
Yuanping	CN	38.7	526000
Yuanshang	CN	36.8	74253
Yuanyang	CN	29.7	37009
Yucheng	CN	34.9	62365
Yuci	CN	37.7	235929
Yudong	CN	29.4	81408
Yuepu	CN	31.4	139328
Yuexi	CN	30.9	47802
Yueyang	CN	29.4	991465
Yufengshan	CN	29.7	23917
Yujia	CN	30.8	30454
Yuli	CN	41.3	22474
Yulin	CN	22.6	1056743
Yulinshi	CN	38.3	90870
Yulong	CN	29.5	16072
Yùmén	CN	40.3	15612
Yuncheng	CN	35.0	680036
Yunfu	CN	22.9	2612800
Yunji	CN	29.9	27564
Yunjin	CN	29.1	54385
Yunjinghong	CN	22.0	205523
Yunlong	CN	34.3	345393
Yunmen	CN	30.1	68698
Yunmeng Chengguanzhen	CN	31.1	64390
Yunnanyi	CN	25.4	93671
Yunshan	CN	36.8	52249
Yuntai	CN	30.1	40328
Yunyang	CN	33.4	73922
Yuqunweng	CN	43.9	46759
Yushan	CN	29.5	30981
Yushu	CN	33.0	141308
Yutan	CN	28.3	55312
Yuxi	CN	24.4	103829
Yuxia	CN	34.1	60206
Yuyao	CN	30.1	114177
Yuzhou	CN	34.2	87961
Zaoyang	CN	32.1	481004
Zaozhuang	CN	34.9	3855601
Zengfu	CN	29.5	15527
Zepu	CN	38.2	51691
Zhabei	CN	31.3	840000
Zhakou	CN	21.7	31173
Zhalantun	CN	48.0	132224
Zhancheng	CN	34.2	38164
Zhangfeng	CN	24.2	53370
Zhangji	CN	34.1	61929
Zhangjiachuan	CN	35.0	62497
Zhangjiagang	CN	31.9	1432044
Zhangjiajie	CN	29.1	441804
Zhangjiakou	CN	40.8	692602
Zhangye	CN	38.9	507433
Zhangzhai	CN	34.6	74433
Zhangzhou	CN	24.5	589831
Zhangzhuang	CN	34.5	74114
Zhanhe	CN	26.9	23854
Zhanjiang	CN	21.2	1400709
Zhaobaoshan	CN	30.0	61979
Zhaodong	CN	46.1	154406
Zhaodun	CN	34.3	76691
Zhaogezhuang	CN	39.8	86555
Zhaojia	CN	31.1	39910
Zhaoqing	CN	23.0	1553109
Zhaotong	CN	27.3	787845
Zhaoxing	CN	25.9	16737
Zhaoyuan	CN	37.4	120000
Zhaozhou	CN	45.7	114009
Zhaozhuang	CN	34.7	53193
Zhawa	CN	37.2	52165
Zhefang	CN	24.3	51477
Zhelou	CN	25.0	34250
Zhen’an	CN	31.2	15452
Zhendong	CN	31.2	18819
Zhengding	CN	38.1	193524
Zhengji	CN	34.4	43021
Zhengxing	CN	29.5	27804
Zhengzhou	CN	34.8	6650532
Zhenjiang	CN	32.2	950516
Zhenlai	CN	45.8	67760
Zhenping	CN	33.0	181528
Zhenxi	CN	29.9	50017
Zhenzhou	CN	32.3	176006
Zheshan	CN	36.1	28333
Zhicheng	CN	30.3	159383
Zhifeng	CN	29.7	28467
Zhigou	CN	35.9	43152
Zhijiang	CN	30.4	408487
Zhiping	CN	29.3	36680
Zhong’ao	CN	29.8	31118
Zhongba	CN	34.0	16160
Zhongchao	CN	26.1	22129
Zhongduo	CN	28.8	93928
Zhonggulou	CN	30.8	85873
Zhonghe	CN	28.5	105003
Zhongling	CN	28.3	16530
Zhongshan	CN	22.5	3841873
Zhongshu	CN	24.5	91750
Zhongwei	CN	37.5	1174600
Zhongxiang	CN	31.2	439394
Zhongxin	CN	26.6	51866
Zhongxing	CN	33.7	57338
Zhongzhai	CN	33.2	19641
Zhoubai	CN	29.5	25147
Zhoucheng	CN	35.9	72070
Zhoucun	CN	36.8	122402
Zhoujia	CN	30.4	32562
Zhoujiaba	CN	30.8	88494
Zhoukou	CN	33.6	505171
Zhouqu Chengguanzhen	CN	33.8	21967
Zhoushan	CN	30.0	882932
Zhouxi	CN	26.5	16859
Zhouzhuang	CN	31.1	22000
Zhu Cheng City	CN	36.0	1000000
Zhuanghe	CN	39.7	742496
Zhuangyuan	CN	37.3	79106
Zhuantang	CN	28.9	21048
Zhucheng	CN	36.0	499285
Zhuhai	CN	22.3	2207090
Zhuji	CN	29.7	110721
Zhujiajiao	CN	31.1	60000
Zhujing	CN	30.9	120084
Zhumadian	CN	33.0	721670
Zhuoshui	CN	29.3	20386
Zhushan	CN	30.7	16331
Zhutang	CN	22.7	35766
Zhutuo	CN	29.0	58262
Zhuxi	CN	29.5	34113
Zhuyang	CN	29.1	26335
Zhuyi	CN	31.0	55627
Zhuyuan	CN	31.3	39338
Zhuzhai	CN	34.8	56908
Zhuzhou	CN	27.8	1129687
Zhuzilin	CN	22.5	16800
Zibihu	CN	26.1	56246
Zibo	CN	36.8	4704138
Zigong	CN	29.3	1262064
Zishui	CN	31.4	20396
Zitong	CN	30.2	212819
Ziyang	CN	30.1	905729
Ziyang Chengguanzhen	CN	32.5	35496
Zizhuang	CN	34.4	52063
Zoucheng	CN	35.4	1116692
Zouma	CN	30.6	26017
Zouzhuang	CN	34.6	45461
Zuitai	CN	33.3	27027
Zunyi	CN	27.7	2037775
Abejorral	CO	5.8	17599
Acacías	CO	4.0	40627
Aguachica	CO	8.3	97525
Aguadas	CO	5.6	20712
Aguazul	CO	5.2	15669
Agustín Codazzi	CO	10.0	51478
Albania	CO	11.2	26940
Anaime	CO	4.4	25715
Andalucía	CO	4.2	18132
Andes	CO	5.7	16419
Anserma	CO	5.3	33146
Apartadó	CO	7.9	86438
Aracataca	CO	10.6	41872
Arauca	CO	7.1	85585
Ariguaní	CO	10.3	26246
Arjona	CO	10.3	50405
Armenia	CO	4.5	304314
Astrea	CO	9.5	18434
Ayapel	CO	8.3	56082
Balboa	CO	2.0	18910
Baranoa	CO	10.8	68383
Barbosa	CO	6.4	53943
Barrancabermeja	CO	7.1	191403
Barrancas	CO	11.0	38232
Barranquilla	CO	11.0	1206319
Becerril	CO	9.7	20477
Belalcázar	CO	2.6	36977
Belén de Umbría	CO	5.2	21450
Bello	CO	6.3	392939
Betulia	CO	6.1	15097
Bogotá	CO	4.6	7674366
Bosconia	CO	10.0	40562
Bucaramanga	CO	7.1	581130
Buenaventura	CO	3.6	432385
Buesaco	CO	1.4	19951
Caicedonia	CO	4.3	32417
Cajicá	CO	4.9	54111
Calarcá	CO	4.5	79569
Caldas	CO	6.1	82234
Cali	CO	3.4	2392877
Campo de la Cruz	CO	10.4	22810
Campoalegre	CO	2.7	22568
Candelaria	CO	3.4	23989
Carepa	CO	7.8	20627
Carmen de Viboral	CO	6.1	49642
Cartagena	CO	10.4	914552
Cartago	CO	4.7	134972
Caucasia	CO	8.0	58034
Cereté	CO	8.9	94935
Chaparral	CO	3.7	19982
Chía	CO	4.9	124309
Chigorodó	CO	7.7	86239
Chimichagua	CO	9.3	30289
Chinchiná	CO	5.0	68512
Chinú	CO	9.1	50743
Chiquinquirá	CO	5.6	45294
Chiriguaná	CO	9.4	27006
Chivolo	CO	10.0	18208
Ciénaga	CO	11.0	88311
Ciénaga de Oro	CO	8.9	17623
Cimitarra	CO	6.3	50892
Circasia	CO	4.6	27135
Ciudad Bolívar	CO	5.9	23361
Concordia	CO	6.0	16095
Copacabana	CO	6.3	49169
Corinto	CO	3.2	33846
Corozal	CO	9.3	39800
Cota	CO	4.8	20462
Cotorra	CO	9.0	16215
Cúcuta	CO	7.9	777106
Cumaribo	CO	4.4	23990
Curumaní	CO	9.2	34838
Dabeiba	CO	7.0	22717
Darien	CO	3.9	15763
Dosquebradas	CO	4.8	206693
Duitama	CO	5.8	92040
El Bagre	CO	7.6	51150
El Banco	CO	9.0	54522
El Carmen de Bolívar	CO	9.7	47957
El Carmen de Chucurí	CO	6.7	17638
El Cerrito	CO	3.7	38390
El Charco	CO	2.5	28673
El Copey	CO	10.2	28550
El Doncello	CO	1.7	17775
El Retén	CO	10.6	19345
El Zulia	CO	7.9	26019
Envigado	CO	6.2	163007
Espinal	CO	4.1	56213
Facatativá	CO	4.8	141762
Flandes	CO	4.3	29296
Florencia	CO	1.6	168346
Florida	CO	3.3	47173
Floridablanca	CO	7.1	267591
Fonseca	CO	10.9	32220
Fredonia	CO	5.9	18790
Fresno	CO	5.2	17668
Frontino	CO	6.8	20156
Fundación	CO	10.5	59175
Funza	CO	4.7	116890
Fusagasugá	CO	4.3	88820
Galapa	CO	10.9	19732
Galeras	CO	9.2	20239
Garzón	CO	2.2	29451
Gigante	CO	2.4	36055
Girardot City	CO	4.3	107324
Girón	CO	7.1	108466
Granada	CO	3.5	68876
Guacarí	CO	3.8	19637
Guadalajara de Buga	CO	3.9	114316
Guadalupe	CO	2.0	15913
Guaduas	CO	5.1	41838
Guamal	CO	9.1	25312
Guamo	CO	4.0	30516
Hatonuevo	CO	11.1	24792
Honda	CO	5.2	28158
Ibagué	CO	4.4	529635
Ipiales	CO	0.8	77729
Isnos	CO	1.9	24593
Itagüí	CO	6.2	281853
Ituango	CO	7.2	23784
Jamundí	CO	3.3	44833
Juan de Acosta	CO	10.8	18828
Kennedy	CO	4.6	979914
La Ceja	CO	6.0	36584
La Dorada	CO	5.4	81950
La Estrella	CO	6.2	49386
La Jagua de Ibirico	CO	9.6	21386
La Mesa	CO	5.3	26699
La Plata	CO	2.4	19275
La Tebaida	CO	4.5	27098
La Unión	CO	4.5	41013
La Virginia	CO	4.9	25900
Lérida	CO	4.9	17197
Leticia	CO	-4.2	48144
Líbano	CO	4.9	39459
Lorica	CO	9.2	40605
Los Patios	CO	7.8	58661
Luruaco	CO	10.6	27647
Madrid	CO	4.7	135000
Magangué	CO	9.2	123982
Mahates	CO	10.2	26075
Maicao	CO	11.4	166603
Málaga	CO	6.7	19884
Malambo	CO	10.9	129148
Manatí	CO	10.4	19233
Manizales	CO	5.1	434403
Manzanares	CO	5.3	16532
María la Baja	CO	10.0	23401
Marinilla	CO	6.2	57403
Marsella	CO	4.9	15455
Medellín	CO	6.2	1999979
Melgar	CO	4.2	25980
Miranda	CO	3.2	43333
Mitú	CO	1.3	29850
Mocoa	CO	1.2	56398
Momil	CO	9.2	16264
Mompós	CO	9.2	30861
Moniquirá	CO	5.9	20848
Montelíbano	CO	8.0	90450
Montenegro	CO	4.6	41996
Montería	CO	8.8	490935
Morales	CO	2.8	29737
Mosquera	CO	4.7	128012
Natagaima	CO	3.6	22455
Nechí	CO	8.1	24066
Neira	CO	5.2	20495
Neiva	CO	2.9	357392
Nueva Granada	CO	9.8	17470
Ocaña	CO	8.2	101158
Orito	CO	0.7	57774
Pacho	CO	5.1	16698
Padua	CO	5.1	19311
Pailitas	CO	9.0	16800
Palmar de Varela	CO	10.7	27098
Palmira	CO	3.5	312519
Pamplona	CO	7.4	53587
Pasto	CO	1.2	392930
Patía	CO	2.1	37781
Payandé	CO	4.3	37496
Paz de Ariporo	CO	5.9	34446
Pereira	CO	4.8	467269
Piedecuesta	CO	7.0	163362
Piendamo	CO	2.6	44000
Pinillos	CO	8.9	23349
Pitalito	CO	1.9	135711
Pivijay	CO	10.5	33047
Pizarro	CO	5.0	18561
Planadas	CO	3.2	21557
Planeta Rica	CO	8.4	69708
Plato	CO	9.8	48606
Polonuevo	CO	10.8	19454
Ponedera	CO	10.6	23420
Popayán	CO	2.4	318059
Pradera	CO	3.4	44630
Puebloviejo	CO	11.0	33720
Puerto Asís	CO	0.5	29782
Puerto Berrío	CO	6.5	51079
Puerto Boyacá	CO	6.0	27310
Puerto Carreño	CO	6.2	20936
Puerto Colombia	CO	11.0	26227
Puerto Leguízamo	CO	-0.2	20045
Puerto López	CO	4.1	16678
Puerto Rico	CO	1.9	33765
Puerto Salgar	CO	5.5	15019
Puerto Santander	CO	8.4	16275
Puerto Tejada	CO	3.2	46215
Puerto Triunfo	CO	5.9	17231
Puerto Wilches	CO	7.3	31698
Pupiales	CO	0.9	16431
Purificación	CO	3.9	29539
Quibdó	CO	5.7	129237
Quimbaya	CO	4.6	35350
Quinchía	CO	5.3	34069
Repelón	CO	10.5	25467
Restrepo	CO	4.3	17610
Retiro	CO	6.1	20700
Rioblanco	CO	3.5	19090
Riohacha	CO	11.5	188014
Rionegro	CO	6.2	128153
Riosucio	CO	5.4	18950
Rivera	CO	2.8	22877
Roldanillo	CO	4.4	27561
Rovira	CO	4.2	20452
Sabana de Torres	CO	7.4	27845
Sabanagrande	CO	10.8	35044
Sabanalarga	CO	10.6	102334
Sabaneta	CO	6.2	82375
Sahagún	CO	8.9	59188
Salamina	CO	5.4	18076
Salgar	CO	6.0	15782
Samaniego	CO	1.3	49085
Sampués	CO	9.2	21204
San Andrés	CO	12.6	58257
San Antero	CO	9.4	34196
San Benito Abad	CO	8.9	18181
San Carlos	CO	8.8	23532
San Diego	CO	10.3	18531
San Estanislao	CO	10.4	16518
San Gil	CO	6.6	46152
San Jacinto	CO	9.8	23576
San José del Guaviare	CO	2.6	52815
San Juan de Urabá	CO	8.8	19992
San Juan del Cesar	CO	10.8	40069
San Juan Nepomuceno	CO	10.0	34110
San Lorenzo	CO	1.5	16653
San Luis de Sincé	CO	9.2	30768
San Marcos	CO	8.7	60735
San Martín	CO	3.7	22281
San Onofre	CO	9.7	32957
San Pablo	CO	10.1	37160
San Pedro de Urabá	CO	8.3	30527
San Sebastián de Mariquita	CO	5.2	33340
San Vicente	CO	6.3	18051
Santa Fe de Antioquia	CO	6.6	23216
Santa Lucía	CO	10.3	15760
Santa Marta	CO	11.2	499192
Santa Rosa	CO	10.4	18375
Santa Rosa de Cabal	CO	4.9	57928
Santa Rosa de Osos	CO	6.6	37864
Santander de Quilichao	CO	3.0	99354
Santiago de Tolú	CO	9.5	27390
Santo Tomás	CO	10.8	28693
Santuario	CO	6.1	17722
Segovia	CO	7.1	39938
Sevilla	CO	4.3	43738
Sibaté	CO	4.5	23208
Silvania	CO	4.4	20581
Simití	CO	8.0	15353
Sincelejo	CO	9.3	277773
Sitionuevo	CO	10.8	33440
Soacha	CO	4.6	655025
Socorro	CO	6.5	29997
Sogamoso	CO	5.7	111336
Soledad	CO	10.9	342556
Sonsón	CO	5.7	33598
Suárez	CO	3.0	19690
Sucre	CO	8.8	23210
Supía	CO	5.5	26571
Tadó	CO	5.3	17000
Tame	CO	6.5	29099
Tarqui	CO	2.1	16108
Tauramena	CO	5.0	21709
Tierralta	CO	8.2	26242
Timbiquí	CO	2.8	21618
Tiquisio	CO	8.6	17939
Tocancipá	CO	5.0	15355
Tolú Viejo	CO	9.5	20033
Tuluá	CO	4.1	221684
Tumaco	CO	1.8	86713
Tunja	CO	5.5	172548
Túquerres	CO	1.1	40038
Turbaco	CO	10.3	56171
Turbo	CO	8.1	50508
Urrao	CO	6.3	18846
Valledupar	CO	10.5	490075
Vélez	CO	6.0	19376
Villa de San Diego de Ubaté	CO	5.3	20485
Villa del Rosario	CO	7.8	64951
Villa Rica	CO	2.5	18761
Villamaría	CO	5.0	35302
Villanueva	CO	5.3	31727
Villavicencio	CO	4.1	321717
Villeta	CO	5.0	20689
Yarumal	CO	7.0	22368
Yondó	CO	7.0	17597
Yopal	CO	5.3	168433
Yumbo	CO	3.6	71436
Zaragoza	CO	7.5	24067
Zarzal	CO	4.4	28761
Zipaquirá	CO	5.0	130432
Alajuela	CR	10.0	47494
Aserrí	CR	9.9	25874
Calle Blancos	CR	9.9	20710
Cañas	CR	10.4	20306
Cartago	CR	9.9	26594
Chacarita	CR	10.0	26354
Colima	CR	10.0	15875
Curridabat	CR	9.9	34586
Esparza	CR	10.0	15575
Guadalupe	CR	9.9	26005
Guápiles	CR	10.2	19092
Heredia	CR	10.0	21947
Ipís	CR	10.0	26669
Liberia	CR	10.6	45380
Limón	CR	10.0	63081
Mercedes Norte	CR	10.0	26007
Nicoya	CR	10.2	15313
Paraíso	CR	9.8	39702
Patarrá	CR	9.9	23983
Puntarenas	CR	10.0	35650
Purral	CR	10.0	30034
Quesada	CR	10.3	27310
San Diego	CR	9.9	16991
San Felipe	CR	9.9	24985
San Francisco	CR	10.0	55923
San Isidro	CR	9.4	34877
San José	CR	9.9	335007
San Juan	CR	10.0	26047
San Juan de Dios	CR	9.9	15469
San Miguel	CR	9.9	28827
San Pablo	CR	10.0	21662
San Pedro	CR	9.9	27477
San Rafael	CR	9.9	25410
San Rafael Abajo	CR	9.8	27419
San Rafael Arriba	CR	9.9	15051
San Vicente	CR	10.0	34447
San Vicente de Moravia	CR	10.0	34447
Siquirres	CR	10.1	18231
Tejar	CR	9.7	22433
Turrialba	CR	9.9	28955
Abreus	CU	22.3	16711
Aguada de Pasajeros	CU	22.4	23606
Alamar	CU	23.2	100000
Almendares	CU	23.1	240000
Alquízar	CU	22.8	15275
Amancio	CU	20.8	41523
Arroyo Naranjo	CU	23.0	210053
Artemisa	CU	22.8	68073
Bahía Honda	CU	22.9	19834
Balcón de la Lisa	CU	23.1	147415
Banes	CU	21.0	53104
Baracoa	CU	20.3	48362
Baraguá	CU	21.7	15268
Bartolomé Masó	CU	20.2	53024
Bauta	CU	23.0	45768
Bayamo	CU	20.4	192632
Bejucal	CU	22.9	18123
Boyeros	CU	23.0	188593
Cabaiguán	CU	22.1	44515
Cacocum	CU	20.7	42623
Caibarién	CU	22.5	39140
Calimete	CU	22.5	23255
Camagüey	CU	21.4	347562
Camajuaní	CU	22.5	35515
Campechuela	CU	20.2	25069
Cárdenas	CU	23.0	98515
Cauto Cristo	CU	20.6	21159
Centro Habana	CU	23.1	158151
Cerro	CU	23.1	132351
Chambas	CU	22.2	24114
Ciego de Ávila	CU	21.8	142027
Cienfuegos	CU	22.1	186644
Cifuentes	CU	22.6	40142
Ciro Redondo	CU	22.0	29560
Ciudad Camilo Cienfuegos	CU	23.2	178041
Cojímar	CU	23.2	20390
Colombia	CU	21.0	20096
Colón	CU	22.7	63882
Condado	CU	21.9	38248
Consolación del Sur	CU	22.5	69857
Contramaestre	CU	20.3	70438
Corralillo	CU	23.0	51881
Cruces	CU	22.3	24906
Cueto	CU	20.6	26527
Cumanayagua	CU	22.2	38687
Diez de Octubre	CU	23.1	227293
Encrucijada	CU	22.6	26155
Esmeralda	CU	21.9	20274
Florencia	CU	22.1	19811
Florida	CU	21.5	63007
Fomento	CU	22.1	19991
Fontanar	CU	23.0	178601
Gibara	CU	21.1	27603
Guáimaro	CU	21.1	39358
Guanabacoa	CU	23.1	112964
Guanajay	CU	22.9	25258
Guane	CU	22.2	16548
Guantánamo	CU	20.1	272801
Güines	CU	22.8	68935
Güira de Melena	CU	22.8	69879
Guisa	CU	20.3	18408
Havana	CU	23.1	2163824
Holguín	CU	20.9	319102
Jagüey Grande	CU	22.5	54363
Jaruco	CU	23.0	20207
Jatibonico	CU	21.9	19644
Jesús Menéndez	CU	21.2	51002
Jiguaní	CU	20.4	41106
Jimaguayú	CU	21.2	21169
Jobabo	CU	20.9	49403
Jovellanos	CU	22.8	47164
La Habana Vieja	CU	23.1	95383
La Salud	CU	22.9	28796
La Sierpe	CU	21.8	16937
Lajas	CU	22.4	22602
Las Tunas	CU	21.0	203684
Limonar	CU	23.0	25421
Los Palacios	CU	22.6	25703
Madruga	CU	22.9	33798
Maisí	CU	20.2	28276
Manicaragua	CU	22.2	41532
Mantilla	CU	23.1	206918
Manzanillo	CU	20.3	128188
Marianao	CU	23.1	134057
Mariel	CU	23.0	28987
Matanzas	CU	23.0	146733
Media Luna	CU	20.1	16713
Minas	CU	21.5	20863
Minas de Matahambre	CU	22.6	34419
Moa	CU	20.7	92852
Morón	CU	22.1	66060
Naranjito	CU	23.1	27209
Niquero	CU	20.0	18771
Nueva Gerona	CU	21.9	20264
Nuevitas	CU	21.5	54022
Palma Soriano	CU	20.2	102826
Palmira	CU	22.2	23078
Pedro Betancourt	CU	22.7	26761
Perico	CU	22.8	24073
Pilón	CU	19.9	28752
Pinar del Río	CU	22.4	186990
Placetas	CU	22.3	55408
Plaza de la Revolución	CU	23.1	139135
Primero de Enero	CU	21.9	17934
Puerto Padre	CU	21.2	76838
Ranchuelo	CU	22.4	43695
Regla	CU	23.1	44431
Remedios	CU	22.5	34108
Río Cauto	CU	20.6	23737
Río Guayabal de Yateras	CU	20.4	25753
Rodas	CU	22.3	19212
Sagua de Tánamo	CU	20.6	18282
Sagua la Grande	CU	22.8	62073
San Antonio de los Baños	CU	22.9	42724
San Cristobal	CU	22.7	59579
San Germán	CU	20.6	43892
San José de las Lajas	CU	23.0	54847
San Luis	CU	20.2	67293
San Miguel del Padrón	CU	23.1	159273
Sancti Spíritus	CU	21.9	127069
Santa Clara	CU	22.4	250512
Santa Cruz del Norte	CU	23.2	18402
Santa Cruz del Sur	CU	20.7	34601
Santiago de Cuba	CU	20.0	555865
Santiago de las Vegas	CU	23.0	35241
Santo Domingo	CU	22.6	45476
Sibanicú	CU	21.2	16856
Trinidad	CU	21.8	60206
Unión de Reyes	CU	22.8	33646
Varadero	CU	23.2	20000
Vedado	CU	23.1	108369
Vedado del Cotorro	CU	23.1	74650
Venezuela	CU	21.7	16601
Vertientes	CU	21.3	29704
Víbora	CU	23.1	23118
Víbora Park	CU	23.1	23000
Viñales	CU	22.6	27129
Yaguajay	CU	22.3	42218
Yara	CU	20.3	28944
Assomada	CV	15.1	21297
Espargos	CV	16.8	24500
Mindelo	CV	16.9	69013
Praia	CV	14.9	137868
Bandariba	CW	12.1	20838
Willemstad	CW	12.1	125000
Flying Fish Cove	CX	-10.4	500
Aglantziá	CY	35.2	21543
Aradíppou	CY	34.9	22934
Égkomi	CY	35.2	20502
Famagusta	CY	35.1	42526
Germasógeia	CY	34.7	17325
Káto Lakatámeia	CY	35.1	40000
Káto Polemídia	CY	34.7	23231
Kyrenia	CY	35.3	26701
Larnaca	CY	34.9	72000
Limassol	CY	34.7	154000
Mórfou	CY	35.2	24070
Nicosia	CY	35.2	200452
Paphos	CY	34.8	35961
Protaras	CY	35.0	20230
Stróvolos	CY	35.1	67904
Benešov	CZ	49.8	17025
Beroun	CZ	50.0	21744
Blansko	CZ	49.4	19900
Bohnice	CZ	50.1	16444
Bohumín	CZ	49.9	20315
Brandýs nad Labem-Stará Boleslav	CZ	50.2	20926
Braník	CZ	50.0	17777
Břeclav	CZ	48.8	25789
Brno	CZ	49.2	404296
Brno střed	CZ	49.2	86685
Bystrc	CZ	49.2	24655
Černý Most	CZ	50.1	22466
Česká Lípa	CZ	50.7	36364
České Budějovice	CZ	49.0	93426
Český Těšín	CZ	49.7	25750
Cheb	CZ	50.1	32892
Chodov	CZ	50.0	50043
Chomutov	CZ	50.5	46560
Chrudim	CZ	50.0	23630
Děčín	CZ	50.8	46376
Dejvice	CZ	50.1	23401
Dvůr Králové nad Labem	CZ	50.4	15316
Frýdek-Místek	CZ	49.7	53590
Háje	CZ	50.0	22059
Havířov	CZ	49.8	82768
Havlíčkův Brod	CZ	49.6	23368
Hlubočepy	CZ	50.0	23461
Hodonín	CZ	48.8	23344
Holešovice	CZ	50.1	37664
Horní Měcholupy	CZ	50.0	15303
Hostivař	CZ	50.0	19161
Hradec Králové	CZ	50.2	90596
Hranice	CZ	49.5	17910
Jablonec nad Nisou	CZ	50.7	46209
Jičín	CZ	50.4	16052
Jihlava	CZ	49.4	50108
Jindřichův Hradec	CZ	49.1	20369
Jirkov	CZ	50.5	19067
Kadaň	CZ	50.4	18088
Karlovy Vary	CZ	50.2	45500
Karviná	CZ	49.9	48637
Kladno	CZ	50.1	69728
Klatovy	CZ	49.4	22921
Kobylisy	CZ	50.1	27030
Kolín	CZ	50.0	33392
Kopřivnice	CZ	49.6	21245
Košíře	CZ	50.1	16145
Královo Pole	CZ	49.2	24212
Královské Vinohrady	CZ	50.1	48805
Kralupy nad Vltavou	CZ	50.2	17373
Krč	CZ	50.0	27344
Krnov	CZ	50.1	22303
Kroměříž	CZ	49.3	27917
Kutná Hora	CZ	49.9	21787
Letňany	CZ	50.1	21702
Libeň	CZ	50.1	36151
Liberec	CZ	50.8	102951
Líšeň	CZ	49.2	24563
Litoměřice	CZ	50.5	24489
Litvínov	CZ	50.6	22258
Louny	CZ	50.4	18061
Mělník	CZ	50.4	20301
Michle	CZ	50.0	21402
Mladá Boleslav	CZ	50.4	47874
Modřany	CZ	50.0	33574
Most	CZ	50.5	63474
Náchod	CZ	50.4	21263
Neratovice	CZ	50.3	16279
Nové Město	CZ	50.1	27105
Nový Jičín	CZ	49.6	26547
Nusle	CZ	50.1	35150
Nymburk	CZ	50.2	15795
Olomouc	CZ	49.6	99496
Opava	CZ	49.9	54881
Orlová	CZ	49.8	27383
Ostrava	CZ	49.8	280853
Ostrov	CZ	50.3	15615
Otrokovice	CZ	49.2	17239
Pardubice	CZ	50.0	88520
Pelhřimov	CZ	49.4	16541
Pilsen	CZ	49.7	187863
Písek	CZ	49.3	31002
Poděbrady	CZ	50.1	15232
Prague	CZ	50.1	1165581
Přerov	CZ	49.5	40492
Příbram	CZ	49.7	32773
Prosek	CZ	50.1	16850
Prostějov	CZ	49.5	43236
Rakovník	CZ	50.1	15682
Řepy	CZ	50.1	22461
Říčany	CZ	50.0	17314
Rožnov pod Radhoštěm	CZ	49.5	17238
Slaný	CZ	50.2	17247
Smíchov	CZ	50.1	34987
Sokolov	CZ	50.2	21908
Staré Strašnice	CZ	50.1	37665
Starý Bohumín	CZ	49.9	23034
Stodůlky	CZ	50.0	60758
Strakonice	CZ	49.3	22275
Střížkov	CZ	50.1	15705
Šumperk	CZ	50.0	28768
Svitavy	CZ	49.8	16073
Tábor	CZ	49.4	34339
Teplice	CZ	50.6	50856
Třebíč	CZ	49.2	34530
Třinec	CZ	49.7	33523
Trutnov	CZ	50.6	29337
Uherské Hradiště	CZ	49.1	24852
Uherský Brod	CZ	49.0	16280
Ústí nad Labem	CZ	50.7	90378
Valašské Meziříčí	CZ	49.5	22568
Vršovice	CZ	50.1	36836
Vsetín	CZ	49.3	24974
Vyškov	CZ	49.3	20645
Vysočany	CZ	50.1	17465
Záběhlice	CZ	50.1	35228
Žabovřesky	CZ	49.2	19387
Žatec	CZ	50.3	18984
Žďár nad Sázavou	CZ	49.6	20404
Židenice	CZ	49.2	18920
Žižkov	CZ	50.1	58267
Zlín	CZ	49.2	72973
Znojmo	CZ	48.9	35280
Aachen	DE	50.8	265208
Aalen	DE	48.8	67085
Achern	DE	48.6	26733
Achim	DE	53.0	32870
Adlershof	DE	52.4	20210
Ahaus	DE	52.1	38165
Ahlen	DE	51.8	55280
Ahrensburg	DE	53.7	30103
Aichach	DE	48.5	21042
Albstadt	DE	48.2	46950
Alfeld	DE	52.0	19138
Alfter	DE	50.7	21814
Alsdorf	DE	50.9	46340
Alsfeld	DE	50.8	15945
Alsterdorf	DE	53.6	15227
Alt-Hohenschönhausen	DE	52.5	50070
Altdorf bei Nürnberg	DE	49.4	15312
Altena	DE	51.3	20862
Altenburg	DE	51.0	38568
Altglienicke	DE	52.4	29595
Altona	DE	53.5	250192
Altona-Altstadt	DE	53.6	29455
Altona-Nord	DE	53.6	25802
Altstadt Nord	DE	50.9	17922
Altstadt Sud	DE	50.9	27515
Alzenau in Unterfranken	DE	50.1	18932
Alzey	DE	49.7	18241
Amberg	DE	49.4	44737
Andernach	DE	50.4	30408
Angermünde	DE	53.0	15453
Annaberg-Buchholz	DE	50.6	23092
Ansbach	DE	49.3	31839
Aplerbeck	DE	51.5	21600
Apolda	DE	51.0	24793
Arheilgen	DE	49.9	17819
Arnsberg	DE	51.4	74879
Arnstadt	DE	50.8	25678
Aschaffenburg	DE	50.0	68551
Ascheberg	DE	51.8	15184
Aschersleben	DE	51.8	25647
Attendorn	DE	51.1	24773
Aue	DE	50.6	18554
Auerbach	DE	50.5	21358
Augsburg	DE	48.4	301105
Aurich	DE	53.5	40319
Äußere Neustadt	DE	51.1	18098
Babenhausen	DE	50.0	17695
Backnang	DE	48.9	38818
Bad Aibling	DE	47.9	17672
Bad Arolsen	DE	51.4	16854
Bad Bentheim	DE	52.3	15508
Bad Berleburg	DE	51.1	20757
Bad Driburg	DE	51.7	19553
Bad Dürkheim	DE	49.5	18698
Bad Essen	DE	52.3	15732
Bad Harzburg	DE	51.9	22954
Bad Hersfeld	DE	50.9	30725
Bad Homburg vor der Höhe	DE	50.2	51859
Bad Honnef	DE	50.6	25348
Bad Kissingen	DE	50.2	21328
Bad Kreuznach	DE	49.8	43213
Bad Laasphe	DE	50.9	15184
Bad Langensalza	DE	51.1	16717
Bad Lippspringe	DE	51.8	15175
Bad Mergentheim	DE	49.5	22472
Bad Münder am Deister	DE	52.2	18726
Bad Nauheim	DE	50.4	30291
Bad Neuenahr-Ahrweiler	DE	50.5	27823
Bad Neustadt an der Saale	DE	50.3	15434
Bad Oeynhausen	DE	52.2	49513
Bad Oldesloe	DE	53.8	24322
Bad Pyrmont	DE	52.0	21629
Bad Rappenau	DE	49.2	20581
Bad Reichenhall	DE	47.7	16910
Bad Säckingen	DE	47.6	16549
Bad Salzuflen	DE	52.1	54899
Bad Salzungen	DE	50.8	16410
Bad Saulgau	DE	48.0	17911
Bad Schwartau	DE	53.9	19722
Bad Segeberg	DE	53.9	16052
Bad Soden am Taunus	DE	50.1	23103
Bad Tölz	DE	47.8	17434
Bad Vilbel	DE	50.2	35961
Bad Waldsee	DE	47.9	19840
Bad Wildungen	DE	51.1	18037
Bad Zwischenahn	DE	53.2	27550
Baden-Baden	DE	48.8	56881
Baesweiler	DE	50.9	27834
Baiersbronn	DE	48.5	16248
Balingen	DE	48.3	34414
Bamberg	DE	49.9	70047
Barmbek-Nord	DE	53.6	40261
Barmbek-Süd	DE	53.6	35880
Bassum	DE	52.9	16191
Baumschulenweg	DE	52.5	18894
Baunatal	DE	51.3	27929
Bautzen	DE	51.2	41972
Bayreuth	DE	49.9	72940
Beckingen	DE	49.4	15983
Beckum	DE	51.8	37814
Bedburg	DE	51.0	24937
Bemerode	DE	52.4	19486
Bendorf	DE	50.4	17495
Bensheim	DE	49.7	41124
Bergedorf	DE	53.5	119665
Bergheim	DE	51.0	63558
Bergisch Gladbach	DE	51.0	106184
Bergkamen	DE	51.6	52329
Bergneustadt	DE	51.0	20567
Berlin	DE	52.5	3426354
Berlin Köpenick	DE	52.4	59561
Bernau bei Berlin	DE	52.7	34866
Bernburg	DE	51.8	32113
Beverungen	DE	51.7	15266
Bexbach	DE	49.3	17793
Biberach an der Riß	DE	48.1	32333
Biebrich	DE	50.0	38758
Bielefeld	DE	52.0	331906
Biesdorf	DE	52.5	28955
Bietigheim-Bissingen	DE	48.9	43556
Bilderstöckchen	DE	51.0	15430
Billstedt	DE	53.5	71077
Bingen am Rhein	DE	50.0	26339
Bitterfeld-Wolfen	DE	51.6	36592
Blankenburg	DE	51.8	15963
Blankenfelde-Mahlow	DE	52.3	29129
Blasewitz	DE	51.1	24863
Blieskastel	DE	49.2	20197
Blomberg	DE	51.9	17183
Bobingen	DE	48.3	16682
Böblingen	DE	48.7	46282
Bocholt	DE	51.8	73943
Bochum	DE	51.5	385729
Bochum-Werne	DE	51.5	15345
Bockum	DE	51.3	20617
Bogenhausen	DE	48.2	77542
Bönen	DE	51.6	19393
Bonn	DE	50.7	330579
Bonn Hardtberg	DE	50.7	35000
Boppard	DE	50.2	16215
Borken	DE	51.8	40876
Borna	DE	51.1	18806
Bornheim	DE	50.8	48523
Bothfeld	DE	52.4	20778
Bottrop	DE	51.5	119909
Brackel	DE	51.5	24930
Brackenheim	DE	49.1	15083
Brake (Unterweser)	DE	53.3	16150
Brakel	DE	51.7	17808
Bramsche	DE	52.4	28220
Brandenburg an der Havel	DE	52.4	59826
Braunschweig	DE	52.3	244715
Bremen	DE	53.1	546501
Bremerhaven	DE	53.6	118610
Bremervörde	DE	53.5	19268
Bretten	DE	49.0	30274
Brilon	DE	51.4	27030
Britz	DE	52.4	42846
Bruchköbel	DE	50.2	20509
Bruchsal	DE	49.1	47784
Bruckmühl	DE	47.9	15851
Brüggen	DE	51.2	16105
Brühl	DE	50.8	44137
Buchen in Odenwald	DE	49.5	18226
Buchholz in der Nordheide	DE	53.3	40849
Bückeburg	DE	52.3	19221
Buckow	DE	52.4	40146
Büdingen	DE	50.3	22411
Buer	DE	51.6	32919
Bühl	DE	48.7	28608
Bünde	DE	52.2	46365
Büren	DE	51.6	22263
Burg bei Magdeburg	DE	52.3	24958
Burgdorf	DE	52.4	31051
Burghausen	DE	48.2	18263
Burglesum	DE	53.2	33000
Burscheid	DE	51.1	19215
Bürstadt	DE	49.6	15348
Butzbach	DE	50.4	25156
Buxtehude	DE	53.5	38192
Calw	DE	48.7	23740
Castrop-Rauxel	DE	51.6	77924
Celle	DE	52.6	71010
Cham	DE	49.2	17314
Charlottenburg	DE	52.5	129359
Charlottenburg-Nord	DE	52.5	19422
Chemnitz	DE	50.8	247220
Clausthal-Zellerfeld	DE	51.8	15345
Cloppenburg	DE	52.8	31177
Coburg	DE	50.3	41901
Coesfeld	DE	51.9	36631
Coswig	DE	51.1	22304
Cottbus	DE	51.8	84754
Crailsheim	DE	49.1	35755
Crimmitschau	DE	50.8	18272
Cuxhaven	DE	53.9	52677
Dachau	DE	48.3	39740
Dahlem	DE	52.5	16916
Damme	DE	52.5	16024
Darmstadt	DE	49.9	167029
Datteln	DE	51.7	36338
Deggendorf	DE	48.8	31081
Delbrück	DE	51.8	29884
Delitzsch	DE	51.5	25895
Delmenhorst	DE	53.1	75893
Dessau	DE	51.8	67747
Detmold	DE	51.9	73680
Deutz	DE	50.9	15238
Dieburg	DE	49.9	15168
Diepholz	DE	52.6	16783
Dietzenbach	DE	50.0	33256
Dillenburg	DE	50.7	22974
Dillingen	DE	49.4	21526
Dillingen an der Donau	DE	48.6	18734
Dingolfing	DE	48.6	18805
Dinslaken	DE	51.6	66993
Ditzingen	DE	48.8	24149
Döbeln	DE	51.1	23819
Donaueschingen	DE	48.0	21604
Donauwörth	DE	48.7	18364
Dormagen	DE	51.1	63582
Dorsten	DE	51.7	79981
Dorstfeld	DE	51.5	27655
Dortmund	DE	51.5	588462
Dotzheim	DE	50.1	27557
Dreieich	DE	50.0	41692
Drensteinfurt	DE	51.8	15260
Dresden	DE	51.1	564904
Duderstadt	DE	51.5	22910
Duisburg	DE	51.4	504358
Dülmen	DE	51.8	47495
Dulsberg	DE	53.6	17002
Düren	DE	50.8	93440
Düsseldorf	DE	51.2	618685
Düsseldorf-Pempelfort	DE	51.2	28941
Eberbach	DE	49.5	15624
Ebersbach an der Fils	DE	48.7	15919
Eberswalde	DE	52.8	41980
Eckernförde	DE	54.5	21563
Edewecht	DE	53.1	20658
Eggenstein-Leopoldshafen	DE	49.1	15189
Ehingen	DE	48.3	27764
Eidelstedt	DE	53.6	35078
Eilbek	DE	53.6	22235
Eilenburg	DE	51.5	16539
Eimsbüttel	DE	53.6	269118
Einbeck	DE	51.8	29751
Eisenach	DE	51.0	40747
Eisenhüttenstadt	DE	52.1	32052
Eisleben Lutherstadt	DE	51.5	22505
Eislingen	DE	48.7	22325
Eißendorf	DE	53.5	24863
Eitorf	DE	50.8	19761
Ellwangen	DE	49.0	25001
Elmschenhagen	DE	54.3	17097
Elmshorn	DE	53.7	48703
Elsdorf	DE	50.9	21967
Eltville	DE	50.0	16845
Emden	DE	53.4	51526
Emmendingen	DE	48.1	27383
Emmerich	DE	51.8	31829
Emsdetten	DE	52.2	35582
Engelskirchen	DE	51.0	20786
Enger	DE	52.1	19852
Ennepetal	DE	51.3	32607
Ennigerloh	DE	51.8	20713
Eppelborn	DE	49.4	18079
Eppendorf	DE	53.6	24806
Eppingen	DE	49.1	21179
Erding	DE	48.3	33519
Erftstadt	DE	50.8	51207
Erfurt	DE	51.0	218793
Erkelenz	DE	51.1	44650
Erkrath	DE	51.2	47815
Erlangen	DE	49.6	102675
Erwitte	DE	51.6	16081
Eschborn	DE	50.1	22403
Eschwege	DE	51.2	21191
Eschweiler	DE	50.8	55778
Eselsberg	DE	48.4	19075
Espelkamp	DE	52.4	26378
Essen	DE	51.5	593085
Esslingen	DE	48.7	92390
Ettlingen	DE	48.9	38578
Euskirchen	DE	50.7	54889
Eutin	DE	54.1	16984
Eving	DE	51.6	22430
Falkenhagener Feld	DE	52.6	38667
Falkensee	DE	52.6	37468
Farmsen-Berne	DE	53.6	35477
Fellbach	DE	48.8	43935
Fennpfuhl	DE	52.5	33751
Filderstadt	DE	48.7	43550
Finsterwalde	DE	51.6	18922
Fischeln	DE	51.3	26030
Flensburg	DE	54.8	85838
Flörsheim	DE	50.0	20023
Forchheim	DE	49.7	30442
Forst	DE	51.7	22843
Frankenberg	DE	51.1	17635
Frankenthal	DE	49.5	47438
Frankfurt (Oder)	DE	52.3	57107
Frankfurt am Main	DE	50.1	650000
Französisch Buchholz	DE	52.6	21449
Frechen	DE	50.9	52309
Freiberg	DE	50.9	43670
Freiberg am Neckar	DE	48.9	15235
Freiburg	DE	48.0	237460
Freilassing	DE	47.8	15909
Freising	DE	48.4	42570
Freital	DE	51.0	39281
Freudenberg	DE	50.9	18601
Freudenstadt	DE	48.5	23868
Friedberg	DE	48.4	29953
Friedenau	DE	52.5	27998
Friedrichsdorf	DE	50.2	24435
Friedrichsfelde	DE	52.5	55423
Friedrichshafen	DE	47.7	58403
Friedrichshagen	DE	52.5	19009
Friedrichshain	DE	52.5	117829
Friesoythe	DE	53.0	20311
Frohnau	DE	52.6	16689
Fröndenberg	DE	51.5	20504
Fulda	DE	50.6	63760
Fürstenfeldbruck	DE	48.2	33533
Fürstenwalde	DE	52.4	33539
Fürth	DE	49.5	132036
Füssen	DE	47.6	15608
Gaggenau	DE	48.8	29529
Gallus	DE	50.1	42012
Ganderkesee	DE	53.0	31141
Garbsen	DE	52.4	63355
Garching	DE	48.2	17656
Garmisch-Partenkirchen	DE	47.5	26022
Gartenstadt	DE	49.5	17745
Gauting	DE	48.1	19216
Geesthacht	DE	53.4	29487
Geilenkirchen	DE	51.0	28334
Geislingen an der Steige	DE	48.6	28655
Geldern	DE	51.5	34013
Gelnhausen	DE	50.2	21881
Gelsenkirchen	DE	51.5	270028
Georgsmarienhütte	DE	52.2	31244
Gera	DE	50.9	104659
Geretsried	DE	47.9	23364
Gerlingen	DE	48.8	19050
Germering	DE	48.1	40916
Germersheim	DE	49.2	20972
Gersthofen	DE	48.4	20254
Gescher	DE	52.0	17115
Geseke	DE	51.6	20602
Gesundbrunnen	DE	52.6	93862
Gevelsberg	DE	51.3	32664
Giengen an der Brenz	DE	48.6	20201
Gießen	DE	50.6	89179
Gifhorn	DE	52.5	43000
Gilching	DE	48.1	16859
Ginsheim-Gustavsburg	DE	50.0	16043
Gladbeck	DE	51.6	75499
Glauchau	DE	50.8	21442
Glinde	DE	53.5	16210
Goch	DE	51.7	33706
Gohlis	DE	51.4	45924
Gonsenheim	DE	50.0	25000
Göppingen	DE	48.7	58040
Gorbitz	DE	51.0	21599
Görlitz	DE	51.2	57751
Goslar	DE	51.9	43560
Gotha	DE	50.9	46615
Göttingen	DE	51.5	122149
Grefrath	DE	51.3	16016
Greiz	DE	50.7	24147
Greven	DE	52.1	35080
Grevenbroich	DE	51.1	64779
Griesheim	DE	49.9	25287
Grimma	DE	51.2	27529
Gröbenzell	DE	48.2	19110
Gronau	DE	52.2	50547
Gropiusstadt	DE	52.4	37686
Groß-Gerau	DE	49.9	23641
Groß-Umstadt	DE	49.9	21245
Großenhain	DE	51.3	18183
Großostheim	DE	49.9	16346
Guben	DE	51.9	21608
Gummersbach	DE	51.0	53131
Günzburg	DE	48.5	19737
Gunzenhausen	DE	49.1	16477
Güstrow	DE	53.8	31217
Gütersloh	DE	51.9	96180
Haan	DE	51.2	29431
Haar	DE	48.1	17560
Hagen	DE	51.4	198972
Haiger	DE	50.7	20218
Hakenfelde	DE	52.6	31327
Halberstadt	DE	51.9	39729
Haldensleben I	DE	52.3	20294
Halle	DE	52.1	21393
Halle (Saale)	DE	51.5	237865
Halle-Neustadt	DE	51.5	44515
Halstenbek	DE	53.6	16212
Haltern am See	DE	51.7	38142
Halver	DE	51.2	17650
Hamburg	DE	53.6	1973896
Hamburg-Mitte	DE	53.5	301231
Hamburg-Nord	DE	53.6	315514
Hameln	DE	52.1	58666
Hamm	DE	51.7	178967
Hamminkeln	DE	51.7	27433
Hanau am Main	DE	50.1	88648
Hannover	DE	52.4	515140
Hannoversch Münden	DE	51.4	25073
Hansestadt Salzwedel	DE	52.9	21058
Hansestadt Stade	DE	53.6	45634
Harburg	DE	53.5	169221
Haren	DE	52.8	22545
Harpen	DE	51.5	16498
Harsewinkel	DE	52.0	24207
Harvestehude	DE	53.6	17666
Haselhorst	DE	52.5	16471
Haßloch	DE	49.4	20779
Hattersheim	DE	50.1	25035
Hattingen	DE	51.4	56866
Hausbruch	DE	53.5	16927
Hechingen	DE	48.4	19400
Heide	DE	54.2	20599
Heidelberg	DE	49.4	143345
Heidenau	DE	51.0	16686
Heidenheim an der Brenz	DE	48.7	50067
Heilbad Heiligenstadt	DE	51.4	17230
Heilbronn	DE	49.1	120733
Heiligenhaus	DE	51.3	27700
Heiligensee	DE	52.6	18099
Heinsberg	DE	51.1	41505
Hellersdorf	DE	52.5	84103
Helmstedt	DE	52.2	25515
Hemer	DE	51.4	37502
Hemmingen	DE	52.3	18470
Hennef (Sieg)	DE	50.8	48002
Hennigsdorf	DE	52.6	26122
Heppenheim an der Bergstrasse	DE	49.6	25442
Herborn	DE	50.7	20473
Herdecke	DE	51.4	25618
Herford	DE	52.1	64879
Hermsdorf	DE	52.6	16726
Herne	DE	51.5	172108
Herrenberg	DE	48.6	34192
Herten	DE	51.6	65306
Herzogenaurach	DE	49.6	24237
Herzogenrath	DE	50.9	47381
Hessisch Oldendorf	DE	52.2	20129
Hettstedt	DE	51.7	15949
Heusenstamm	DE	50.1	19012
Heusweiler	DE	49.3	20006
Hiddenhausen	DE	52.2	20771
Hilchenbach	DE	51.0	16467
Hilden	DE	51.2	56565
Hildesheim	DE	52.2	103052
Hille	DE	52.3	16567
Hochfeld	DE	51.4	16292
Hochheim am Main	DE	50.0	17027
Hockenheim	DE	49.3	20614
Hof	DE	50.3	49239
Hofgeismar	DE	51.5	16444
Hofheim am Taunus	DE	50.1	37750
Hoheluft-Ost	DE	53.6	23116
Hohen Neuendorf	DE	52.7	21893
Hohenstein-Ernstthal	DE	50.8	16542
Holzkirchen	DE	47.9	16770
Holzminden	DE	51.8	20998
Holzwickede	DE	51.5	17821
Homburg	DE	49.3	44607
Horb am Neckar	DE	48.4	25651
Hörde	DE	51.5	27660
Horn	DE	53.6	37903
Hörstel	DE	52.3	19894
Hövelhof	DE	51.8	15962
Höxter	DE	51.8	32713
Hoyerswerda	DE	51.4	30759
Huckarde	DE	51.5	16825
Hückelhoven	DE	51.1	39828
Hückeswagen	DE	51.1	16369
Hude	DE	53.1	15567
Humboldtkolonie	DE	50.9	15108
Hummelsbüttel	DE	53.6	17365
Hünfeld	DE	50.7	16323
Hürth	DE	50.9	54678
Husum	DE	54.5	20841
Ibbenbueren	DE	52.3	50577
Idar-Oberstein	DE	49.7	29158
Idstein	DE	50.2	25736
Illertissen	DE	48.2	16522
Illingen	DE	49.4	18488
Ilmenau	DE	50.7	38834
Ingelheim am Rhein	DE	50.0	24998
Ingolstadt	DE	48.8	120658
Iserlohn	DE	51.4	91811
Isernhagen Farster Bauerschaft	DE	52.5	22601
Itzehoe	DE	53.9	33047
Jena	DE	50.9	104712
Johannisthal	DE	52.4	19960
Jüchen	DE	51.1	22562
Jülich	DE	50.9	33911
Kaarst	DE	51.2	42112
Kaiserslautern	DE	49.4	98732
Kalk	DE	50.9	22802
Kaltenkirchen	DE	53.8	19747
Kamen	DE	51.6	45927
Kamenz	DE	51.3	16918
Kamp-Lintfort	DE	51.5	39490
Kapellen	DE	51.6	22711
Karben	DE	50.2	21642
Karlsfeld	DE	48.2	17920
Karlshorst	DE	52.5	28206
Karlsruhe	DE	49.0	283799
Karlstadt	DE	50.0	15272
Karow	DE	52.6	18817
Kassel	DE	51.3	197230
Kaufbeuren	DE	47.9	42505
Kaulsdorf	DE	52.5	19408
Kehl	DE	48.6	39584
Kelheim	DE	48.9	15723
Kelkheim	DE	50.1	28175
Kempen	DE	51.4	34105
Kempten (Allgäu)	DE	47.7	61399
Kerpen	DE	50.9	64226
Kevelaer	DE	51.6	28064
Kiel	DE	54.3	252668
Kierspe	DE	51.1	18188
Kirchhain	DE	50.8	16381
Kirchheim unter Teck	DE	48.6	40206
Kirchlengern	DE	52.2	16338
Kitzingen	DE	49.7	21387
Kladow	DE	52.5	16368
Kleinmachnow	DE	52.4	17892
Kleve	DE	51.8	49072
Klingenstein	DE	48.4	15643
Klotzsche	DE	51.1	21064
Koblenz	DE	50.4	107319
Kolbermoor	DE	47.8	17941
Köln	DE	50.9	1024621
Königs Wusterhausen	DE	52.3	32513
Königsbrunn	DE	48.3	27879
Königslutter am Elm	DE	52.3	16419
Königstein im Taunus	DE	50.2	15661
Königswinter	DE	50.7	41164
Konstanz	DE	47.7	81275
Konz	DE	49.7	18539
Köpenick	DE	52.4	67148
Korbach	DE	51.3	24481
Korntal	DE	48.8	18081
Kornwestheim	DE	48.9	33980
Korschenbroich	DE	51.2	33406
Köthen	DE	51.8	28710
Krefeld	DE	51.3	237984
Kreuzberg	DE	52.5	153135
Kreuztal	DE	51.0	31772
Kronach	DE	50.2	18248
Kronberg	DE	50.2	17730
Kronberg Tal	DE	50.2	17550
Kröpeliner-Tor-Vorstadt	DE	54.1	19542
Kulmbach	DE	50.1	27565
Künzell	DE	50.5	16124
Künzelsau	DE	49.3	15070
Kürten	DE	51.0	20103
Laatzen	DE	52.3	41838
Lage	DE	52.0	35054
Lahnstein	DE	50.3	18749
Lahr	DE	48.3	50775
Lampertheim	DE	49.6	32400
Landau in der Pfalz	DE	49.2	41612
Landsberg am Lech	DE	48.0	27017
Landshut	DE	48.5	71863
Langen	DE	50.0	38785
Langendreer	DE	51.5	32047
Langenfeld	DE	51.1	59112
Langenhagen	DE	52.4	50439
Langenhorn	DE	53.7	46272
Lankwitz	DE	52.4	43558
Lauchhammer	DE	51.5	18990
Lauda-Königshofen	DE	49.6	15278
Lauf an der Pegnitz	DE	49.5	26403
Laupheim	DE	48.2	19012
Lebach	DE	49.4	19468
Leer	DE	53.2	33886
Lehrte	DE	52.4	43920
Leichlingen	DE	51.1	28078
Leimen	DE	49.3	27142
Leinfelden-Echterdingen	DE	48.7	41185
Leipzig	DE	51.3	504971
Lemgo	DE	52.0	41943
Lengerich	DE	52.2	22697
Lennestadt	DE	51.1	28102
Leonberg	DE	48.8	49480
Leopoldshöhe	DE	52.0	16219
Leuben	DE	51.0	38353
Leutkirch	DE	47.8	22362
Leverkusen	DE	51.0	162738
Lichtenberg	DE	52.5	41359
Lichtenfels	DE	50.1	21336
Lichtenrade	DE	52.4	52110
Lichterfelde	DE	52.4	85885
Lilienthal	DE	53.1	18293
Limbach-Oberfrohna	DE	50.9	23673
Limburg an der Lahn	DE	50.4	33820
Lindau	DE	47.5	24518
Linden	DE	52.4	38284
Linden-Nord	DE	52.4	16141
Lindlar	DE	51.0	21665
Lingen	DE	52.5	51310
Lippstadt	DE	51.7	67219
Löbau	DE	51.1	18374
Lobeda	DE	50.9	23508
Löbtau	DE	51.0	21205
Lohmar	DE	50.8	31339
Lohne	DE	52.7	28089
Löhne	DE	52.2	39521
Lohr am Main	DE	50.0	16127
Lörrach	DE	47.6	47002
Loschwitz	DE	51.1	20696
Losheim	DE	49.5	16660
Loxstedt	DE	53.5	16382
Lübbecke	DE	52.3	26815
Lübeck	DE	53.9	212207
Lubnjow	DE	51.9	15778
Luckenwalde	DE	52.1	21616
Lüdenscheid	DE	51.2	79386
Lüdinghausen	DE	51.8	24094
Ludwigsburg	DE	48.9	87603
Ludwigsfelde	DE	52.3	24164
Ludwigshafen am Rhein	DE	49.5	163196
Lüneburg	DE	53.3	71260
Lünen	DE	51.6	91009
Lurup	DE	53.6	36521
Lusan	DE	50.8	21507
Lütgendortmund	DE	51.5	23065
Magdeburg	DE	52.1	244329
Mahlsdorf	DE	52.5	29757
Maintal	DE	50.1	38987
Mainz	DE	50.0	222889
Mannheim	DE	49.5	307960
Marbach am Neckar	DE	48.9	15604
Marburg an der Lahn	DE	50.8	78895
Marienberg	DE	50.7	16716
Mariendorf	DE	52.4	52734
Marienfelde	DE	52.4	32270
Marienthal	DE	53.6	287101
Märkisches Viertel	DE	52.6	40119
Markkleeberg	DE	51.3	25331
Marktoberdorf	DE	47.8	18505
Marktredwitz	DE	50.0	18204
Marl	DE	51.7	91398
Marsberg	DE	51.5	21914
Marzahn	DE	52.5	111508
Mayen	DE	50.3	19414
Mechernich	DE	50.6	27537
Meckenheim	DE	50.6	25515
Meerane	DE	50.8	17325
Meerbusch	DE	51.3	54826
Meiderich	DE	51.5	45297
Meinerzhagen	DE	51.1	21982
Meiningen	DE	50.6	21580
Meissen	DE	51.2	28492
Melle	DE	52.2	46436
Memmingen	DE	48.0	44192
Menden	DE	51.4	52452
Meppen	DE	52.7	34198
Merseburg	DE	51.4	34780
Merzig	DE	49.4	31118
Meschede	DE	51.4	32224
Mettmann	DE	51.3	39550
Metzingen	DE	48.5	22112
Michelstadt	DE	49.7	17279
Minden	DE	52.3	82879
Misburg	DE	52.4	26114
Misburg-Nord	DE	52.4	23369
Mitte	DE	52.5	102338
Mittweida	DE	51.0	16619
Moabit	DE	52.5	81021
Moers	DE	51.5	103487
Mölln	DE	53.6	18469
Mönchengladbach	DE	51.2	261742
Monheim am Rhein	DE	51.1	43038
Moosburg	DE	48.5	17363
Mörfelden-Walldorf	DE	50.0	32753
Mosbach	DE	49.4	25106
Mössingen	DE	48.4	20010
Much	DE	50.9	15231
Mühlacker	DE	48.9	26787
Mühldorf	DE	48.2	17622
Mühlhausen	DE	51.2	38108
Mühlheim am Main	DE	50.1	28534
Mülheim	DE	51.4	173050
Müllheim	DE	47.8	18097
Munich	DE	48.1	1505005
Munster	DE	53.0	17746
Münster	DE	52.0	308258
Nagold	DE	48.5	22912
Nauen	DE	52.6	16600
Naumburg	DE	51.1	29722
Neckarsulm	DE	49.2	26431
Neheim	DE	51.5	23000
Netphen	DE	50.9	25163
Nettetal	DE	51.3	42417
Neu Wulmstorf	DE	53.5	20150
Neu-Anspach	DE	50.3	15276
Neu-Hohenschönhausen	DE	52.6	56921
Neu-Isenburg	DE	50.0	35293
Neu-Ulm	DE	48.4	51389
Neubrandenburg	DE	53.6	68082
Neubrück	DE	51.1	51109
Neuburg an der Donau	DE	48.7	28370
Neue Neustadt	DE	52.1	226851
Neuehrenfeld	DE	51.0	23621
Neuenhagen	DE	52.5	16170
Neufahrn bei Freising	DE	48.3	18255
Neugraben-Fischbek	DE	53.5	32054
Neukirchen-Vluyn	DE	51.4	28110
Neukölln	DE	52.5	164636
Neumarkt in der Oberpfalz	DE	49.3	39557
Neumünster	DE	54.1	80196
Neunkirchen	DE	49.3	49843
Neuruppin	DE	52.9	31901
Neusäß	DE	48.4	22904
Neuss	DE	51.2	152457
Neustadt am Rübenberge	DE	52.5	44668
Neustadt an der Weinstraße	DE	49.4	53984
Neustadt in Holstein	DE	54.1	15930
Neustadt/Nord	DE	50.9	28146
Neustadt/Süd	DE	50.9	37939
Neustrelitz	DE	53.4	22291
Neuwied	DE	50.4	66805
Nidda	DE	50.4	18241
Nidderau	DE	50.2	20119
Nieder-Ingelheim	DE	50.0	24596
Niederkassel	DE	50.8	36480
Niederkrüchten	DE	51.2	15487
Niederrad	DE	50.1	27043
Niederschönhausen	DE	52.6	32037
Nienburg	DE	52.6	32629
Niendorf	DE	53.6	40906
Nippes	DE	51.0	113487
Norden	DE	53.6	24767
Nordenham	DE	53.5	25889
Norderstedt	DE	53.7	82844
Nordhausen	DE	51.5	43912
Nordhorn	DE	52.4	52803
Nördlingen	DE	48.9	20352
Nordstadt	DE	52.4	17429
Northeim	DE	51.7	30894
Nottuln	DE	51.9	20427
Nümbrecht	DE	50.9	17427
Nuremberg	DE	49.5	515543
Nürtingen	DE	48.6	40210
Ober-Ramstadt	DE	49.8	15367
Oberasbach	DE	49.4	17306
Oberhausen	DE	51.5	219176
Oberkirch	DE	48.5	20375
Oberschöneweide	DE	52.5	23638
Obertshausen	DE	50.1	25316
Oberursel	DE	50.2	46736
Ochtrup	DE	52.2	19441
Odenthal	DE	51.0	15619
Oelde	DE	51.8	29297
Oer-Erkenschwick	DE	51.6	30409
Oerlinghausen	DE	52.0	17403
Offenbach	DE	50.1	119192
Offenburg	DE	48.5	59238
Ohligs	DE	51.1	43063
Öhringen	DE	49.2	22765
Olching	DE	48.2	23978
Oldenburg	DE	53.1	159218
Olpe	DE	51.0	25686
Olsberg	DE	51.4	15814
Opladen	DE	51.1	23000
Oranienburg	DE	52.7	40793
Oschatz	DE	51.3	16000
Oschersleben	DE	52.0	18859
Osdorf	DE	53.6	26420
Osnabrück	DE	52.3	166462
Osterholz-Scharmbeck	DE	53.2	31405
Ostfildern	DE	48.7	33598
Othmarschen	DE	53.6	16009
Ottensen	DE	53.6	35136
Ottobrunn bei München	DE	48.1	19204
Overath	DE	50.9	27203
Oyten	DE	53.1	15286
Paderborn	DE	51.7	142161
Pankow	DE	52.6	65375
Papenburg	DE	53.1	34117
Parchim	DE	53.4	19161
Pasing	DE	48.1	35728
Passau	DE	48.6	50560
Peine	DE	52.3	49953
Penzberg	DE	47.8	16079
Petersberg	DE	50.6	16410
Petershagen	DE	52.4	27090
Petershausen-West	DE	47.7	16021
Pfaffenhofen an der Ilm	DE	48.5	23192
Pforzheim	DE	48.9	119313
Pfullingen	DE	48.5	18269
Pfungstadt	DE	49.8	25415
Pinneberg	DE	53.7	40577
Pirmasens	DE	49.2	43582
Pirna	DE	51.0	40322
Plauen	DE	50.5	66412
Plettenberg	DE	51.2	28206
Poppenbüttel	DE	53.7	24135
Porta Westfalica	DE	52.2	36364
Porz am Rhein	DE	50.9	113415
Potsdam	DE	52.4	184754
Preetz	DE	54.2	15768
Prenzlau	DE	53.3	20899
Prenzlauer Berg	DE	52.5	148878
Puchheim	DE	48.1	19357
Pulheim	DE	51.0	53762
Püttlingen	DE	49.3	21052
Quedlinburg	DE	51.8	23139
Querenburg	DE	51.5	21294
Quickborn	DE	53.7	20410
Radeberg	DE	51.1	18683
Radebeul	DE	51.1	32979
Radevormwald	DE	51.2	24100
Radolfzell	DE	47.7	31734
Rahden	DE	52.4	16140
Rahlstedt	DE	53.6	92511
Rastatt	DE	48.9	47906
Rastede	DE	53.2	20046
Ratekau	DE	53.9	15921
Rathenow	DE	52.6	27115
Ratingen	DE	51.3	91606
Ravensburg	DE	47.8	48825
Recklinghausen	DE	51.6	122438
Rees	DE	51.8	22544
Regensburg	DE	49.0	151389
Reichenbach/Vogtland	DE	50.6	22530
Reinbek	DE	53.5	25261
Reinheim	DE	49.8	17841
Reinickendorf	DE	52.6	83972
Remagen	DE	50.6	16280
Remscheid	DE	51.2	117118
Remseck am Neckar	DE	48.9	26549
Rendsburg	DE	54.3	28323
Renningen	DE	48.8	17442
Reutlingen	DE	48.5	112627
Rheda-Wiedenbrück	DE	51.8	46123
Rhede	DE	51.8	19140
Rheinbach	DE	50.6	26262
Rheinberg	DE	51.5	32188
Rheine	DE	52.3	76491
Rheinfelden	DE	47.6	34674
Rheinhausen	DE	51.4	78203
Rheinstetten	DE	49.0	20378
Ribnitz-Damgarten	DE	54.2	15333
Riedstadt	DE	49.8	23146
Riegelsberg	DE	49.3	15647
Riesa	DE	51.3	29373
Rietberg	DE	51.8	30055
Rinteln	DE	52.2	25602
Rissen	DE	53.6	16051
Rodenkirchen	DE	50.9	110158
Rodgau	DE	50.0	43315
Ronnenberg	DE	52.3	23416
Rosenheim	DE	47.9	60167
Rösrath	DE	50.9	26868
Rostock	DE	54.1	198293
Rotenburg	DE	53.1	22139
Roth	DE	49.2	25083
Rotherbaum	DE	53.6	17114
Rottenburg	DE	48.5	42721
Rottweil	DE	48.2	25510
Rudolstadt	DE	50.7	24852
Rudow	DE	52.4	42631
Rummelsburg	DE	52.5	25697
Rüsselsheim am Main	DE	50.0	59730
Saalfeld	DE	50.6	28023
Saarbrücken	DE	49.2	182971
Saarlouis	DE	49.3	38333
Sachsenheim	DE	49.0	18594
Salzgitter	DE	52.2	104970
Salzkotten	DE	51.7	24561
Sangerhausen	DE	51.5	23347
Sankt Augustin	DE	50.8	56094
Sankt Ingbert	DE	49.3	38697
Sankt Wendel	DE	49.5	26904
Sarstedt	DE	52.2	18718
Sasel	DE	53.7	23131
Scharnhorst	DE	51.5	22065
Schifferstadt	DE	49.4	19209
Schiffweiler	DE	49.4	15780
Schkeuditz	DE	51.4	18487
Schleswig	DE	54.5	24114
Schlüchtern	DE	50.3	17260
Schmalkalden	DE	50.7	19553
Schmallenberg	DE	51.2	26132
Schmargendorf	DE	52.5	22733
Schmelz	DE	49.4	17596
Schneeberg	DE	50.6	16784
Schnelsen	DE	53.6	30100
Schneverdingen	DE	53.1	19199
Schönebeck	DE	52.0	30419
Schöneberg	DE	52.5	122658
Schopfheim	DE	47.7	19386
Schorndorf	DE	48.8	41647
Schortens	DE	53.5	21357
Schramberg	DE	48.2	18565
Schrobenhausen	DE	48.6	16143
Schwabach	DE	49.3	38554
Schwäbisch Gmünd	DE	48.8	61216
Schwäbisch Hall	DE	49.1	36543
Schwalbach	DE	49.3	18708
Schwalmstadt	DE	50.9	19279
Schwalmtal	DE	51.2	19435
Schwandorf in Bayern	DE	49.3	28235
Schwanewede	DE	53.2	20015
Schwarzenberg	DE	50.5	15475
Schwedt (Oder)	DE	53.1	33730
Schweinfurt	DE	50.0	54012
Schwelm	DE	51.3	30235
Schwerin	DE	53.6	96641
Schwerte	DE	51.4	50399
Schwetzingen	DE	49.4	22593
Seeheim-Jugenheim	DE	49.8	16395
Seelze	DE	52.4	34364
Seesen	DE	51.9	21909
Seevetal	DE	53.4	41266
Sehnde	DE	52.3	23060
Selb	DE	50.2	17132
Seligenstadt	DE	50.0	21298
Selm	DE	51.7	27540
Senden	DE	48.3	22275
Senftenberg	DE	51.5	28988
Siegburg	DE	50.8	39135
Siegen	DE	50.9	107242
Sigmaringen	DE	48.1	16592
Sindelfingen	DE	48.7	61311
Singen	DE	47.8	47621
Sinsheim	DE	49.3	37036
Sinzig	DE	50.5	17880
Soest	DE	51.6	48037
Solingen	DE	51.2	164359
Soltau	DE	53.0	21945
Sömmerda	DE	51.2	20853
Sondershausen	DE	51.4	21802
Sonneberg	DE	50.4	23908
Sonthofen	DE	47.5	21285
Spandau	DE	52.6	39653
Spenge	DE	52.1	15625
Speyer	DE	49.3	50343
Springe	DE	52.2	29828
Sprockhövel	DE	51.3	26400
St. Pauli	DE	53.6	21902
Staaken	DE	52.5	46369
Stadtallendorf	DE	50.8	21425
Stadthagen	DE	52.3	23076
Stadtlohn	DE	52.0	20602
Starnberg	DE	48.0	23940
Staßfurt	DE	51.9	23181
Steglitz	DE	52.5	72464
Steilshoop	DE	53.6	19343
Steinfurt	DE	52.2	34601
Steinhagen	DE	52.0	19869
Stellingen	DE	53.6	23472
Stendal	DE	52.6	37722
Stockach	DE	47.9	16844
Stockelsdorf	DE	53.9	16562
Stolberg	DE	50.8	57684
Straelen	DE	51.4	15325
Stralsund	DE	54.3	58976
Straubing	DE	48.9	44580
Strausberg	DE	52.6	26649
Stuhr	DE	53.0	32507
Stuttgart	DE	48.8	612663
Stuttgart Feuerbach	DE	48.8	28046
Stuttgart Mühlhausen	DE	48.8	26111
Stuttgart-Ost	DE	48.8	47500
Südstadt	DE	52.4	40557
Suhl	DE	50.6	43509
Sulzbach	DE	49.3	16376
Sulzbach-Rosenberg	DE	49.5	19379
Sundern	DE	51.3	27654
Syke	DE	52.9	24274
Taufkirchen	DE	48.0	17791
Taunusstein	DE	50.1	30145
Tegel	DE	52.6	36764
Telgte	DE	52.0	19389
Teltow	DE	52.4	19530
Tempelhof	DE	52.5	61769
Templin	DE	53.1	17634
Tettnang	DE	47.7	18135
Tönisvorst	DE	51.3	30296
Torgau	DE	51.6	18746
Traunreut	DE	48.0	21244
Traunstein	DE	47.9	18422
Treptow	DE	52.5	50000
Trier	DE	49.8	100129
Troisdorf	DE	50.8	74749
Trossingen	DE	48.1	15040
Tübingen	DE	48.5	92322
Tuttlingen	DE	48.0	34847
Übach-Palenberg	DE	50.9	25544
Überlingen	DE	47.8	21507
Uelzen	DE	53.0	34996
Uerdingen	DE	51.4	17888
Uetersen	DE	53.7	17921
Ulm	DE	48.4	120451
Universitäts- und Hansestadt Greifswald	DE	54.1	52731
Unna	DE	51.5	66734
Unterhaching	DE	48.1	20852
Unterkrozingen	DE	47.9	15908
Unterschleißheim	DE	48.3	28482
Uslar	DE	51.7	15951
Vaihingen an der Enz	DE	48.9	28798
Varel	DE	53.4	25212
Vaterstetten	DE	48.1	21007
Vechelde	DE	52.3	16219
Vechta	DE	52.7	29729
Vegesack	DE	53.2	34757
Velbert	DE	51.3	87669
Vellmar	DE	51.4	18623
Verden	DE	52.9	26924
Verl	DE	51.9	24002
Versmold	DE	52.0	20996
Viernheim	DE	49.5	32620
Viersen	DE	51.3	76153
Villingen-Schwenningen	DE	48.1	81770
Vilshofen	DE	48.6	16695
Vlotho	DE	52.2	20214
Voerde	DE	51.6	35661
Völklingen	DE	49.3	40952
Volksdorf	DE	53.6	20685
Vreden	DE	52.0	22412
Wachtberg	DE	50.6	20032
Wadern	DE	49.5	16453
Wadgassen	DE	49.3	18464
Waghäusel	DE	49.2	20178
Waiblingen	DE	48.8	52945
Waldbröl	DE	50.9	19533
Waldkirch	DE	48.1	20155
Waldkraiburg	DE	48.2	24676
Waldshut-Tiengen	DE	47.6	22404
Wallenhorst	DE	52.4	24201
Walsrode	DE	52.9	24448
Waltrop	DE	51.6	30220
Wandlitz	DE	52.7	19888
Wandsbek	DE	53.6	411422
Wangen	DE	47.7	27045
Warburg	DE	51.5	24317
Wardenburg	DE	53.1	16019
Waren	DE	53.5	21470
Warendorf	DE	52.0	38707
Warstein	DE	51.4	28532
Wassenberg	DE	51.1	16641
Wattenscheid	DE	51.5	73965
Wedding	DE	52.5	85275
Wedel	DE	53.6	34912
Weener	DE	53.2	15718
Wegberg	DE	51.1	28089
Weiden	DE	49.7	42550
Weil am Rhein	DE	47.6	32236
Weil der Stadt	DE	48.7	19338
Weilerswist	DE	50.8	16321
Weilheim	DE	47.8	23378
Weimar	DE	51.0	64727
Weingarten	DE	47.8	23802
Weinheim	DE	49.5	43325
Weinstadt-Endersbach	DE	48.8	26166
Weißenburg in Bayern	DE	49.0	18345
Weißenfels	DE	51.2	37929
Weißensee	DE	52.6	47693
Weißwasser	DE	51.5	15002
Weiterstadt	DE	49.9	26583
Wendelstein	DE	49.4	16446
Wendlingen am Neckar	DE	48.7	15728
Werdau	DE	50.7	20520
Werder	DE	52.4	22384
Werdohl	DE	51.3	20366
Werl	DE	51.6	32149
Wermelskirchen	DE	51.1	36816
Werne	DE	51.7	30810
Wernigerode	DE	51.8	32167
Wersten	DE	51.2	27151
Wertheim	DE	49.8	24869
Wesel	DE	51.7	61685
Wesseling	DE	50.8	35665
Westend	DE	52.5	41328
Westerstede	DE	53.3	21902
Wetter	DE	51.4	29146
Wetzlar	DE	50.6	52656
Wickede	DE	51.5	15225
Wiehl	DE	50.9	26291
Wiesbaden	DE	50.1	288850
Wiesloch	DE	49.3	27731
Wildeshausen	DE	52.9	18114
Wilhelmsburg	DE	53.5	53064
Wilhelmshaven	DE	53.5	84393
Wilhelmstadt	DE	52.5	40463
Willich	DE	51.3	51843
Wilmersdorf	DE	52.5	101877
Wilnsdorf	DE	50.8	21505
Winnenden	DE	48.9	29876
Winsen	DE	53.4	32662
Winterhude	DE	53.6	56382
Wipperfürth	DE	51.1	23723
Wismar	DE	53.9	45255
Witten	DE	51.4	91808
Wittenau	DE	52.6	24726
Wittenberg	DE	51.9	30000
Wittenberge	DE	53.0	20171
Wittlich	DE	50.0	17887
Wittmund	DE	53.6	21355
Wittstock	DE	53.2	17361
Witzenhausen	DE	51.3	16055
Wolfen	DE	51.7	25251
Wolfenbüttel	DE	52.2	54740
Wolfratshausen	DE	47.9	17191
Wolfsburg	DE	52.4	123064
Worms	DE	49.6	81099
Wörth am Rhein	DE	49.0	17272
Wülfrath	DE	51.3	20731
Wunstorf	DE	52.4	41211
Wuppertal	DE	51.3	360797
Würselen	DE	50.8	37074
Würzburg	DE	49.8	133731
Wurzen	DE	51.4	15233
Xanten	DE	51.7	21587
Zehlendorf	DE	52.4	54328
Zeitz	DE	51.0	28328
Zerbst	DE	52.0	21124
Zeulenroda-Triebes	DE	50.7	15677
Zirndorf	DE	49.4	25734
Zittau	DE	50.9	25286
Zossen	DE	52.2	17138
Zülpich	DE	50.7	20208
Zweibrücken	DE	49.2	35221
Zwickau	DE	50.7	98796
Ali Sabih	DJ	11.2	50006
Arta	DJ	11.5	17477
Balbala	DJ	11.6	554350
Dikhil	DJ	11.1	32801
Djibouti	DJ	11.6	626512
Obock	DJ	12.0	15429
Tadjoura	DJ	11.8	19533
Aabenraa	DK	55.0	16401
Aalborg	DK	57.0	142937
Albertslund	DK	55.7	30000
Allerød	DK	55.9	25867
Århus	DK	56.2	285273
Avedøre	DK	55.6	53443
Ballerup	DK	55.7	40000
Birkerød	DK	55.8	20877
Brøndbyvester	DK	55.6	20000
Charlottenlund	DK	55.8	40000
Copenhagen	DK	55.7	1153615
Esbjerg	DK	55.5	71698
Farum	DK	55.8	20312
Fredericia	DK	55.6	40886
Frederiksberg	DK	55.7	95029
Frederikshavn	DK	57.4	22672
Frederikssund	DK	55.8	16850
Glostrup	DK	55.7	23128
Greve	DK	55.6	47671
Haderslev	DK	55.2	22011
Hedensted	DK	55.8	47099
Helsingør	DK	56.0	35048
Herning	DK	56.1	50565
Hillerød	DK	55.9	35357
Hjørring	DK	57.5	25644
Holbæk	DK	55.7	29608
Holstebro	DK	56.4	32072
Horsens	DK	55.9	61074
Hørsholm	DK	55.9	47680
Hvidovre	DK	55.6	53527
Indre By	DK	55.7	26223
Ishøj	DK	55.6	19453
Kalundborg	DK	55.7	16211
Klinteby Frihed	DK	55.2	53443
Køge	DK	55.5	38304
Kolding	DK	55.5	61638
Lillerød	DK	55.9	16741
Middelfart	DK	55.5	16277
Næstved	DK	55.2	44331
Nørresundby	DK	57.1	23718
Nyborg	DK	55.3	17525
Nykøbing Falster	DK	54.8	19976
Odense	DK	55.4	180863
Randers	DK	56.5	62802
Ringsted	DK	55.4	23086
Rødovre	DK	55.7	40652
Roskilde	DK	55.6	51916
Silkeborg	DK	56.2	49747
Skive	DK	56.6	20190
Slagelse	DK	55.4	31896
Solrød Strand	DK	55.5	17337
Sønderborg	DK	54.9	27766
Stenløse	DK	55.8	19998
Svendborg	DK	55.1	27300
Taastrup	DK	55.7	35238
Tilst	DK	56.2	15617
Tønder	DK	54.9	16401
Valby	DK	55.7	46161
Vallensbæk	DK	55.6	16515
Vanløse	DK	55.7	37115
Vejle	DK	55.7	60231
Viborg	DK	56.5	41239
Viby	DK	56.1	31756
Virum	DK	55.8	15200
Vordingborg	DK	55.0	17868
Roseau	DM	15.3	16571
Azua	DO	18.5	59139
Bajos de Haina	DO	18.4	66784
Baní	DO	18.3	66709
Bayaguana	DO	18.8	21055
Bella Vista	DO	18.5	175683
Boca Chica	DO	18.4	46300
Bonao	DO	18.9	73269
Ciudad Nueva	DO	18.5	18756
Constanza	DO	18.9	29481
Cotuí	DO	19.1	41641
Cristo Rey	DO	18.5	57084
Dajabón	DO	19.5	16398
Esperanza	DO	19.6	42169
Guayacanes	DO	18.4	37889
Hato Mayor del Rey	DO	18.8	35999
Jarabacoa	DO	19.1	29983
La Romana	DO	18.4	208437
La Vega	DO	19.2	102426
Las Matas de Farfán	DO	18.9	21802
Mao	DO	19.5	48297
Moca	DO	19.4	61834
Monte Llano	DO	19.7	19029
Monte Plata	DO	18.8	15532
Nagua	DO	19.4	33862
Neiba	DO	18.5	18670
Puerto Plata	DO	19.8	146000
Punta Cana	DO	18.6	100023
Quisqueya	DO	18.6	17694
Río Grande	DO	19.7	20154
Sabana Grande de Boyá	DO	18.9	16834
Salcedo	DO	19.4	45299
Salvaleón de Higüey	DO	18.6	123787
San Cristóbal	DO	18.4	154040
San Fernando de Monte Cristi	DO	19.8	17001
San Francisco de Macorís	DO	19.3	124763
San Ignacio de Sabaneta	DO	19.5	16380
San José de Ocoa	DO	18.5	21148
San Juan de la Maguana	DO	18.8	72950
San Pedro de Macorís	DO	18.5	217899
Santa Cruz de Barahona	DO	18.2	77160
Santa Cruz de El Seibo	DO	18.8	23547
Santiago de los Caballeros	DO	19.5	1200000
Santo Domingo	DO	18.5	2201941
Santo Domingo Este	DO	18.5	700000
Santo Domingo Oeste	DO	18.5	701269
Tamboril	DO	19.5	23304
Villa Altagracia	DO	18.7	40027
Villa Bisonó	DO	19.6	33137
Villa Consuelo	DO	18.5	28621
Villa Francisca	DO	18.5	50185
’Aïn Abid	DZ	36.2	29486
’Aïn Azel	DZ	35.8	37970
’Aïn Benian	DZ	36.8	31102
’Aïn Deheb	DZ	34.8	36146
’Aïn el Bell	DZ	34.3	31916
’Aïn el Berd	DZ	35.4	16548
’Aïn el Hammam	DZ	36.6	28029
’Aïn el Melh	DZ	34.8	32880
’Aïn el Turk	DZ	35.7	36326
’Aïn Merane	DZ	36.2	34413
Abou el Hassan	DZ	36.4	24022
Adrar	DZ	27.9	68276
Aflou	DZ	34.1	93585
Ahmed Bel Hadj	DZ	36.8	29629
Aïn Arnat	DZ	36.2	25315
Aïn Beïda	DZ	35.8	116064
Aïn Bessem	DZ	36.3	32548
Aïn Defla	DZ	36.3	55259
Aïn el Bya	DZ	35.8	37241
Ain el Hadjel	DZ	35.7	28728
Aïn Fakroun	DZ	36.0	48804
Aïn Kercha	DZ	35.9	30575
Aïn M’Lila	DZ	36.0	65371
Aïn Oulmene	DZ	35.9	51207
Aïn Oussera	DZ	35.5	98107
Aïn Sefra	DZ	32.8	47415
Aïn Smara	DZ	36.3	32057
Aïn Taya	DZ	36.8	33575
Aïn Temouchent	DZ	35.3	70810
Aïn Touta	DZ	35.4	55736
Akbou	DZ	36.5	38291
Algiers	DZ	36.7	2364230
Ali Mendjeli	DZ	36.2	64120
Amizour	DZ	36.6	25825
Ammi Moussa	DZ	35.9	27530
Annaba	DZ	36.9	342703
Aoulef	DZ	27.0	21723
Arbatache	DZ	36.6	17481
Arhribs	DZ	36.8	23958
Arris	DZ	35.3	36641
Arzew	DZ	35.9	58162
Assi Bou Nif	DZ	35.7	53700
Azazga	DZ	36.7	26515
Azzaba	DZ	36.7	33766
Bab Ezzouar	DZ	36.7	275630
Babor	DZ	36.5	18445
Baraki	DZ	36.7	105402
Barbacha	DZ	36.6	31983
Barika	DZ	35.4	98141
Batna	DZ	35.6	289504
Béchar	DZ	31.6	165241
Béjaïa	DZ	36.8	176139
Ben Mehidi	DZ	36.8	28398
Beni Amrane	DZ	36.7	18414
Beni Douala	DZ	36.6	33611
Beni Mered	DZ	36.5	92749
Beni Mester	DZ	34.9	19808
Beni Saf	DZ	35.3	39749
Beni Tamou	DZ	36.5	33846
Bensekrane	DZ	35.1	21283
Berrahal	DZ	36.8	19294
Berriane	DZ	32.8	30170
Berrouaghia	DZ	36.1	55775
Besbes	DZ	36.7	66287
Bir el Ater	DZ	34.7	70749
Bir el Djir	DZ	35.7	68032
Birine	DZ	35.6	26670
Birkhadem	DZ	36.7	71722
Biskra	DZ	34.9	204661
Blida	DZ	36.5	331779
Boghni	DZ	36.5	54666
Bordj Bou Arreridj	DZ	36.1	158812
Bordj el Bahri	DZ	36.8	52816
Bordj el Kiffan	DZ	36.7	123246
Bordj Ghdir	DZ	35.9	34136
Bordj Menaïel	DZ	36.7	44572
Bordj Zemoura	DZ	36.3	19782
Boû Arfa	DZ	36.5	44143
Bou Hadjar	DZ	36.5	16385
Bou Hanifia el Hamamat	DZ	35.3	27576
Bou Ismaïl	DZ	36.6	40984
Bou Saâda	DZ	35.2	111787
Bou Tlelis	DZ	35.6	26144
Boudjima	DZ	36.8	20557
Boudouaou	DZ	36.7	56398
Boufarik	DZ	36.6	57162
Bougaa	DZ	36.3	31922
Bougara	DZ	36.5	38352
Bouinan	DZ	36.5	30271
Bouïra	DZ	36.4	68545
Boukadir	DZ	36.1	28652
Boumahra Ahmed	DZ	36.5	23022
Boumerdas	DZ	36.8	28996
Brezina	DZ	33.1	19084
Chabet el Ameur	DZ	36.6	19522
Charef	DZ	34.6	27700
Chebli	DZ	36.6	19901
Chelghoum el Aïd	DZ	36.2	54495
Chellalat el Adhaouara	DZ	35.9	26077
Chemini	DZ	36.6	21585
Cheraga	DZ	36.8	27835
Cherchell	DZ	36.6	34372
Cheria	DZ	35.3	66160
Chetouane	DZ	34.9	36776
Chiffa	DZ	36.5	23218
Chlef	DZ	36.2	178616
Chorfa	DZ	36.4	20556
Collo	DZ	37.0	29354
Constantine	DZ	36.4	448028
Dar Chioukh	DZ	34.9	26605
Dar el Beïda	DZ	36.7	37311
Debila	DZ	33.5	36834
Dellys	DZ	36.9	26384
Didouche Mourad	DZ	36.5	25764
District of Taher	DZ	36.8	60426
Djamaa	DZ	33.5	34920
Djelfa	DZ	34.7	265833
Djidiouia	DZ	35.9	31996
Douéra	DZ	36.7	46266
Draa Ben Khedda	DZ	36.7	29403
Draa el Mizan	DZ	36.5	41263
Drean	DZ	36.7	55147
Ech Chettia	DZ	36.2	60170
El Abadia	DZ	36.3	27185
El Abiodh Sidi Cheikh	DZ	32.9	39283
El Achir	DZ	36.1	158333
El Affroun	DZ	36.5	35074
El Amria	DZ	35.5	26407
El Aouinet	DZ	35.9	32971
El Arrouch	DZ	36.7	33085
El Attaf	DZ	36.2	33349
El Bayadh	DZ	33.7	85577
El Eulma	DZ	36.2	145380
El Hadjar	DZ	36.8	26060
El Hadjira	DZ	32.6	39744
el hed	DZ	36.6	31890
El Idrissia	DZ	34.4	29856
El Kala	DZ	36.9	35449
El Khroub	DZ	36.3	90122
El Kseur	DZ	36.7	26050
El Malah	DZ	35.4	19415
El Meghaïer	DZ	34.0	39106
El Menia	DZ	30.6	57344
El Milia	DZ	36.8	45945
El Oued	DZ	33.4	186525
En Nedjma	DZ	35.6	51665
Es Senia	DZ	35.6	39064
Fedj M’Zala	DZ	36.4	26176
Feidh el Botma	DZ	34.5	26857
Feraoun	DZ	36.6	21700
Freha	DZ	36.8	31068
Frenda	DZ	35.1	49376
Gdyel	DZ	35.8	32774
Ghardaïa	DZ	32.5	142913
Ghazaouet	DZ	35.1	28433
Grarem	DZ	36.5	28551
Guelma	DZ	36.5	120004
Guemar	DZ	33.5	48413
Guerara	DZ	32.8	58572
Hadjout	DZ	36.5	33830
Hamma Bouziane	DZ	36.4	83603
Hammam Bou Hadjar	DZ	35.4	25912
Hammamet	DZ	35.4	28536
Hassi Bahbah	DZ	35.1	77000
Hassi Messaoud	DZ	31.7	44478
Héliopolis	DZ	36.5	40139
Hennaya	DZ	35.0	26515
Ighram	DZ	36.5	15030
In Salah	DZ	27.2	32518
Jijel	DZ	36.8	131513
Kaïs	DZ	35.5	32668
Kerkera	DZ	36.9	27177
Khemis el Khechna	DZ	36.6	46965
Khemis Miliana	DZ	36.3	80512
Khenchela	DZ	35.4	114472
Kolea	DZ	36.6	61643
Ksar Chellala	DZ	35.2	51451
Ksar el Boukhari	DZ	35.9	59634
L’Arbaa Naït Irathen	DZ	36.6	30609
Laghouat	DZ	33.8	134372
Lakhdaria	DZ	36.6	42886
Larbaâ	DZ	36.6	58295
Lardjem	DZ	35.7	30000
M’Daourouch	DZ	36.1	36351
M'Sila	DZ	35.7	132975
Maâtkas	DZ	36.6	26142
Maghnia	DZ	34.8	87373
Makouda	DZ	36.8	34515
Mansoûra	DZ	34.9	52285
Mansourah	DZ	36.1	22117
Mascara	DZ	35.4	108629
Mazouna	DZ	36.1	22366
Mecheria	DZ	33.5	65043
Médéa	DZ	36.3	145441
Meftah	DZ	36.6	40878
Megarine	DZ	33.2	31711
Mehdia daira de meghila	DZ	35.4	31396
Mekla	DZ	36.7	29560
Melouza	DZ	36.0	25701
Merouana	DZ	35.6	47646
Mers el Kebir	DZ	35.7	20178
Meskiana	DZ	35.6	30071
Messaad	DZ	34.2	97091
Metlili Chaamba	DZ	32.3	39588
Mila	DZ	36.5	63251
Miliana	DZ	36.3	43366
Mohammadia	DZ	35.6	62410
Mostaganem	DZ	35.9	162885
Mouzaïa	DZ	36.5	28552
N’Gaous	DZ	35.6	29453
Naciria	DZ	36.7	15387
Nedroma	DZ	35.0	27742
Oran	DZ	35.7	803329
Ouargla	DZ	31.9	169928
Oued el Abtal	DZ	35.5	22819
Oued el Alleug	DZ	36.6	21146
Oued Fodda	DZ	36.2	44523
Oued Rhiou	DZ	36.0	55430
Oued Sly	DZ	36.1	30504
Oued Zenati	DZ	36.3	27441
Ouenza	DZ	36.0	47312
Ouled Djellal	DZ	34.4	58481
Ouled Haddaj	DZ	36.7	29012
Ouled Mimoun	DZ	34.9	25377
Ouled Moussa	DZ	36.7	40692
Ouled Slama Fouaga	DZ	36.5	27573
Oum el Bouaghi	DZ	35.9	67201
Rais Hamidou	DZ	36.8	30000
Râs el Aïoun	DZ	35.7	34167
Râs el Oued	DZ	35.9	44947
Reggane	DZ	26.7	32974
Reghaïa	DZ	36.7	54962
Reguiba	DZ	33.6	25210
Relizane	DZ	35.7	123255
Remchi	DZ	35.1	31837
Robbah	DZ	33.3	30446
Rouached	DZ	36.5	40263
Rouiba	DZ	36.7	117558
Rouissat	DZ	31.9	80784
Saïda	DZ	34.8	142497
Salah Bey	DZ	35.9	23339
Saoula	DZ	36.7	16812
Sebdou	DZ	34.6	32570
Seddouk	DZ	36.5	19884
Sedrata	DZ	36.1	45300
Sétif	DZ	36.2	252127
Sfizef	DZ	35.2	27914
Sidi Abdelli	DZ	35.1	23543
Sidi Aïssa	DZ	35.9	66856
Sidi Akkacha	DZ	36.5	26558
Sidi Amar	DZ	36.8	45148
Sidi Amrane	DZ	33.5	29734
Sidi Bel Abbes	DZ	35.2	210146
Sidi ech Chahmi	DZ	35.7	35512
Sidi Khaled	DZ	34.4	38987
Sidi Mérouane	DZ	36.5	25129
Sidi Moussa	DZ	36.6	30887
Sidi Okba	DZ	34.7	29499
Sig	DZ	35.5	61373
Skikda	DZ	36.9	182903
Sougueur	DZ	35.2	71036
Souk Ahras	DZ	36.3	153479
Souma	DZ	36.5	40745
Sour el Ghozlane	DZ	36.1	43985
Tadjenanet	DZ	36.1	41833
Tadmaït	DZ	36.7	20952
Taïbet	DZ	33.1	21000
Tamalous	DZ	36.8	32579
Tamanghasset	DZ	22.8	81752
Tazoult-Lambese	DZ	35.5	41636
Tebesbest	DZ	33.1	41091
Tébessa	DZ	35.4	194461
Telerghma	DZ	36.1	26248
Ténès	DZ	36.5	29220
Thenia	DZ	36.7	16180
Theniet el Had	DZ	35.9	27628
Tiaret	DZ	35.4	178915
Tighenif	DZ	35.4	39938
Timimoun	DZ	29.3	22086
Timizart	DZ	36.8	41158
Tindouf	DZ	27.7	45610
Tipasa	DZ	36.6	15180
Tirmitine	DZ	36.7	26261
Tissemsilt	DZ	35.6	66084
Tizi Gheniff	DZ	36.6	27974
Tizi Ouzou	DZ	36.7	104312
Tizi Rached	DZ	36.7	17872
Tizi-n-Tleta	DZ	36.5	22404
Tlemcen	DZ	34.9	173531
Tolga	DZ	34.7	50575
Touggourt	DZ	33.1	143270
Zemoura	DZ	35.7	21770
Zeralda	DZ	36.7	17563
Zeribet el Oued	DZ	34.7	23187
Zighout Youcef	DZ	36.5	28764
Ambato	EC	-1.2	387309
Arenillas	EC	-3.6	26000
Atuntaqui	EC	0.3	17456
Azogues	EC	-2.7	34877
Babahoyo	EC	-1.8	76279
Bahía de Caráquez	EC	-0.6	37056
Balzar	EC	-1.4	40115
Boca Suno	EC	-0.7	20313
Calceta	EC	-0.8	17286
Cariamanga	EC	-4.3	16862
Catamayo	EC	-4.0	18565
Cayambe	EC	0.0	26582
Chone	EC	-0.7	44751
Cuenca	EC	-2.9	636996
Daule	EC	-1.9	173684
El Empalme	EC	-1.0	48754
El Triunfo	EC	-1.9	32282
Eloy Alfaro	EC	-2.2	315724
Esmeraldas	EC	1.0	218727
Guabo	EC	-3.2	26635
Gualaceo	EC	-2.9	17122
Guaranda	EC	-1.6	22199
Guayaquil	EC	-2.2	2723665
Huaquillas	EC	-3.5	39757
Ibarra	EC	0.3	221149
Jipijapa	EC	-1.3	35901
La Libertad	EC	-2.2	75881
La Maná	EC	-0.9	16450
La Troncal	EC	-2.4	36353
Latacunga	EC	-0.9	205624
Loja	EC	-4.0	274112
Macas	EC	-2.3	23687
Machachi	EC	-0.5	25742
Machala	EC	-3.3	289141
Manta	EC	-0.9	264281
Milagro	EC	-2.1	133508
Montalvo	EC	-1.8	15547
Montecristi	EC	-1.0	18351
Naranjal	EC	-2.7	32045
Naranjito	EC	-2.2	34206
Nueva Loja	EC	0.1	24211
Otavalo	EC	0.2	32330
Pasaje	EC	-3.3	44860
Pedro Carbo	EC	-1.8	23372
Pelileo	EC	-1.3	16572
Piñas	EC	-3.7	16981
Playas	EC	-2.6	30564
Pomasqui	EC	-0.1	28724
Portoviejo	EC	-1.1	321800
Posorja	EC	-2.7	30886
Puerto Francisco de Orellana	EC	-0.4	48144
Pujilí	EC	-1.0	16168
Puyo	EC	-1.5	24881
Quevedo	EC	-1.0	213842
Quito	EC	-0.2	2781641
Riobamba	EC	-1.7	264048
Rosa Zarate	EC	0.3	42121
Salinas	EC	-2.2	43862
Samborondón	EC	-2.0	24118
San Lorenzo de Esmeraldas	EC	1.3	20209
Santa Elena	EC	-2.2	42214
Santa Rosa	EC	-3.5	41816
Santo Domingo de los Colorados	EC	-0.3	458580
Sucre	EC	-1.3	15286
Tena	EC	-1.0	17172
Tulcán	EC	0.8	86498
Valencia	EC	-1.0	18841
Ventanas	EC	-1.4	38168
Vinces	EC	-1.6	32497
Yaguachi Nuevo	EC	-2.1	27947
Zamora	EC	-4.1	15276
Haabersti	EE	59.4	51423
Kesklinn	EE	59.4	67766
Kohtla-Järve	EE	59.4	35395
Kristiine	EE	59.4	34306
Lasnamäe	EE	59.4	115008
Maardu	EE	59.5	16630
Mustamäe	EE	59.4	67968
Narva	EE	59.4	54409
Nõmme	EE	59.4	39422
Pärnu	EE	58.4	40228
Pirita	EE	59.5	18310
Põhja-Tallinn	EE	59.4	63240
Tallinn	EE	59.4	394024
Tartu	EE	58.4	91407
Viljandi	EE	58.4	17407
‘Izbat ‘Alī as Sayyid	EG	31.2	53079
‘Izbat al Burj	EG	31.5	37953
6th of October City	EG	29.8	368650
Abnūb	EG	27.3	111785
Abū al Maţāmīr	EG	30.9	66946
Abū an Numrus	EG	29.9	86601
Abū Ḩammād	EG	30.5	43001
Abū Ḩummuş	EG	31.1	61388
Abū Kabīr	EG	30.7	154466
Abū Qīr	EG	31.3	37997
Abū Qurqāş	EG	27.9	90266
Abu Suweir-el-Mahatta	EG	30.6	32763
Abū Tīj	EG	27.0	105418
Abū Ţisht	EG	26.1	18194
Ad Dilinjāt	EG	30.8	68901
Aḍ-Ḍawāḥy	EG	31.2	148624
Aga	EG	30.9	47013
Ain Sukhna	EG	29.6	45552
Akhmīm	EG	26.6	151430
Al ‘Āshir min Ramaḑān	EG	30.3	246148
Al ‘Ayn as Sukhnah	EG	29.6	45552
Al ‘Ayyāţ	EG	29.6	45793
Al ‘Idwah	EG	28.7	26092
Al Badārī	EG	27.0	56033
Al Badrashayn	EG	29.9	90833
Al Bājūr	EG	30.4	62961
Al Balyanā	EG	26.2	68413
Al Başalīyah Baḩrī	EG	25.1	32920
Al Bawīţī	EG	28.3	15653
Al Bayāḑīyah	EG	25.7	23550
Al Burj	EG	31.6	60320
Al Fashn	EG	28.8	112999
Al Fayyum	EG	29.3	519047
Al Ghanāyim	EG	26.9	70884
Al Ḩammām	EG	30.8	18407
Al Ḩāmūl	EG	31.3	58430
Al Ḩawāmidīyah	EG	29.9	155055
Al Ḩusaynīyah	EG	30.9	50651
Al Ibrāhīmīyah	EG	30.7	53791
Al Jammālīyah	EG	31.2	99641
Al Khānkah	EG	30.2	81646
Al Khārjah	EG	25.5	83108
Al Khuşūş	EG	30.2	488904
Al Maḩallah al Kubrá	EG	31.0	592573
Al Maḩmūdīyah	EG	31.2	34660
Al Mansurah	EG	31.0	621953
Al Manzalah	EG	31.2	127394
Al Marāghah	EG	26.7	53643
Al Maţarīyah	EG	31.2	162045
Al Minshāh	EG	26.5	91149
Al Qāhirah al Jadīdah	EG	30.0	313139
Al Qanāţir al Khayrīyah	EG	30.2	83568
Al Qanāyāt	EG	30.6	70687
Al Qanţarah	EG	30.9	31808
Al Qaşşāşīn	EG	30.6	24364
Al Qurayn	EG	30.6	94632
Al Quşayr	EG	26.1	24653
Al Qūşīyah	EG	27.4	99598
Al Waqf	EG	26.1	34723
Al Wāsiţah	EG	29.3	57870
Al-'Ubūr	EG	30.2	138987
Al-Khārijah	EG	25.3	83108
Al-Manākh	EG	31.3	84679
Al-Minyā al-Jadīdah	EG	28.1	17470
Alexandria	EG	31.2	5263542
An Nāşirīyah	EG	27.2	22435
An Nūbārīyah	EG	30.7	23282
An-Najaylah	EG	31.4	19768
Ar Radīsīyah Qiblī	EG	24.9	16190
Ar Raḩmānīyah	EG	31.1	44482
Ar Riyāḑ	EG	31.2	24254
Ar-Rawḍah	EG	31.3	31240
Arīsh	EG	31.1	199243
Armant	EG	25.6	78695
Aş Şaff	EG	29.6	61531
As Sāḩil	EG	27.1	54094
Aş Şalāḩāt	EG	31.0	45557
Aş Şāliḩīyah al Jadīdah	EG	30.6	59320
As Sallūm	EG	31.6	16545
As Sanţah	EG	30.7	45813
As Sarw	EG	31.2	29286
As Sibā‘īyah	EG	25.2	21610
As Sinbillāwayn	EG	30.9	124020
Ash Shaykh Zuwayd	EG	31.2	26713
Ash Shuhadā’	EG	30.6	76071
Ash-Shaykh Zāyid	EG	30.0	95854
Ashmūn	EG	30.3	124483
Assiut	EG	27.2	528669
Aswān	EG	24.1	379774
At Tall al Kabīr	EG	30.5	46962
Aţ Ţārif	EG	25.7	38871
Aţfīḩ	EG	29.4	26943
Awlād Şaqr	EG	30.9	32840
Awsīm	EG	30.1	94174
Az Zarqā	EG	31.2	26955
Az Zaynīyah Qiblī	EG	25.8	20000
Az-Zuhūr	EG	31.3	266381
Badr	EG	30.1	32940
Balţīm	EG	31.6	51280
Banhā	EG	30.5	182254
Banī ‘Ubayd	EG	28.0	46060
Banī Mazār	EG	28.5	115759
Banī Suwayf	EG	29.1	273151
Banī Suwayf al Jadīdah	EG	29.0	32278
Basyūn	EG	30.9	75084
Bi’r al ‘Abd	EG	31.0	26330
Bibā	EG	28.9	94677
Bilbeis	EG	30.4	185237
Bilqās	EG	31.2	137080
Birkat as Sab‘	EG	30.6	50924
Biyalā	EG	31.2	89068
Būlāq Abū al ‘Ilā	EG	30.1	51741
Būr Fu’ād	EG	31.2	81591
Burj al ‘Arab	EG	30.9	22444
Burj al ‘Arab al Jadīdah	EG	30.9	45865
Būsh	EG	29.1	136441
Cairo	EG	30.1	9606916
Damanhur	EG	31.0	318207
Damietta	EG	31.4	305920
Dār as Salām	EG	26.3	38008
Darāw	EG	24.4	61790
Dayr Mawās	EG	27.6	60835
Dayrūţ	EG	27.6	102570
Dikirnis	EG	31.1	101082
Dishnā	EG	26.1	64744
Disūq	EG	31.1	149291
Diyarb Najm	EG	30.8	80954
Dumyāţ al Jadīdah	EG	31.4	54508
Edfu	EG	25.0	79510
El Dabaa	EG	31.0	27697
El Shorouk	EG	30.1	91899
El-Tor	EG	28.2	38285
Esna	EG	25.3	462787
Fāqūs	EG	30.7	116945
Fāraskūr	EG	31.3	43400
Farshūţ	EG	26.1	71013
Fāyīd	EG	30.3	35066
Fuwwah	EG	31.2	93392
Girga	EG	26.3	151256
Giza	EG	30.0	4367343
Ḩadā’iq al Qubbah	EG	30.1	339612
Hala'ib	EG	22.2	27000
Ḩalwān	EG	29.8	230000
Ḩawsh ‘Īsá	EG	30.9	82999
Hihyā	EG	30.7	74823
Hurghada	EG	27.3	207132
Ibshawāy	EG	29.4	86186
Idkū	EG	31.3	177152
Ihnāsīyah	EG	29.1	64058
Ihnāsyā al Madīnah	EG	29.1	68976
Ismailia	EG	30.6	429465
Ītāy al Bārūd	EG	30.9	77606
Iţsā	EG	29.2	74357
Jarājūs	EG	25.9	20427
Juhaynah	EG	26.7	76555
Kafr ad Dawwār	EG	31.1	128539
Kafr al Baţţīkh	EG	31.4	47198
Kafr al Kurdī	EG	31.2	44905
Kafr ash Shaykh	EG	31.1	194569
Kafr az Zayyāt	EG	30.8	83348
Kafr Sa‘d	EG	31.4	18120
Kafr Şaqr	EG	30.8	44529
Kafr Shukr	EG	30.5	30948
Kawm Ḩamādah	EG	30.8	55652
Kirdāsah	EG	30.0	137588
Kom Ombo	EG	24.5	409311
Luxor	EG	25.7	422407
Madīnat an Naşr	EG	30.1	668413
Madīnat as Sādāt	EG	30.4	71501
Madīnat Wādī an Naţrūn	EG	30.4	41186
Maghāghah	EG	28.6	118223
Maḩallat Damanah	EG	31.1	31921
Mallawī	EG	27.7	212628
Manfalūţ	EG	27.3	117925
Manshīyat al Qanāţir	EG	30.2	19185
Marsá Maţrūḩ	EG	31.4	176498
Mashtūl as Sūq	EG	30.4	75837
Maţāy	EG	28.4	82328
Minya	EG	28.1	283605
Minyā al Qamḩ	EG	30.5	99284
Minyat an Naşr	EG	31.1	82429
Mīt Abū Ghālib	EG	31.3	20470
Mīt Ghamr	EG	30.7	153754
Mīt Salsīl	EG	31.2	48166
Munsha‘at Abū ‘Umar	EG	30.9	22543
Munūf	EG	30.5	125707
Mūţ	EG	25.5	26820
Muţūbas	EG	31.3	43899
Nabarūh	EG	31.1	59202
Nag Hammâdi	EG	26.0	59601
Naqādah	EG	25.9	26774
New Bani Sewif City	EG	29.0	29117
New Cairo	EG	30.0	313139
Port Said	EG	31.3	780515
Qahā	EG	30.3	36225
Qalyub	EG	30.2	156363
Qifţ	EG	26.0	24010
Qillīn	EG	31.0	48233
Qina	EG	26.2	252883
Qūş	EG	25.9	84386
Quţūr	EG	31.0	32043
Quwaysinā	EG	30.6	65690
Rafaḩ	EG	31.3	44215
Ras Gharib	EG	28.4	44852
Rosetta	EG	31.4	301795
Safaga	EG	26.7	53639
Samālūţ	EG	28.3	142009
Samannūd	EG	31.0	87921
Şān al Ḩajar al Qiblīyah	EG	31.0	30969
Sāqultah	EG	26.7	34273
Sharm el-Sheikh	EG	27.9	38478
Shibīn al Kawm	EG	30.6	267945
Shibīn al Qanāţir	EG	30.3	73711
Shirbīn	EG	31.2	76081
Shubrā al Khaymah	EG	30.1	1240289
Shubrākhīt	EG	31.0	41233
Şidfā	EG	27.0	30228
Sīdī Barānī	EG	31.6	38253
Sīdī Ghāzī	EG	31.2	28136
Sīdī Sālim	EG	31.3	44709
Sinnūris	EG	29.4	133532
Sirs al Layyānah	EG	30.4	78168
Sīwah	EG	29.2	25031
Sohag	EG	26.6	266944
Suez	EG	30.0	699541
Sumusţā al Waqf	EG	28.9	64965
Sumusţā as Sulţānī	EG	28.9	37260
Ţahţā	EG	26.8	134314
Talā	EG	30.7	72536
Ţalkhā	EG	31.1	112851
Ţāmiyah	EG	29.5	73070
Tanta	EG	30.8	576648
Ţimā	EG	26.9	101130
Timayy al Imdīd	EG	30.9	20389
Ţūd	EG	25.6	30780
Ţūkh	EG	30.4	52593
Yūsuf aṣ-Ṣiddīq	EG	29.4	23965
Zaafarana	EG	29.1	46993
Zagazig	EG	30.6	430445
Zefta	EG	30.7	111700
Boujdour	EH	26.1	42651
Dakhla	EH	23.7	106277
El Marsa	EH	27.1	28848
Laayoune	EH	27.1	196331
Af’abet	ER	16.2	35673
Asmara	ER	15.3	563930
Assab	ER	13.0	21300
Barentu	ER	15.1	15891
Himora	ER	14.3	46100
Keren	ER	15.8	74800
Massawa	ER	15.6	23100
Mendefera	ER	14.9	17781
A Coruña	ES	43.4	250438
A Estrada	ES	42.7	20661
Abrantes	ES	40.4	31691
Acacias	ES	40.4	36069
Adeje	ES	28.1	43204
Adelfas	ES	40.4	18832
Adra	ES	36.7	24373
Águilas	ES	37.4	34533
Agüimes	ES	27.9	28924
Alameda de Osuna	ES	40.5	19685
Alaquàs	ES	39.5	29341
Albacete	ES	39.0	173050
Albal	ES	39.4	15443
Albolote	ES	37.2	17089
Alboraya	ES	39.5	24222
Alcalá de Guadaira	ES	37.3	70155
Alcalá de Henares	ES	40.5	193751
Alcalá la Real	ES	37.5	22783
Alcañiz	ES	41.0	16392
Alcantarilla	ES	38.0	41084
Alcázar de San Juan	ES	39.4	30686
Alcobendas	ES	40.5	116037
Alcorcón	ES	40.3	172384
Alcoy	ES	38.7	61552
Alcúdia	ES	39.9	19793
Aldaia	ES	39.5	31492
Alfafar	ES	39.4	20853
Algeciras	ES	36.1	121414
Algemesí	ES	39.2	27285
Algete	ES	40.6	20204
Algorta	ES	43.3	82624
Alhama de Murcia	ES	37.9	19860
Alhaurín de la Torre	ES	36.7	35114
Alhaurín el Grande	ES	36.6	23319
Alicante	ES	38.3	348901
Aljaraque	ES	37.3	17960
Almagro	ES	40.4	19418
Almansa	ES	38.9	24537
Almassora	ES	39.9	25831
Almenara	ES	40.5	23057
Almendralejo	ES	38.7	33468
Almendrales	ES	40.4	22834
Almería	ES	36.8	196851
Almonte	ES	37.3	25751
Almoradí	ES	38.1	20542
Almozara	ES	41.7	25767
Almuñécar	ES	36.7	27696
Altea	ES	38.6	23780
Aluche	ES	40.4	66588
Alzira	ES	39.1	44393
Amorebieta	ES	43.2	17842
Amposta	ES	40.7	21240
Andújar	ES	38.0	37113
Antequera	ES	37.0	45168
Apostol Santiago	ES	40.5	15435
Aranda de Duero	ES	41.7	33187
Aranjuez	ES	40.0	54055
Arapiles	ES	40.4	24190
Aravaca	ES	40.5	27445
Archena	ES	38.1	18202
Arcos	ES	40.4	25354
Arcos de la Frontera	ES	36.8	31210
Arenys de Mar	ES	41.6	15307
Arganda	ES	40.3	51489
Arganzuela	ES	40.4	148797
Argüelles	ES	40.4	24997
Armilla	ES	37.1	21380
Arona	ES	28.1	78614
Arrasate / Mondragón	ES	43.1	22019
Arrecife	ES	29.0	61351
Arroyo de la Miel	ES	36.6	17763
Arroyomolinos	ES	40.3	31396
Arteixo	ES	43.3	29762
Arucas	ES	28.1	36259
Aspe	ES	38.3	20180
Atamaría	ES	37.6	30000
Atarfe	ES	37.2	15399
Ávila	ES	40.7	57657
Avilés	ES	43.6	78715
Ayamonte	ES	37.2	20883
Azuqueca de Henares	ES	40.6	34685
Badajoz	ES	38.9	150530
Badalona	ES	41.5	217741
Baena	ES	37.6	20915
Baeza	ES	38.0	16253
Bailén	ES	38.1	18785
Balaguer	ES	41.8	16841
Banyoles	ES	42.1	19615
Barajas de Madrid	ES	40.5	43423
Barakaldo	ES	43.3	100435
Barañáin	ES	42.8	20039
Barbastro	ES	42.0	16924
Barbate	ES	36.2	22551
Barberà del Vallès	ES	41.5	31144
Barcelona	ES	41.4	1686208
Barri de les Corts	ES	41.4	46412
Barri de Sant Andreu	ES	41.4	56818
Barri Gòtic	ES	41.4	24460
Barrio de Peral	ES	37.6	15937
Basauri	ES	43.2	42657
Baza	ES	37.5	23359
Béjar	ES	40.4	15007
Bellas Vistas	ES	40.5	29355
Benalmádena	ES	36.6	58854
Benavente	ES	42.0	19119
Benetússer	ES	39.4	15313
Benicarló	ES	40.4	26655
Benicàssim	ES	40.0	18055
Benidorm	ES	38.5	70450
Berga	ES	42.1	17160
Berja	ES	36.8	15035
Bermeo	ES	43.4	16937
Berruguete	ES	40.5	25694
Bétera	ES	39.6	20740
Bilbao	ES	43.3	347342
Blanes	ES	41.7	40047
Boadilla del Monte	ES	40.4	52626
Boiro	ES	42.6	18883
Bormujos	ES	37.4	18590
Buenavista	ES	40.4	49151
Burgos	ES	42.3	176418
Burjassot	ES	39.5	38433
Burlata	ES	42.8	18934
Burriana	ES	39.9	34544
Butarque	ES	40.3	21316
Cabra	ES	37.5	21352
Cáceres	ES	39.5	96068
Cadiz	ES	36.5	116979
Calafell	ES	41.2	24265
Calahorra	ES	42.3	24787
Calatayud	ES	41.4	20035
Caldes de Montbui	ES	41.6	16885
Calella	ES	41.6	18728
Callosa de Segura	ES	38.1	17924
Calp	ES	38.6	23326
Calvià	ES	39.6	51774
Camargo	ES	43.4	30263
Camas	ES	37.4	28620
Cambre	ES	43.3	23231
Cambrils	ES	41.1	32422
Campamento	ES	40.4	19750
Campiña	ES	38.2	67904
Campo de Criptana	ES	39.4	15006
Candelaria	ES	28.4	24319
Cangas do Morrazo	ES	42.3	25748
Canillas	ES	40.5	39786
Canillejas	ES	40.4	29067
Canovelles	ES	41.6	16023
Carabanchel	ES	40.4	253678
Caravaca	ES	38.1	26415
Carballo	ES	43.2	31261
Carcaixent	ES	39.1	21735
Cardedeu	ES	41.6	16596
Carlet	ES	39.2	15527
Cármenes	ES	40.4	17903
Carmona	ES	37.5	28620
Carrizal	ES	27.9	22000
Cartagena	ES	37.6	213943
Cártama	ES	36.7	21313
Cartaya	ES	37.3	17905
Casco Histórico de Vallecas	ES	40.3	40417
Casco Histórico de Vicálvaro	ES	40.4	35519
Castellana	ES	40.4	16919
Castellar del Vallès	ES	41.6	24036
Castelldefels	ES	41.3	66375
Castelló de la Plana	ES	40.0	183711
Castilla	ES	40.5	17046
Castilleja de la Cuesta	ES	37.4	17150
Castillejos	ES	40.5	20570
Castro-Urdiales	ES	43.4	31977
Catarroja	ES	39.4	27035
Cehegín	ES	38.1	15022
Centro	ES	28.1	88546
Cerdanyola del Vallès	ES	41.5	58747
Ceuta	ES	35.9	83179
Chamartín	ES	40.5	140000
Chamberí	ES	40.4	145934
Chiclana de la Frontera	ES	36.4	83831
Chipiona	ES	36.7	19386
Chopera	ES	40.4	19761
Ciempozuelos	ES	40.2	22132
Cieza	ES	38.2	34889
Ciudad Jardín	ES	40.4	18513
Ciudad Lineal	ES	40.4	228171
Ciudad Real	ES	39.0	74743
Ciudad Universitaria	ES	40.5	16364
Ciutadella	ES	40.0	29160
Ciutat Vella	ES	41.4	102347
Coín	ES	36.7	21866
Collado-Villalba	ES	40.6	63074
Colmenar Viejo	ES	40.7	43700
Comillas	ES	40.4	22721
Concepción	ES	40.4	20941
Conil de la Frontera	ES	36.3	22427
Córdoba	ES	37.9	325708
Coria del Río	ES	37.3	30657
Cornellà de Llobregat	ES	41.4	87173
Corvera de Asturias	ES	43.5	15955
Coslada	ES	40.4	81860
Costillares	ES	40.5	21914
Crevillente	ES	38.2	28957
Cuatro Caminos	ES	40.4	34753
Cuenca	ES	40.1	54898
Cullera	ES	39.2	24121
Culleredo	ES	43.3	30221
Daimiel	ES	39.1	18527
Delicias	ES	41.6	110520
Denia	ES	38.8	41733
Don Benito	ES	39.0	37010
Donostia / San Sebastián	ES	43.3	185357
Dos Hermanas	ES	37.3	122943
Dreta de l'Eixample	ES	41.4	43715
Durango	ES	43.2	28229
Écija	ES	37.5	39882
Eibar	ES	43.2	27406
Eixample	ES	41.4	266477
Ejea de los Caballeros	ES	42.1	17331
El Arahal	ES	37.3	19565
El Astillero	ES	43.4	18108
el Baix Guinardó	ES	41.4	25563
el Besòs i el Maresme	ES	41.4	23254
el Camp d'en Grassot i Gràcia Nova	ES	41.4	34356
el Camp de l'Arpa del Clot	ES	41.4	38343
El Campello	ES	38.4	27893
El Carmel	ES	41.4	31377
el Clot	ES	41.4	26928
El Ejido	ES	36.8	84710
El Escorial	ES	40.6	15842
El Goloso	ES	40.6	19036
El Grao	ES	40.0	16026
el Guinardó	ES	41.4	36176
El Masnou	ES	41.5	23340
El Palmar	ES	37.9	23361
el Poblenou	ES	41.4	34151
El Prat de Llobregat	ES	41.3	63418
El Puerto de Santa María	ES	36.6	88364
el Putxet i el Farró	ES	41.4	29278
el Raval	ES	41.4	45671
el Turó de la Peira	ES	41.4	15554
El Vendrell	ES	41.2	35821
El Viso	ES	40.4	27274
El Viso del Alcor	ES	37.4	19191
Elche	ES	38.3	234765
Elda	ES	38.5	55168
Embajadores	ES	40.4	46204
Entrevías	ES	40.4	35399
Erandio	ES	43.3	24262
Ermitagaña	ES	42.8	17163
Ermua	ES	43.2	16252
Errenteria	ES	43.3	38767
Esparreguera	ES	41.5	21855
Esplugues de Llobregat	ES	41.4	46355
Estepona	ES	36.4	67012
Estrella	ES	40.4	22649
Felanitx	ES	39.5	18270
Ferrol	ES	43.5	66799
Figueres	ES	42.3	46381
Fontarrón	ES	40.4	17333
Fort Pienc	ES	41.4	31693
Fuencarral	ES	40.5	238765
Fuencarral-El Pardo	ES	40.5	220085
Fuengirola	ES	36.5	71482
Fuenlabrada	ES	40.3	190496
Fuente del Berro	ES	40.4	20929
Galapagar	ES	40.6	31820
Galdakao	ES	43.2	29226
Gáldar	ES	28.1	24209
Gamonal	ES	42.4	60000
Gandia	ES	39.0	73829
Gasteiz / Vitoria	ES	42.8	257407
Gavà	ES	41.3	45994
Gaztambide	ES	40.4	22959
Gernika-Lumo	ES	43.3	16244
Getafe	ES	40.3	187525
Getxo	ES	43.4	80770
Gijón	ES	43.5	271780
Girona	ES	42.0	100266
Goya	ES	40.4	29477
Gràcia	ES	41.4	121502
Granada	ES	37.2	233532
Granadilla de Abona	ES	28.1	39993
Granollers	ES	41.6	60981
Grao de Murviedro	ES	39.6	62368
Guadalajara	ES	40.6	93470
Guadix	ES	37.3	18718
Guardamar del Segura	ES	38.1	16329
Guía de Isora	ES	28.2	20536
Güimar	ES	28.3	17662
Guindalera	ES	40.4	41964
Hellín	ES	38.5	30976
Hernani	ES	43.3	20222
Hispanoamérica	ES	40.5	31470
Hondarribia	ES	43.4	16458
Horta	ES	41.4	26597
Horta-Guinardó	ES	41.4	168092
Hortaleza	ES	40.5	161661
Hostafrancs	ES	41.4	15954
Huelva	ES	37.3	144258
Huercal-Overa	ES	37.4	17645
Huesca	ES	42.1	53956
Humanes de Madrid	ES	40.3	18098
Ibi	ES	38.6	24113
Ibiza	ES	38.9	49727
Icod de los Vinos	ES	28.4	24024
Igualada	ES	41.6	38918
Illescas	ES	40.1	21264
Imperial	ES	40.4	22385
Inca	ES	39.7	29308
Ingenio	ES	27.9	29319
Irun	ES	43.3	61983
Isla Cristina	ES	37.2	21324
Iturrama	ES	42.8	24846
Jaén	ES	37.8	113457
Javea	ES	38.8	28016
Jerez de la Frontera	ES	36.7	212879
Jumilla	ES	38.5	25685
Justicia	ES	40.4	18219
l'Alfàs del Pi	ES	38.6	21011
l'Antiga Esquerra de l'Eixample	ES	41.4	41872
L'Eliana	ES	39.6	18050
L'Hospitalet de Llobregat	ES	41.4	257038
La Algaba	ES	37.5	16301
la Barceloneta	ES	41.4	15212
La Bonanova	ES	41.4	25761
La Bordeta	ES	41.4	18505
La Carolina	ES	38.3	15306
La Felguera	ES	43.3	21000
la Guineueta	ES	41.4	15147
La Laguna	ES	28.5	150661
La Línea de la Concepción	ES	36.2	64595
la Marina de Port	ES	41.4	30397
la Maternitat i Sant Ramon	ES	41.4	24058
la Nova Esquerra de l'Eixample	ES	41.4	57676
la Nucia	ES	38.6	17874
La Oliva	ES	28.6	25884
La Orotava	ES	28.4	41833
La Paz	ES	40.5	32192
La Pineda	ES	41.1	17305
La Pobla de Vallbona	ES	39.6	20431
la Prosperitat	ES	41.4	26166
La Rinconada	ES	37.5	35928
La Roda	ES	39.2	16060
La Sagrera	ES	41.4	28710
La Solana	ES	38.9	15523
La Unión	ES	37.6	17737
la Verneda i la Pau	ES	41.4	29250
la Vila de Gràcia	ES	41.4	50928
Laguna de Duero	ES	41.6	21762
Lalín	ES	42.7	20158
Las Águilas	ES	40.4	51268
Las Cabezas de San Juan	ES	37.0	16379
Las Gabias	ES	37.1	16369
Las Palmas de Gran Canaria	ES	28.1	383516
Las Rozas de Madrid	ES	40.5	95550
Las Torres de Cotillas	ES	38.0	21062
Las Tres Torres	ES	41.4	16532
Lasarte	ES	43.3	17782
Latina	ES	40.4	256644
Laudio / Llodio	ES	43.1	18314
Lavapiés	ES	40.4	44630
Lebrija	ES	36.9	26434
Leganés	ES	40.3	188425
Legazpi	ES	40.4	19468
Leioa	ES	43.3	31197
León	ES	42.6	124772
Lepe	ES	37.3	25886
Les Corts	ES	41.4	82270
les Roquetes	ES	41.4	15633
Linares	ES	38.1	57414
Lista	ES	40.4	20969
Llefià	ES	41.4	43827
Lleida	ES	41.6	140797
Llíria	ES	39.6	22972
Lloret de Mar	ES	41.7	37350
Llucmajor	ES	39.5	36078
Logroño	ES	42.5	151164
Loja	ES	37.2	21574
Lora del Río	ES	37.7	19352
Lorca	ES	37.7	93079
Los Alcázares	ES	37.7	15674
Los Angeles	ES	40.4	34827
Los Barrios	ES	36.2	23513
Los Llanos de Aridane	ES	28.7	20171
Los Palacios y Villafranca	ES	37.2	36824
Los Realejos	ES	28.4	36405
Los Rosales	ES	40.4	37808
Lucena	ES	37.4	42248
Lucero	ES	40.4	36749
Lugo	ES	43.0	98025
Madrid	ES	40.4	3255944
Madrid Centro	ES	40.4	149718
Mairena del Alcor	ES	37.4	20510
Mairena del Aljarafe	ES	37.3	45890
Majadahonda	ES	40.5	68110
Málaga	ES	36.7	592346
Malgrat de Mar	ES	41.6	18472
Manacor	ES	39.6	42631
Manises	ES	39.5	30508
Manlleu	ES	42.0	20647
Manresa	ES	41.7	76250
Manzanares	ES	39.0	19186
Maó	ES	39.9	29125
Maracena	ES	37.2	20815
Marbella	ES	36.5	156295
Marchena	ES	37.3	19768
Marín	ES	42.4	25969
Marratxí	ES	39.6	36725
Marroquina	ES	40.4	26120
Martorell	ES	41.5	27850
Martos	ES	37.7	24655
Maspalomas	ES	27.8	36065
Massamagrell	ES	39.6	15210
Mataró	ES	41.5	126988
Mazarrón	ES	37.6	35221
Media Legua	ES	40.4	17323
Medina del Campo	ES	41.3	21540
Mejorada del Campo	ES	40.4	22488
Melilla	ES	35.3	85985
Mérida	ES	38.9	59857
Mieres	ES	43.3	44070
Miguelturra	ES	39.0	15316
Mijas	ES	36.6	80630
Miranda de Ebro	ES	42.7	39264
Mirasierra	ES	40.5	35676
Mislata	ES	39.5	46131
Moaña	ES	42.3	19014
Mogán	ES	27.9	21690
Moguer	ES	37.3	19569
Molina de Segura	ES	38.1	64065
Molins de Rei	ES	41.4	24067
Mollet del Vallès	ES	41.5	52484
Moncada	ES	39.5	21900
Moncloa-Aravaca	ES	40.4	116531
Monforte de Lemos	ES	42.5	19546
Montcada i Reixac	ES	41.5	33453
Montecanal	ES	41.6	20000
Montijo	ES	38.9	16236
Montilla	ES	37.6	23031
Montornès del Vallès	ES	41.5	15509
Monzón	ES	41.9	17042
Moratalaz	ES	40.4	104923
Morón de la Frontera	ES	37.1	27844
Moscardó	ES	40.4	26579
Móstoles	ES	40.3	207095
Motril	ES	36.8	60592
Mula	ES	38.0	16941
Mungia	ES	43.4	16209
Murcia	ES	38.0	471982
Mutxamel	ES	38.4	22510
Narón	ES	43.5	37712
Natahoyo	ES	43.5	20000
Navalcarnero	ES	40.3	21584
Navalmoral de la Mata	ES	39.9	17228
Navas	ES	41.4	22059
Nerja	ES	36.8	21811
Nigrán	ES	42.1	18021
Níjar	ES	37.0	26516
Niño Jesús	ES	40.4	15093
Nou Barris	ES	41.4	166310
Novelda	ES	38.4	27135
Nueva España	ES	40.5	24476
Numancia	ES	40.4	48720
Oleiros	ES	43.3	35559
Olesa de Montserrat	ES	41.5	23301
Oliva	ES	38.9	28419
Oliver-Valdefierro	ES	41.6	30228
Olot	ES	42.2	33524
Onda	ES	40.0	24850
Ontinyent	ES	38.8	37735
Opañel	ES	40.4	33883
Orcasitas	ES	40.4	23085
Oria	ES	43.3	17842
Orihuela	ES	38.1	101321
Osuna	ES	37.2	17851
Ourense	ES	42.3	105233
Oviedo	ES	43.4	220027
Pacífico	ES	40.4	33027
Paiporta	ES	39.4	23519
Pájara	ES	28.4	20821
Palacio	ES	40.4	23501
Palafrugell	ES	41.9	22365
Palamós	ES	41.8	17898
Palencia	ES	42.0	78629
Palma	ES	39.6	438234
Palma del Río	ES	37.7	21159
Palomeras Bajas	ES	40.4	40477
Palomeras Sureste	ES	40.4	43162
Palos de Moguer	ES	40.4	25097
Pamplona	ES	42.8	208243
Parets del Vallès	ES	41.6	17632
Parla	ES	40.2	115611
Pasaia	ES	43.3	15990
Paterna	ES	39.5	64023
Peña Grande	ES	40.5	44341
Picassent	ES	39.4	19786
Piera	ES	41.5	15362
Pilar	ES	40.5	45610
Pilar de la Horadada	ES	37.9	21418
Pinar de Chamartín	ES	40.5	30000
Pinar del Rey	ES	40.5	52031
Pineda de Mar	ES	41.6	26659
Pinto	ES	40.2	43501
Piovera	ES	40.5	15041
Plasencia	ES	40.0	40141
Playa del Ingles	ES	27.8	17158
Poble Sec	ES	41.4	40906
Poio	ES	42.4	17018
Pollença	ES	39.9	17260
Ponferrada	ES	42.5	68736
Ponteareas	ES	42.2	23172
Pontevedra	ES	42.4	82802
Porriño	ES	42.2	17475
Porta	ES	41.4	24604
Portazgo	ES	40.4	28841
Portugalete	ES	43.3	45826
Pozoblanco	ES	38.4	17669
Pozuelo de Alarcón	ES	40.4	82428
Pradolongo	ES	40.4	17878
Premià de Mar	ES	41.5	27399
Priego de Córdoba	ES	37.4	22585
Primer Ensanche	ES	42.8	22538
Prosperidad	ES	40.4	36027
Provenals del Poblenou	ES	41.4	20306
Puçol	ES	39.6	19018
Pueblo Nuevo	ES	40.4	62840
Puente de Vallecas	ES	40.4	244151
Puente-Genil	ES	37.4	30241
Puerta Bonita	ES	40.4	36798
Puerta del Angel	ES	40.4	43292
Puerto de la Cruz	ES	28.4	32219
Puerto del Carmen	ES	28.9	30000
Puerto del Rosario	ES	28.5	35667
Puerto Real	ES	36.5	40183
Puertollano	ES	38.7	51842
Quart de Poblet	ES	39.5	25499
Quintana	ES	40.4	25469
Realejo Alto	ES	28.4	35963
Recoletos	ES	40.4	15444
Redondela	ES	42.3	29194
Rejas	ES	40.4	17389
Requena	ES	39.5	20227
Retiro	ES	40.4	126058
Reus	ES	41.2	103477
Ribarroja del Turia	ES	39.5	21992
Ribeira	ES	42.7	27518
Rincón de la Victoria	ES	36.7	38666
Rios Rosas	ES	40.4	27163
Ripollet	ES	41.5	38347
Rivas-Vaciamadrid	ES	40.3	68405
Rojales	ES	38.1	20510
Ronda	ES	36.7	36827
Roquetas de Mar	ES	36.8	94925
Rosas	ES	40.4	30751
Roses	ES	42.3	19319
Rota	ES	36.6	28848
Rubí	ES	41.5	72987
Sabadell	ES	41.5	211734
Sagrada Família	ES	41.4	51623
Sagunto	ES	39.7	66070
Salamanca	ES	40.4	147707
Salou	ES	41.1	26775
Salt	ES	42.0	30622
Sama	ES	43.3	39984
San Andrés del Rabanedo	ES	42.6	30820
San Bartolomé	ES	29.0	18517
San Bartolomé de Tirajana	ES	27.9	53588
San Blas-Canillejas	ES	40.4	157367
San Cristobal	ES	40.3	17270
San Diego	ES	40.4	45104
San Fermín	ES	40.4	23598
San Fernando	ES	36.5	95174
San Fernando de Henares	ES	40.4	39466
San Isidro	ES	40.4	40368
San Javier	ES	37.8	31432
San Juan de Aznalfarache	ES	37.4	20779
San Lorenzo de El Escorial	ES	40.6	17889
San Martín de la Vega	ES	40.2	18256
San Miguel De Abona	ES	28.1	16179
San Pascual	ES	40.4	18327
San Pedro Alcántara	ES	36.5	34922
San Pedro del Pinatar	ES	37.8	23738
San Roque	ES	36.2	29249
San Sebastián de los Reyes	ES	40.6	75912
San Vicent del Raspeig	ES	38.4	56715
Sanlúcar de Barrameda	ES	36.8	68037
Sant Adrià de Besòs	ES	41.4	36669
Sant Agustí	ES	39.6	15136
Sant Andreu	ES	41.4	142598
Sant Andreu de la Barca	ES	41.4	26401
Sant Antoni	ES	41.4	38182
Sant Antoni de Portmany	ES	39.0	21852
Sant Boi de Llobregat	ES	41.3	82428
Sant Carles de la Ràpita	ES	40.6	15511
Sant Celoni	ES	41.7	16860
Sant Cugat del Vallès	ES	41.5	79253
Sant Feliu de Guíxols	ES	41.8	21977
Sant Feliu de Llobregat	ES	41.4	42919
Sant Gervasi - Galvany	ES	41.4	47043
Sant Joan d'Alacant	ES	38.4	21939
Sant Joan Despí	ES	41.4	32030
Sant Just Desvern	ES	41.4	15811
Sant Martí	ES	41.4	235719
Sant Martí de Provençals	ES	41.4	26169
Sant Pere de Ribes	ES	41.3	28353
Sant Pere, Santa Caterina i La Ribera	ES	41.4	22856
Sant Quirze del Vallès	ES	41.5	18462
Sant Vicenç dels Horts	ES	41.4	27901
Santa Brígida	ES	28.0	18314
Santa Coloma de Gramenet	ES	41.5	118821
Santa Cruz de la Palma	ES	28.7	15674
Santa Cruz de Tenerife	ES	28.5	211359
Santa Eugenia	ES	40.4	23876
Santa Eulària des Riu	ES	39.0	31314
Santa Lucía	ES	27.9	71863
Santa Perpètua de Mogoda	ES	41.5	25048
Santa Pola	ES	38.2	31760
Santa Uxía de Ribeira	ES	42.6	27067
Santafé	ES	37.2	15430
Santander	ES	43.5	173635
Santiago de Compostela	ES	42.9	99536
Santomera	ES	38.1	15319
Sants	ES	41.4	40831
Sants - Badal	ES	41.4	24344
Sants-Montjuïc	ES	41.4	183120
Santurtzi	ES	43.3	46978
Santutxu	ES	43.3	60000
Sanxenxo	ES	42.4	17212
Sarrià	ES	41.4	24819
Sarrià-Sant Gervasi	ES	41.4	147912
Segovia	ES	40.9	51683
Segundo Ensanche	ES	42.8	22538
Seseña	ES	40.1	16231
Sestao	ES	43.3	27445
Sevilla	ES	37.4	686741
Silla	ES	39.4	18979
Simancas	ES	40.4	28765
Sitges	ES	41.2	27668
Son Rapinya	ES	39.6	17993
Soria	ES	41.8	39112
Sueca	ES	39.2	28908
Tacoronte	ES	28.5	23562
Talavera de la Reina	ES	40.0	88856
Tarancón	ES	40.0	15651
Tarifa	ES	36.0	18169
Tarragona	ES	41.1	141542
Tàrrega	ES	41.6	16539
Tavernes de la Valldigna	ES	39.1	18195
Teguise	ES	29.1	19418
Telde	ES	28.0	123265
Teo	ES	42.8	17807
Terrassa	ES	41.6	218535
Teruel	ES	40.3	36240
Tetuán de las Victorias	ES	40.5	155000
Tías	ES	29.0	19849
Toledo	ES	39.9	86526
Tolosa	ES	43.1	18044
Tomares	ES	37.4	22772
Tomelloso	ES	39.2	36091
Tordera	ES	41.7	15345
Torre del Mar	ES	36.7	21980
Torre-Pacheco	ES	37.7	35614
Torredembarra	ES	41.1	15272
Torrejón de Ardoz	ES	40.5	118162
Torrelavega	ES	43.3	55297
Torrelodones	ES	40.6	21781
Torremolinos	ES	36.6	65448
Torrent	ES	39.4	78543
Torrevieja	ES	38.0	82599
Torrox	ES	36.8	16890
Tortosa	ES	40.8	35143
Totana	ES	37.8	29211
Trafalgar	ES	40.4	24621
Tres Cantos	ES	40.6	41896
Tudela	ES	42.1	34717
Tui	ES	42.0	17262
Úbeda	ES	38.0	34602
Ubrique	ES	36.7	16979
Universidad	ES	40.4	32783
Usera	ES	40.4	141189
Utebo	ES	41.7	17677
Utrera	ES	37.2	52617
Valdeacederas	ES	40.5	26573
Valdebernardo	ES	40.4	17471
Valdefuentes	ES	40.5	69176
Valdemoro	ES	40.2	74745
Valdepeñas	ES	38.8	31147
Valdezarza	ES	40.5	30484
Valencia	ES	39.5	824340
Valladolid	ES	41.7	300618
Vallcarca	ES	41.4	15571
Vallecas	ES	40.4	53208
Vallehermoso	ES	40.4	19853
Valls	ES	41.3	25092
Valverde	ES	40.5	64757
Vélez-Málaga	ES	36.8	74190
Ventas	ES	40.4	50218
Vic	ES	41.9	39844
Vicálvaro	ES	40.4	66439
Vícar	ES	36.8	22853
Vigo	ES	42.2	293642
Vila-real	ES	39.9	50577
Vila-seca	ES	41.1	20866
Viladecans	ES	41.3	66168
Vilafranca del Penedès	ES	41.3	38425
Vilagarcía de Arousa	ES	42.6	37576
Vilanova i la Geltrú	ES	41.2	65890
Vilapicina i la Torre Llobeta	ES	41.4	25522
Vilaseca	ES	42.1	17305
Vilassar de Mar	ES	41.5	20764
Villa de Vallecas	ES	40.4	65162
Villajoyosa	ES	38.5	33797
Villanueva de la Cañada	ES	40.4	16804
Villanueva de la Serena	ES	39.0	25759
Villanueva del Pardillo	ES	40.5	15087
Villaquilambre	ES	42.6	17013
Villarrobledo	ES	39.3	26642
Villaverde	ES	40.4	126802
Villaviciosa de Odón	ES	40.4	27596
Villena	ES	38.6	35222
Vinaròs	ES	40.5	28273
Vinateros	ES	40.4	16885
Vista Alegre	ES	40.4	47427
Viveiro	ES	43.7	16238
Xàtiva	ES	39.0	29386
Xirivella	ES	39.5	30002
Yaiza	ES	29.0	16289
Yecla	ES	38.6	35025
Zafra	ES	38.4	16424
Zamora	ES	41.5	61827
Zaragoza	ES	41.7	686986
Zarautz	ES	43.3	22627
Zubia	ES	37.1	18995
‘Alem Ketema	ET	10.1	23500
‘Alem T’ēna	ET	8.3	23700
‘Alemaya	ET	9.4	63700
Abala	ET	14.2	25300
Ābderafī	ET	13.7	24500
Ābīy Ādī	ET	13.6	34200
Abomsa	ET	10.0	30400
Addis Ababa	ET	9.0	3860000
Adebaye	ET	14.2	21800
Ādēt	ET	11.3	43200
Ādīgrat	ET	14.3	121800
Ādīs ‘Alem	ET	9.0	20900
Ādīs K’idamē	ET	11.1	20100
Ādīs Zemen	ET	12.1	36300
Adwa	ET	14.2	85600
Āgaro	ET	7.8	52800
Aksum	ET	14.1	94500
Alamata	ET	12.4	70400
Amba Giorgis	ET	12.8	27300
Ara Ali	ET	6.0	23000
Ārabī	ET	10.0	148933
Arba Minch	ET	6.0	201000
Āreka	ET	7.1	84500
Arerti	ET	13.9	23000
Arsi Negele	ET	7.4	98100
Asaita	ET	11.6	39400
Āsasa	ET	7.1	42900
Āsbe Teferī	ET	9.1	30772
Āsela	ET	8.0	139500
Āsosa	ET	10.1	69700
Āt’aye	ET	10.4	26300
Awasa	ET	7.1	422200
Āwash	ET	9.0	36500
Āyana	ET	9.9	21800
Āykel	ET	12.6	34000
Babīlē	ET	9.2	36700
Badessa	ET	6.9	35294
Bahir Dar	ET	11.6	350000
Bako	ET	5.8	34100
Bale Hawassa	ET	6.9	31765
Bale Robe	ET	7.1	31400
Bambesi	ET	9.8	26300
Batī	ET	11.2	37600
Bedelē	ET	8.5	40500
Bedēsa	ET	8.9	37700
Bek’ojī	ET	7.5	36800
Bichena	ET	10.4	36500
Bishoftu	ET	8.8	207400
Bodītī	ET	7.0	64900
Bonga	ET	7.3	56000
Burayu	ET	9.0	101400
Burē	ET	10.7	46000
Butajīra	ET	8.1	89800
Ch’ench’a	ET	6.3	27500
Ch’iko	ET	6.6	49500
Chagni	ET	11.0	52300
Chelenko	ET	9.4	20900
Chinahsen	ET	9.5	25400
Ciro	ET	7.8	69800
Dabat	ET	13.0	28300
Damboya	ET	7.3	21800
Dangila	ET	11.3	56000
Dayē	ET	9.9	31000
Debark’	ET	13.2	46800
Debre Birhan	ET	9.7	146900
Debre Mark’os	ET	10.3	140700
Debre Tabor	ET	11.8	125300
Deder	ET	9.3	26900
Degeh Bur	ET	8.2	47200
Dembech’a	ET	10.6	29800
Dembī Dolo	ET	8.5	61100
Dēra	ET	8.4	30700
Dessie	ET	11.1	270400
Dibate	ET	10.7	21300
Digih Habar Es	ET	6.4	22000
Dīla	ET	6.4	158800
Dimtu	ET	6.9	25294
Dire Dawa	ET	9.6	343000
Dodola	ET	7.0	43200
Dolo	ET	13.5	41400
Dubti	ET	11.7	36100
Duramē	ET	7.2	65900
El Bahay	ET	6.3	23000
Fadhigaradle	ET	6.2	34000
Felana	ET	9.5	26200
Felege Neway	ET	6.3	61000
Fichē	ET	9.8	57100
Filakit	ET	11.7	26500
Finote Selam	ET	10.7	58400
Funyan Bīra	ET	9.4	25000
Gambēla	ET	8.3	97600
Gasuba	ET	6.7	27789
Gebre Guracha	ET	9.8	41200
Gedeb	ET	9.6	24000
Gēdo	ET	9.0	23300
Gelemso	ET	8.8	34200
Genet	ET	9.1	48300
Ghinnir	ET	7.1	35500
Gīdolē	ET	5.7	35500
Gimbi	ET	9.2	64300
Gīmbīcho	ET	7.5	22900
Gimja Bēt Maryam	ET	10.8	24800
Gīnch’ī	ET	9.0	37600
Ginja Bet	ET	10.9	24800
Goba	ET	7.0	66500
Gobēsa	ET	7.6	23200
Gode	ET	6.0	67900
Golwayn	ET	6.5	20000
Gonder	ET	12.6	466000
Guder	ET	9.0	30600
Gununo	ET	6.9	84510
Gurbetē	ET	11.4	26500
Gutin	ET	9.6	28300
Hadero	ET	7.2	48000
Hāgere Hiywet	ET	9.0	99900
Hagere Maryam	ET	5.6	57700
Harar	ET	9.3	157000
Harbu	ET	10.9	24500
Hartīshēk	ET	9.2	22000
Hāyk’	ET	11.3	28500
Hīrna	ET	9.2	24200
Hosa’ina	ET	7.5	188200
Huruta	ET	8.2	27500
Ibnat	ET	12.1	27000
Idaga Hamus	ET	14.2	25400
Inda Silasē	ET	14.1	100100
Indabaguna	ET	13.9	21400
Injibara	ET	11.0	47500
Insēno	ET	8.1	30500
Intich’o	ET	14.3	21800
Īteya	ET	8.1	31100
Jijiga	ET	9.3	483000
Jimma	ET	7.7	250900
Jinka	ET	5.7	54400
K’ola Diba	ET	12.4	27300
K’olīto	ET	7.3	72200
Kachīsī	ET	9.6	22900
Kahandhale	ET	5.8	18000
Kebri Dahar	ET	6.7	45900
Kele	ET	6.1	23100
Kemisē	ET	10.7	43800
Kercha	ET	5.8	20500
Kibre Mengist	ET	5.9	47600
Kobo	ET	10.0	56100
Kofelē	ET	7.1	27900
Kombolcha	ET	11.1	132100
Komtikas	ET	7.0	29400
Korem	ET	12.5	35600
Kuyera	ET	7.3	21100
Lalibela	ET	12.0	39100
Lasoano	ET	6.3	38000
Leku	ET	6.9	31700
Logīya	ET	11.7	34500
Lumamē	ET	10.3	20900
Maksenyit	ET	12.4	25800
Mambuk	ET	11.3	24100
May Cadera	ET	14.1	27300
Maych’ew	ET	12.8	49600
Mehal Mēda	ET	10.3	24900
Mehoni	ET	12.8	29200
Mek'ele	ET	13.5	457900
Mek’ī	ET	8.2	75200
Mena	ET	6.4	22100
Mendī	ET	9.8	29100
Mer’āwī	ET	11.4	42200
Mersa	ET	11.7	36300
Mertule Maryam	ET	10.8	27600
Metahāra	ET	8.9	23403
Metemma	ET	13.0	25600
Metu	ET	8.3	59700
Mī’ēso	ET	9.2	27700
Mīlē	ET	11.4	21700
Mīzan Teferī	ET	7.0	62000
Mojo	ET	8.6	61300
Mot’a	ET	11.1	59000
Nazrēt	ET	8.6	456900
Neefkuceliye	ET	6.6	34000
Nefas Mewch’a	ET	11.7	44200
Negēlē	ET	5.3	73100
Nejo	ET	9.5	39400
Nek’emtē	ET	9.1	156000
Qorof	ET	6.6	37080
Raqo	ET	6.4	25090
Robit	ET	10.0	39600
Robīt	ET	12.0	20679
Sagurē	ET	7.8	24900
Samara	ET	11.8	50000
Sebeta	ET	8.9	102300
Sek’ot’a	ET	12.6	50300
Sendafa	ET	9.2	25500
Shakiso	ET	5.8	47500
Shambu	ET	9.6	31100
Shanto	ET	7.0	15020
Shashamane	ET	7.2	208400
Shendi	ET	10.6	23900
Sheno	ET	9.3	22900
Sheraro	ET	14.4	36100
Shinshicho	ET	7.2	38400
Shonē	ET	7.1	41900
Sifra	ET	11.6	22400
Sīrē	ET	8.3	21300
Sodo	ET	6.9	204100
Suntu	ET	8.1	20700
T’īs Isat	ET	11.5	39200
Tarch’a Sodo	ET	7.2	24300
Tebela	ET	6.7	17538
Tēpī	ET	7.2	66700
Tikil Dingay	ET	13.0	28200
Tīlīlī	ET	10.8	20400
Tulu Bolo	ET	8.7	30000
Waal	ET	6.9	24000
Wacha	ET	7.2	28300
Waka	ET	7.1	26500
Waliso	ET	8.5	78600
Warder	ET	7.0	450400
Wegeda	ET	11.2	23200
Weldiya	ET	11.8	104000
Welench’ītī	ET	8.7	31500
Welk’īt’ē	ET	8.3	77500
Wenago	ET	6.3	22800
Wendo	ET	6.6	59300
Wenjī	ET	8.4	17120
Were Īlu	ET	10.6	20600
Werota	ET	11.9	47800
Wik’ro	ET	13.8	64000
Wonji	ET	8.5	29200
Worabe	ET	7.9	25400
Yabēlo	ET	4.9	36300
Yamarugley	ET	6.8	36000
Yirga ‘Alem	ET	6.8	81600
Yirga Ch’efē	ET	6.2	40600
Ziway	ET	7.9	90500
Äänekoski	FI	62.6	17614
Anjala	FI	60.7	16779
East Helsinki	FI	60.2	170557
Espoo	FI	60.2	323910
Espoonlahti	FI	60.2	17697
Forssa	FI	60.8	16368
Haaga	FI	60.2	27761
Hämeenlinna	FI	61.0	68473
Hamina	FI	60.6	19305
Haukipudas	FI	65.2	17298
Heinola	FI	61.2	17746
Helsinki	FI	60.2	658864
Herttoniemi	FI	60.2	26047
Hervanta	FI	61.4	25231
Hollola	FI	61.0	22843
Hyvinge	FI	60.6	43515
Iisalmi	FI	63.6	20330
Imatra	FI	61.2	24581
Jakobstad	FI	63.7	19668
Jämsä	FI	61.9	19209
Janakkala	FI	60.9	15995
Järvenpää	FI	60.5	46942
Joensuu	FI	62.6	78398
Jyväskylä	FI	62.2	148744
Kaarela	FI	60.3	26414
Kaarina	FI	60.4	36631
Kajaani	FI	64.2	36458
Kallio	FI	60.2	27051
Kangasala	FI	61.5	34315
Karhula	FI	60.5	22867
Kauhava	FI	63.1	15066
Kemi	FI	65.7	19332
Kerava	FI	60.4	38535
Kirkkonummi	FI	60.1	41821
Klaukkala	FI	60.4	21019
Kokkola	FI	63.8	48361
Kontiolahti	FI	62.8	15092
Korsholm	FI	63.1	17176
Kotka	FI	60.5	50157
Kouvola	FI	60.9	78094
Kuopio	FI	62.9	125462
Kurikka	FI	62.6	19474
Laajasalo	FI	60.2	22419
Lahti	FI	61.0	121622
Lappeenranta	FI	61.1	72909
Laukaa	FI	62.4	18876
Lauttasaari	FI	60.2	20000
Lempäälä	FI	61.3	25036
Leppävaara	FI	60.2	28409
Lieto	FI	60.5	20694
Lohja	FI	60.2	45686
Loimaa	FI	60.8	15248
Mäntsälä	FI	60.6	20966
Matinkylä	FI	60.2	22688
Mellunkylä	FI	60.2	36360
Mikkeli	FI	61.7	51661
Munkkiniemi	FI	60.2	17334
Myyrmäki	FI	60.3	18393
Naantali	FI	60.5	20312
Nokia	FI	61.5	36486
Nurmijärvi	FI	60.5	45356
Olari	FI	60.2	16929
Orimattila	FI	60.8	15628
Oulu	FI	65.0	216066
Oulunkylä	FI	60.2	23854
Pieksämäki	FI	62.3	17243
Pirkkala	FI	61.5	21204
Pitäjänmäki	FI	60.2	18016
Pohjois-Hervanta	FI	61.5	16053
Pori	FI	61.5	83157
Porvoo	FI	60.4	51853
Raahe	FI	64.7	23566
Raisio	FI	60.5	25846
Raseborg	FI	60.0	26982
Rauma	FI	61.1	38909
Riihimäki	FI	60.7	28610
Rovaniemi	FI	66.5	65670
Salo	FI	60.4	50794
Sastamala	FI	61.3	24495
Savonlinna	FI	61.9	31283
Seinäjoki	FI	62.8	66848
Sibbo	FI	60.4	22903
Siilinjärvi	FI	63.1	21383
Suurmetsä	FI	60.3	16452
Suutarila	FI	60.3	19690
Taka-Töölö	FI	60.2	15343
Tampere	FI	61.5	260646
Tornio	FI	65.8	20932
Turku	FI	60.5	206655
Tuusula	FI	60.4	42624
Vaasa	FI	63.1	69819
Valkeakoski	FI	61.3	20859
Vammala	FI	61.3	16635
Vantaa	FI	60.3	252724
Varkaus	FI	62.3	19603
Vartiokylä	FI	60.2	30244
Väståboland	FI	60.3	15498
Vihti	FI	60.4	28864
Viikki	FI	60.2	15177
Vuosaari	FI	60.2	38961
Ylivieska	FI	64.1	15375
Ylöjärvi	FI	61.6	33731
Labasa	FJ	-16.4	27949
Lami	FJ	-18.1	24639
Lautoka	FJ	-17.6	52500
Nadi	FJ	-17.8	42284
Nasinu	FJ	-18.1	92043
Sigatoka	FJ	-18.1	17622
Suva	FJ	-18.1	77366
Stanley	FK	-51.7	2213
Palikir	FM	6.9	6942
Tórshavn	FO	62.0	13200
Abbeville	FR	50.1	26461
Achères	FR	49.0	21660
Agde	FR	43.3	23001
Agen	FR	44.2	34367
Aix-en-Provence	FR	43.5	146821
Aix-les-Bains	FR	45.7	27651
Ajaccio	FR	41.9	54364
Albertville	FR	45.7	19113
Albi	FR	43.9	52409
Alençon	FR	48.4	30786
Alès	FR	44.1	42410
Alfortville	FR	48.8	37290
Allauch	FR	43.3	21406
Amiens	FR	49.9	143086
Angers	FR	47.5	168279
Anglet	FR	43.5	40658
Angoulême	FR	45.6	49468
Annecy	FR	45.9	49232
Annecy-le-Vieux	FR	45.9	21521
Annemasse	FR	46.2	28275
Annonay	FR	45.2	18423
Antibes	FR	43.6	76393
Antony	FR	48.8	59845
Arcueil	FR	48.8	17308
Argentan	FR	48.7	18230
Argenteuil	FR	48.9	101475
Arles	FR	43.7	53431
Armentières	FR	50.7	26646
Arras	FR	50.3	47052
Asnières-sur-Seine	FR	48.9	86742
Athis-Mons	FR	48.7	31225
Aubagne	FR	43.3	44844
Aubervilliers	FR	48.9	70914
Auch	FR	43.6	24494
Audincourt	FR	47.5	15577
Aulnay-sous-Bois	FR	48.9	80615
Aurillac	FR	44.9	34724
Autun	FR	47.0	18283
Auxerre	FR	47.8	41516
Avignon	FR	43.9	89769
Avion	FR	50.4	18470
Avon	FR	48.4	15009
Bagneux	FR	48.8	38900
Bagnolet	FR	48.9	33504
Bagnols-sur-Cèze	FR	44.2	19640
Balma	FR	43.6	15553
Bar-le-Duc	FR	48.8	18595
Bastia	FR	42.7	41001
Bayeux	FR	49.3	15963
Bayonne	FR	43.5	44396
Beaune	FR	47.0	24162
Beauvais	FR	49.4	53393
Bègles	FR	44.8	23504
Bel-Air	FR	48.8	36279
Belfort	FR	47.6	54562
Berck	FR	50.4	15609
Berck-Plage	FR	50.4	15675
Bergerac	FR	44.9	28317
Besançon	FR	47.2	128426
Béthune	FR	50.5	31568
Béziers	FR	43.3	74081
Bezons	FR	48.9	27570
Biarritz	FR	43.5	33188
Bischheim	FR	48.6	17434
Blagnac	FR	43.6	24263
Blanquefort	FR	44.9	16636
Blois	FR	47.6	53660
Bobigny	FR	48.9	44962
Bois-Colombes	FR	48.9	24300
Boissy-Saint-Léger	FR	48.8	15877
Bondy	FR	48.9	48268
Bonneuil-sur-Marne	FR	48.8	18723
Bordeaux	FR	44.8	265328
Bouguenais	FR	47.2	16824
Boulogne-Billancourt	FR	48.8	108782
Boulogne-sur-Mer	FR	50.7	47013
Bourg-en-Bresse	FR	46.2	45340
Bourg-la-Reine	FR	48.8	18870
Bourg-lès-Valence	FR	44.9	19770
Bourges	FR	47.1	67987
Bressuire	FR	46.8	20743
Brest	FR	48.4	144899
Brétigny-sur-Orge	FR	48.6	24317
Brie-Comte-Robert	FR	48.7	15892
Brignoles	FR	43.4	15027
Brive-la-Gaillarde	FR	45.2	53466
Bron	FR	45.7	37825
Bruay-la-Buissière	FR	50.5	24474
Brunoy	FR	48.7	24096
Bry-sur-Marne	FR	48.8	16226
Cachan	FR	48.8	26540
Caen	FR	49.2	110624
Cagnes-sur-Mer	FR	43.7	46923
Cahors	FR	44.4	23331
Calais	FR	51.0	74433
Caluire-et-Cuire	FR	45.8	42763
Cambrai	FR	50.2	36492
Cannes	FR	43.6	74545
Canteleu	FR	49.4	15742
Carcassonne	FR	43.2	49600
Carpentras	FR	44.1	29709
Carquefou	FR	47.3	18056
Carrières-sous-Poissy	FR	48.9	15465
Carvin	FR	50.5	18561
Castelnau-le-Lez	FR	43.6	18011
Castres	FR	43.6	47275
Cavaillon	FR	43.8	26689
Cenon	FR	44.9	22393
Cergy	FR	49.0	57576
Cergy-Pontoise	FR	49.0	183430
Cesson-Sévigné	FR	48.1	16222
Cestas	FR	44.7	18036
Challans	FR	46.8	18947
Chalon-sur-Saône	FR	46.8	47251
Châlons-en-Champagne	FR	49.0	51257
Chamalières	FR	45.8	20298
Chambéry	FR	45.6	61640
Champigny-sur-Marne	FR	48.8	76726
Champs-sur-Marne	FR	48.9	27776
Charenton-le-Pont	FR	48.8	30910
Charleville-Mézières	FR	49.8	52415
Chartres	FR	48.4	43838
Château-Thierry	FR	49.0	15938
Châteaudun	FR	48.1	16006
Châteauroux	FR	46.8	53301
Châtellerault	FR	46.8	37210
Châtenay-Malabry	FR	48.8	32715
Châtillon	FR	48.8	32383
Chatou	FR	48.9	30091
Chaumont	FR	48.1	28981
Chaville	FR	48.8	18735
Chelles	FR	48.9	46947
Chennevières-sur-Marne	FR	48.8	18314
Chenôve	FR	47.3	15791
Cherbourg	FR	49.6	26655
Chevilly-Larue	FR	48.8	20125
Chilly-Mazarin	FR	48.7	18870
Choisy-le-Roi	FR	48.8	35590
Cholet	FR	47.1	53160
Clamart	FR	48.8	51400
Clermont-Ferrand	FR	45.8	147865
Clichy	FR	48.9	57467
Clichy-sous-Bois	FR	48.9	29062
Cluses	FR	46.1	19789
Cognac	FR	45.7	20868
Colmar	FR	48.1	65405
Colombes	FR	48.9	82300
Colomiers	FR	43.6	31363
Combs-la-Ville	FR	48.7	22322
Compiègne	FR	49.4	44243
Concarneau	FR	47.9	21397
Conflans-Sainte-Honorine	FR	49.0	36358
Corbeil-Essonnes	FR	48.6	40527
Cormeilles-en-Parisis	FR	49.0	21973
Coudekerque-Branche	FR	51.0	25201
Couëron	FR	47.2	19466
Coulommiers	FR	48.8	15274
Courbevoie	FR	48.9	85158
Cournon-d'Auvergne	FR	45.7	18848
Cran-Gevrier	FR	45.9	19354
Creil	FR	49.3	31863
Crépy-en-Valois	FR	49.2	15694
Créteil	FR	48.8	84833
Croix	FR	50.7	21361
Croulebarbe	FR	48.8	20062
Cugnaux	FR	43.5	15393
Dammarie-les-Lys	FR	48.5	21066
Dax	FR	43.7	22305
Décines-Charpieu	FR	45.8	24674
Denain	FR	50.3	21412
Deuil-la-Barre	FR	49.0	21560
Dieppe	FR	49.9	35707
Digne-les-Bains	FR	44.1	18986
Dijon	FR	47.3	159941
Dole	FR	47.1	25878
Domont	FR	49.0	16684
Douai	FR	50.4	46531
Douarnenez	FR	48.1	16590
Draguignan	FR	43.5	38573
Drancy	FR	48.9	62488
Draveil	FR	48.7	29316
Dreux	FR	48.7	31058
Dunkirk	FR	51.0	86263
Eaubonne	FR	49.0	24096
Échirolles	FR	45.1	33088
Écully	FR	45.8	19437
Élancourt	FR	48.8	30831
Elbeuf	FR	49.3	17231
Épernay	FR	49.0	27082
Épinal	FR	48.2	39518
Épinay-sur-Seine	FR	49.0	46145
Équeurdreville-Hainneville	FR	49.6	18862
Éragny	FR	49.0	15385
Ermont	FR	49.0	28117
Étampes	FR	48.4	23012
Évreux	FR	49.0	57795
Évry	FR	48.6	51900
Eysines	FR	44.9	21394
Faches-Thumesnil	FR	50.6	16163
Fécamp	FR	49.8	22003
Firminy	FR	45.4	17902
Flers	FR	48.7	17430
Fleury-les-Aubrais	FR	47.9	21085
Floirac	FR	44.8	16497
Folie Méricourt	FR	48.9	31299
Fontaine	FR	45.2	24588
Fontainebleau	FR	48.4	19717
Fontenay-aux-Roses	FR	48.8	24680
Fontenay-le-Comte	FR	46.5	16316
Fontenay-sous-Bois	FR	48.9	52075
Forbach	FR	49.2	21358
Fos-sur-Mer	FR	43.4	17317
Fougères	FR	48.4	23719
Franconville	FR	49.0	34284
Fréjus	FR	43.4	53098
Fresnes	FR	48.8	24803
Frontignan	FR	43.4	22251
Gagny	FR	48.9	38134
Gap	FR	44.6	42715
Garches	FR	48.8	18930
Gardanne	FR	43.5	21140
Gare	FR	48.8	75580
Garges-lès-Gonesse	FR	49.0	39847
Gennevilliers	FR	48.9	42294
Gentilly	FR	48.8	15939
Gien	FR	47.7	15966
Gif-sur-Yvette	FR	48.7	23541
Givors	FR	45.6	18198
Gonesse	FR	49.0	26758
Goussainville	FR	49.0	30047
Gradignan	FR	44.8	24385
Grande-Synthe	FR	51.0	23213
Grasse	FR	43.7	47581
Grenoble	FR	45.2	158552
Grigny	FR	48.7	24940
Guérande	FR	47.3	16523
Guéret	FR	46.2	15853
Gujan-Mestras	FR	44.6	19184
Guyancourt	FR	48.8	31989
Haguenau	FR	48.8	38721
Halluin	FR	50.8	20171
Haubourdin	FR	50.6	15694
Hautmont	FR	50.3	15540
Hayange	FR	49.3	15501
Hazebrouck	FR	50.7	23307
Hem	FR	50.7	19699
Hénin-Beaumont	FR	50.4	25371
Herblay-sur-Seine	FR	49.0	25153
Hérouville-Saint-Clair	FR	49.2	24258
Hôpital Saint-Louis	FR	48.9	26926
Houilles	FR	48.9	31121
Hyères	FR	43.1	50487
Illkirch-Graffenstaden	FR	48.5	27261
Illzach	FR	47.8	15457
Issoire	FR	45.5	15984
Issy-les-Moulineaux	FR	48.8	61447
Istres	FR	43.5	44373
Ivry-sur-Seine	FR	48.8	57897
Joinville-le-Pont	FR	48.8	18154
Joué-lès-Tours	FR	47.3	37466
Jouy-le-Moutier	FR	49.0	19087
Juan-les-Pins	FR	43.6	60000
L'Haÿ-les-Roses	FR	48.8	29703
L'Isle-sur-la-Sorgue	FR	43.9	16968
La Baule-Escoublac	FR	47.3	17775
La Blancarde	FR	43.3	15292
La Celle-Saint-Cloud	FR	48.9	21539
La Chapelle-sur-Erdre	FR	47.3	18481
La Ciotat	FR	43.2	33113
La Courneuve	FR	48.9	37287
La Crau	FR	43.1	17905
La Defense	FR	48.9	20000
La Flèche	FR	47.7	18536
La Garde	FR	43.1	28257
La Garenne-Colombes	FR	48.9	26385
La Madeleine	FR	50.6	23572
La Pomme	FR	43.3	17787
La Roche-sur-Yon	FR	46.7	59410
La Rochelle	FR	46.2	76810
La Seyne-sur-Mer	FR	43.1	62330
La Teste-de-Buch	FR	44.6	27253
La Valette-du-Var	FR	43.1	23134
Lagny-sur-Marne	FR	48.9	20649
Lambersart	FR	50.6	28613
Landerneau	FR	48.5	16052
Lanester	FR	47.8	24352
Lannion	FR	48.7	21473
Laon	FR	49.6	28688
Lattes	FR	43.6	17390
Laval	FR	48.1	50489
Laxou	FR	48.7	16323
Le Blanc-Mesnil	FR	48.9	48077
Le Bouscat	FR	44.9	24232
Le Camas	FR	43.3	16585
Le Cannet	FR	43.6	43353
Le Chesnay	FR	48.8	29154
Le Creusot	FR	46.8	25590
Le Grand-Quevilly	FR	49.4	26522
Le Havre	FR	49.5	185972
Le Kremlin-Bicêtre	FR	48.8	27867
Le Mans	FR	48.0	144515
Le Mée-sur-Seine	FR	48.5	22058
Le Pecq	FR	48.9	16534
Le Perreux-sur-Marne	FR	48.9	32015
Le Petit-Quevilly	FR	49.4	22691
Le Plessis-Robinson	FR	48.8	22510
Le Plessis-Trévise	FR	48.8	18618
Le Pontet	FR	44.0	16182
Le Pré-Saint-Gervais	FR	48.9	17786
Le Puy-en-Velay	FR	45.0	22718
Le Vésinet	FR	48.9	16740
Lens	FR	50.4	38265
Les Clayes-sous-Bois	FR	48.8	17776
Les Herbiers	FR	46.9	15664
Les Lilas	FR	48.9	21124
Les Moulins	FR	43.7	15476
Les Mureaux	FR	49.0	32134
Les Olives	FR	43.3	15181
Les Pavillons-sous-Bois	FR	48.9	19730
Les Pennes-Mirabeau	FR	43.4	19871
Les Sables-d'Olonne	FR	46.5	16105
Les Ulis	FR	48.7	25785
Levallois-Perret	FR	48.9	62178
Libourne	FR	44.9	24240
Liévin	FR	50.4	34370
Lille	FR	50.6	238695
Limay	FR	49.0	18559
Limeil-Brévannes	FR	48.7	19104
Limoges	FR	45.8	141176
Lingolsheim	FR	48.6	17284
Lisieux	FR	49.1	24473
Livry-Gargan	FR	48.9	39518
Lognes	FR	48.8	15519
Lomme	FR	50.6	29892
Longjumeau	FR	48.7	20771
Lons-le-Saunier	FR	46.7	20678
Loos	FR	50.6	22107
Lorient	FR	47.7	58112
Lormont	FR	44.9	22636
Lourdes	FR	43.1	15786
Louviers	FR	49.2	19220
Lucé	FR	48.4	17780
Lunel	FR	43.7	26588
Lunéville	FR	48.6	21582
Lyon	FR	45.7	520774
Lyon 01	FR	45.8	29641
Lyon 02	FR	45.8	31303
Lyon 03	FR	45.8	102725
Lyon 04	FR	45.8	36064
Lyon 05	FR	45.8	49664
Lyon 06	FR	45.8	52862
Lyon 07	FR	45.7	82573
Lyon 08	FR	45.7	86154
Lyon 09	FR	45.8	51983
Mâcon	FR	46.3	35484
Maison Blanche	FR	48.8	64302
Maisons-Alfort	FR	48.8	53964
Maisons-Laffitte	FR	49.0	22772
Malakoff	FR	48.8	29420
Mandelieu-la-Napoule	FR	43.5	19292
Manosque	FR	43.8	21351
Mantes-la-Jolie	FR	49.0	44263
Mantes-la-Ville	FR	49.0	19947
Marcq-en-Barœul	FR	50.7	38629
Marignane	FR	43.4	35873
Marly-le-Roi	FR	48.9	17404
Marmande	FR	44.5	19069
Marne La Vallée	FR	48.8	318325
Marseille	FR	43.3	877215
Marseille 01	FR	43.3	40919
Marseille 02	FR	43.3	25779
Marseille 03	FR	43.3	45414
Marseille 04	FR	43.3	47193
Marseille 05	FR	43.3	44583
Marseille 06	FR	43.3	43360
Marseille 07	FR	43.3	35981
Marseille 08	FR	43.3	78837
Marseille 09	FR	43.3	76868
Marseille 10	FR	43.3	51299
Marseille 11	FR	43.3	56792
Marseille 12	FR	43.3	58734
Marseille 13	FR	43.3	89316
Marseille 14	FR	43.3	61920
Marseille 15	FR	43.4	77770
Marseille 16	FR	43.4	17630
Martigues	FR	43.4	45749
Massy	FR	48.7	38768
Maubeuge	FR	50.3	33684
Mauguio	FR	43.6	18320
Maurepas	FR	48.8	19009
Mayenne	FR	48.3	15583
Mazargues	FR	43.2	17527
Meaux	FR	49.0	53811
Melun	FR	48.5	38953
Menton	FR	43.8	29649
Mérignac	FR	44.8	69791
Metz	FR	49.1	123914
Meudon	FR	48.8	44652
Meylan	FR	45.2	20267
Meyzieu	FR	45.8	28929
Millau	FR	44.1	23307
Miramas	FR	43.6	24173
Mitry-Mory	FR	49.0	18562
Moissy-Cramayel	FR	48.6	16259
Mons-en-Barœul	FR	50.6	23006
Mont-de-Marsan	FR	43.9	36205
Mont-Saint-Aignan	FR	49.5	23078
Montargis	FR	48.0	17457
Montauban	FR	44.0	52434
Montbéliard	FR	47.5	28865
Montbrison	FR	45.6	16164
Montceau-les-Mines	FR	46.7	20221
Montélimar	FR	44.6	35637
Montereau-Fault-Yonne	FR	48.4	16993
Montesson	FR	48.9	15256
Montfermeil	FR	48.9	23829
Montgeron	FR	48.7	22843
Montigny-le-Bretonneux	FR	48.8	39063
Montigny-lès-Cormeilles	FR	49.0	17910
Montigny-lès-Metz	FR	49.1	26369
Montivilliers	FR	49.5	16706
Montluçon	FR	46.3	44960
Montmorency	FR	49.0	21156
Montpellier	FR	43.6	248252
Montreuil	FR	48.9	111240
Montrouge	FR	48.8	38708
Morlaix	FR	48.6	17516
Morsang-sur-Orge	FR	48.7	19917
Mougins	FR	43.6	18973
Moulins	FR	46.6	23095
Mulhouse	FR	47.8	111430
Muret	FR	43.5	24313
Nancy	FR	48.7	105058
Nanterre	FR	48.9	86719
Nantes	FR	47.2	325070
Narbonne	FR	43.2	50776
Neuilly-Plaisance	FR	48.9	18725
Neuilly-sur-Marne	FR	48.9	34465
Neuilly-sur-Seine	FR	48.9	61300
Nevers	FR	47.0	43988
Nice	FR	43.7	342669
Nîmes	FR	43.8	148236
Niort	FR	46.3	54660
Nogent-sur-Marne	FR	48.8	31236
Nogent-sur-Oise	FR	49.3	19690
Noisiel	FR	48.8	15362
Noisy-le-Grand	FR	48.8	62420
Noisy-le-Sec	FR	48.9	38955
Noyon	FR	49.6	15138
Octeville	FR	49.6	16951
Olivet	FR	47.9	22604
Orange	FR	44.1	30530
Orléans	FR	47.9	116344
Orly	FR	48.7	20528
Orsay	FR	48.7	17817
Orvault	FR	47.3	25338
Osny	FR	49.1	16545
Oullins	FR	45.7	25592
Outreau	FR	50.7	15648
Oyonnax	FR	46.3	25697
Ozoir-la-Ferrière	FR	48.8	22530
Palaiseau	FR	48.7	31987
Pamiers	FR	43.1	16997
Pantin	FR	48.9	52922
Paris	FR	48.9	2138551
Paris 01 Louvre	FR	48.9	15114
Paris 02 Bourse	FR	48.9	19847
Paris 03 Temple	FR	48.9	32179
Paris 04 Hôtel-de-Ville	FR	48.9	27332
Paris 05 Panthéon	FR	48.8	55252
Paris 06 Luxembourg	FR	48.8	40389
Paris 07 Palais-Bourbon	FR	48.9	48015
Paris 08 Élysée	FR	48.9	35317
Paris 09 Opéra	FR	48.9	57271
Paris 10 Entrepôt	FR	48.9	83873
Paris 10e Arrondissement	FR	48.9	83459
Paris 11 Popincourt	FR	48.9	138170
Paris 11e Arrondissement	FR	48.9	144292
Paris 12 Reuilly	FR	48.8	138024
Paris 12e Arrondissement	FR	48.8	140311
Paris 13 Gobelins	FR	48.8	181271
Paris 13e Arrondissement	FR	48.8	177833
Paris 14 Observatoire	FR	48.8	136455
Paris 15 Vaugirard	FR	48.8	229713
Paris 16 Passy	FR	48.9	159386
Paris 17 Batignolles-Monceau	FR	48.9	159212
Paris 18 Buttes-Montmartre	FR	48.9	183127
Paris 19 Buttes-Chaumont	FR	48.9	178691
Paris 20 Ménilmontant	FR	48.9	185140
Pau	FR	43.3	82697
Périgueux	FR	45.2	34770
Perpignan	FR	42.7	110706
Pertuis	FR	43.7	19926
Pessac	FR	44.8	57944
Picpus	FR	48.8	61920
Pierrefitte-sur-Seine	FR	49.0	27914
Plaine du Var	FR	43.7	21228
Plaisance-du-Touch	FR	43.6	18501
Plaisir	FR	48.8	36121
Ploemeur	FR	47.7	20652
Poissy	FR	48.9	36431
Poitiers	FR	46.6	85960
Pont-à-Mousson	FR	48.9	15411
Pontarlier	FR	46.9	20313
Pontault-Combault	FR	48.8	34798
Pontivy	FR	48.1	16752
Pontoise	FR	49.0	30290
Port-de-Bouc	FR	43.4	15934
Porte Saint-Denis	FR	48.9	15063
Porte Saint-Martin	FR	48.9	21154
Puteaux	FR	48.9	40646
Quimper	FR	48.0	63849
Quinze-Vingts	FR	48.8	26265
Rambouillet	FR	48.6	26674
Reims	FR	49.3	196565
Rennes	FR	48.1	227830
Rezé	FR	47.2	39248
Rillieux-la-Pape	FR	45.8	28076
Riom	FR	45.9	20142
Ris-Orangis	FR	48.7	25082
Roanne	FR	46.0	39840
Rochefort	FR	45.9	29427
Rodez	FR	44.4	28337
Roissy-en-Brie	FR	48.8	20933
Romainville	FR	48.9	24772
Romans-sur-Isère	FR	45.0	35002
Romorantin-Lanthenay	FR	47.4	19953
Ronchin	FR	50.6	18331
Roquette	FR	48.9	45842
Rosny-sous-Bois	FR	48.9	41627
Roubaix	FR	50.7	99507
Rouen	FR	49.4	116331
Royan	FR	45.6	19017
Rueil-Malmaison	FR	48.9	76616
Saint-Amand-les-Eaux	FR	50.4	17808
Saint-Ambroise	FR	48.9	30802
Saint-Avertin	FR	47.4	16007
Saint-Avold	FR	49.1	18281
Saint-Barthélémy	FR	43.3	18655
Saint-Brieuc	FR	48.5	52774
Saint-Chamond	FR	45.5	38014
Saint-Cloud	FR	48.8	28839
Saint-Cyr-l'École	FR	48.8	16365
Saint-Cyr-sur-Loire	FR	47.4	17337
Saint-Denis	FR	48.9	96128
Saint-Dié-des-Vosges	FR	48.3	24628
Saint-Dizier	FR	48.6	31918
Saint-Égrève	FR	45.2	15904
Saint-Étienne	FR	45.4	176280
Saint-Étienne-du-Rouvray	FR	49.4	28953
Saint-Fons	FR	45.7	16053
Saint-Genis-Laval	FR	45.7	20883
Saint-Germain-en-Laye	FR	48.9	41142
Saint-Gratien	FR	49.0	19737
Saint-Herblain	FR	47.2	46898
Saint-Jean-de-Braye	FR	47.9	19874
Saint-Jean-de-la-Ruelle	FR	47.9	17522
Saint-Laurent-du-Var	FR	43.7	29516
Saint-Leu	FR	46.7	29278
Saint-Leu-la-Forêt	FR	49.0	16075
Saint-Lô	FR	49.1	21722
Saint-Louis	FR	47.6	20871
Saint-Loup	FR	43.3	16084
Saint-Malo	FR	48.6	50676
Saint-Mandé	FR	48.8	21261
Saint-Martin-d'Hères	FR	45.2	35528
Saint-Maur-des-Fossés	FR	48.8	75402
Saint-Maximin-la-Sainte-Baume	FR	43.4	15225
Saint-Médard-en-Jalles	FR	44.9	29742
Saint-Michel-sur-Orge	FR	48.6	20824
Saint-Nazaire	FR	47.3	67054
Saint-Omer	FR	50.7	18250
Saint-Ouen	FR	48.9	39353
Saint-Ouen-l'Aumône	FR	49.0	22977
Saint-Pierre-des-Corps	FR	47.4	15284
Saint-Pol-sur-Mer	FR	51.0	23635
Saint-Priest	FR	45.7	41641
Saint-Quentin	FR	49.8	55407
Saint-Quentin-en-Yvelines	FR	48.8	146598
Saint-Raphaël	FR	43.4	34918
Saint-Roch	FR	43.7	18764
Saint-Sébastien-sur-Loire	FR	47.2	29238
Saint-Vincent de Paul	FR	48.9	20336
Sainte-Foy-lès-Lyon	FR	45.7	21893
Sainte-Geneviève-des-Bois	FR	48.6	33689
Sainte-Marguerite	FR	48.9	36345
Saintes	FR	45.7	29512
Sallanches	FR	45.9	16725
Salon-de-Provence	FR	43.6	41397
Salpêtrière	FR	48.8	17708
Sanary-sur-Mer	FR	43.1	19166
Sannois	FR	49.0	26869
Saran	FR	48.0	16243
Sarcelles	FR	49.0	57979
Sarreguemines	FR	49.1	24446
Sartrouville	FR	48.9	53980
Saumur	FR	47.3	33229
Savigny-le-Temple	FR	48.6	25925
Savigny-sur-Orge	FR	48.7	39698
Sceaux	FR	48.8	21511
Schiltigheim	FR	48.6	32289
Sedan	FR	49.7	20620
Sélestat	FR	48.3	18941
Senlis	FR	49.2	19160
Sens	FR	48.2	28700
Sète	FR	43.4	40736
Sevran	FR	48.9	47334
Sèvres	FR	48.8	23724
Seynod	FR	45.9	18590
Sin-le-Noble	FR	50.4	17682
Six-Fours-les-Plages	FR	43.1	34779
Soissons	FR	49.4	31100
Soisy-sous-Montmorency	FR	49.0	17436
Sorgues	FR	44.0	18681
Sotteville-lès-Rouen	FR	49.4	30619
Stains	FR	49.0	32601
Strasbourg	FR	48.6	274845
Sucy-en-Brie	FR	48.8	25014
Suresnes	FR	48.9	44697
Talence	FR	44.8	42579
Tarbes	FR	43.2	52106
Tassin-la-Demi-Lune	FR	45.8	16920
Taverny	FR	49.0	27271
Tergnier	FR	49.7	15475
Thiais	FR	48.8	29724
Thionville	FR	49.4	44311
Thonon-les-Bains	FR	46.4	31684
Torcy	FR	48.9	24386
Toul	FR	48.7	17680
Toulon	FR	43.1	168701
Toulouse	FR	43.6	511684
Tourcoing	FR	50.7	99160
Tourlaville	FR	49.6	18273
Tournefeuille	FR	43.6	29124
Tours	FR	47.4	141621
Trappes	FR	48.8	28367
Tremblay-en-France	FR	48.9	35591
Troyes	FR	48.3	60785
Tulle	FR	45.3	16969
Valence	FR	44.9	63864
Valenciennes	FR	50.4	44821
Vallauris	FR	43.6	27286
Vandœuvre-lès-Nancy	FR	48.7	31785
Vannes	FR	47.7	54020
Vanves	FR	48.8	26068
Vaulx-en-Velin	FR	45.8	37489
Vauréal	FR	49.0	20699
Vélizy-Villacoublay	FR	48.8	21741
Vence	FR	43.7	18668
Vendôme	FR	47.8	19226
Vénissieux	FR	45.7	57584
Verdun	FR	49.2	21798
Verneuil-sur-Seine	FR	49.0	16790
Vernon	FR	49.1	26037
Verrières-le-Buisson	FR	48.7	16789
Versailles	FR	48.8	85416
Vertou	FR	47.2	22921
Vesoul	FR	47.6	19892
Vichy	FR	46.1	27019
Vienne	FR	45.5	32293
Vierzon	FR	47.2	29876
Vigneux-sur-Seine	FR	48.7	26692
Villefontaine	FR	45.6	19749
Villefranche-sur-Saône	FR	46.0	32994
Villejuif	FR	48.8	48048
Villemomble	FR	48.9	28001
Villenave-d'Ornon	FR	44.8	30347
Villeneuve-d'Ascq	FR	50.6	62400
Villeneuve-la-Garenne	FR	48.9	22036
Villeneuve-le-Roi	FR	48.7	17575
Villeneuve-Saint-Georges	FR	48.7	30881
Villeneuve-sur-Lot	FR	44.4	25869
Villeparisis	FR	48.9	23931
Villepinte	FR	49.0	37114
Villers-lès-Nancy	FR	48.7	15899
Villeurbanne	FR	45.8	131445
Villiers-le-Bel	FR	49.0	27028
Villiers-sur-Marne	FR	48.8	30252
Vincennes	FR	48.8	45923
Viroflay	FR	48.8	16137
Viry-Châtillon	FR	48.7	31131
Vitré	FR	48.1	17266
Vitrolles	FR	43.5	38591
Vitry-le-François	FR	48.7	17250
Vitry-sur-Seine	FR	48.8	81001
Voiron	FR	45.4	22114
Wasquehal	FR	50.7	19320
Wattrelos	FR	50.7	42826
Wittenheim	FR	47.8	15747
Yerres	FR	48.7	28897
Yutz	FR	49.4	15659
Akanda	GA	0.6	41524
Bitam	GA	2.1	33561
Franceville	GA	-1.6	132895
Koulamoutou	GA	-1.1	30830
Lambaréné	GA	-0.7	46605
Libreville	GA	0.4	846090
Makokou	GA	0.6	24823
Moanda	GA	-1.6	71099
Mouila	GA	-1.9	43342
Ntoum	GA	0.4	62445
Owendo	GA	0.3	95313
Oyam	GA	-0.2	30100
Oyem	GA	1.6	72939
Port-Gentil	GA	-0.7	164018
Tchibanga	GA	-2.9	36108
Abbey Wood	GB	51.5	17700
Aberdare	GB	51.7	31135
Aberdeen	GB	57.1	198590
Aberystwyth	GB	52.4	18749
Abingdon	GB	51.7	38676
Accrington	GB	53.8	34897
Acocks Green	GB	52.5	26635
Acton	GB	51.5	62480
Adwick le Street	GB	53.6	19481
Airdrie	GB	55.9	36390
Aldershot	GB	51.2	40160
Aldridge	GB	52.6	26896
Alfreton	GB	53.1	22550
Allerton	GB	53.4	15540
Alloa	GB	56.1	20390
Alton	GB	51.1	19425
Altrincham	GB	53.4	49680
Amersham	GB	51.7	21731
Amersham on the Hill	GB	51.7	17719
Ammanford	GB	51.8	23709
Ampthill	GB	52.0	20026
Andover	GB	51.2	42276
Antrim	GB	54.7	19661
Arbroath	GB	56.6	23640
Archway	GB	51.6	215667
Arnold	GB	53.0	37873
Ascot	GB	51.4	17899
Ashford	GB	51.1	62787
Ashington	GB	55.2	27670
Ashton in Makerfield	GB	53.5	26380
Ashton-under-Lyne	GB	53.5	43675
Aston	GB	52.5	32286
Atherton	GB	53.5	22000
Aylesbury	GB	51.8	74748
Ayr	GB	55.5	46260
Baildon	GB	53.8	15710
Ballymena	GB	54.9	28932
Banbridge	GB	54.4	16173
Banbury	GB	52.1	48651
Bangor	GB	54.7	61011
Banstead	GB	51.3	46280
Barking	GB	51.5	218534
Barnes	GB	51.5	21218
Barnet	GB	51.6	30000
Barnsley	GB	53.5	71447
Barnstaple	GB	51.1	31616
Barrhead	GB	55.8	17890
Barrow in Furness	GB	54.1	55489
Barry	GB	51.4	54673
Bartley Green	GB	52.4	22670
Basford	GB	53.0	16000
Basildon	GB	51.6	144859
Basingstoke	GB	51.3	107642
Bath	GB	51.4	101557
Bathgate	GB	55.9	23600
Batley	GB	53.7	39013
Battersea	GB	51.5	75651
Bayswater	GB	51.5	17500
Bearsden	GB	55.9	28470
Bebington	GB	53.4	57600
Beckenham	GB	51.4	60739
Becontree	GB	51.6	100000
Bedford	GB	52.1	106940
Bedlington	GB	55.1	18470
Bedworth	GB	52.5	31090
Belfast	GB	54.6	348005
Belle Vale	GB	53.4	15613
Bellshill	GB	55.8	19700
Belper	GB	53.0	23417
Bentley	GB	53.5	34821
Berkhamsted	GB	51.8	21997
Bethnal Green	GB	51.5	17590
Beverley	GB	53.8	30587
Bexhill-on-Sea	GB	50.9	43754
Bexley	GB	51.4	228000
Bicester	GB	51.9	33846
Biddulph	GB	53.1	17669
Bideford	GB	51.0	28672
Biggleswade	GB	52.1	16551
Billericay	GB	51.6	36338
Billingham	GB	54.6	35708
Bingley	GB	53.8	18040
Birkenhead	GB	53.4	325264
Birmingham	GB	52.5	1157603
Bishop Auckland	GB	54.7	26050
Bishopbriggs	GB	55.9	23680
Bishops Stortford	GB	51.9	40915
Bishopstoke	GB	51.0	17667
Blackburn	GB	53.8	146521
Blackheath	GB	51.5	25116
Blackpool	GB	53.8	145007
Blackwall	GB	51.5	19461
Blackwood	GB	51.7	15476
Blantyre	GB	55.8	17090
Blaydon-on-Tyne	GB	55.0	15155
Bletchley	GB	52.0	50193
Bloxwich	GB	52.6	40000
Blyth	GB	55.1	37339
Bodmin	GB	50.5	16909
Bognor Regis	GB	50.8	63885
Bolton	GB	53.6	141331
Bonnyrigg	GB	55.9	18320
Bootle	GB	53.5	57791
Bordon	GB	51.1	20978
Borehamwood	GB	51.7	36322
Boston	GB	53.0	45339
Bournemouth	GB	50.7	163600
Bow	GB	51.5	27720
Bowthorpe	GB	52.6	20000
Bracknell	GB	51.4	76103
Bradford	GB	53.8	366187
Braintree	GB	51.9	53477
Bramhall	GB	53.4	17195
Braunstone	GB	52.6	16850
Bredbury	GB	53.4	17040
Brent	GB	51.6	329100
Brentwood	GB	51.6	52586
Bridgend	GB	51.5	49597
Bridgwater	GB	51.1	41276
Bridlington	GB	54.1	35154
Brierley Hill	GB	52.5	28000
Brighouse	GB	53.7	32872
Brighton	GB	50.8	283870
Bristol	GB	51.5	479024
Briton Ferry	GB	51.6	35179
Brixham	GB	50.4	16693
Brixton	GB	51.5	66300
Broadstairs	GB	51.4	23283
Brockley	GB	51.5	17156
Bromsgrove	GB	52.3	34755
Brough	GB	53.7	19904
Broxburn	GB	55.9	15970
Brymbo	GB	53.1	18111
Buckley	GB	53.2	63576
Burgess Hill	GB	51.0	30635
Burngreave	GB	53.4	27481
Burnham-on-Sea	GB	51.2	23325
Burnley	GB	53.8	149422
Burntwood	GB	52.7	29244
Burton upon Trent	GB	52.8	122199
Bury	GB	53.6	61044
Bury St Edmunds	GB	52.2	41280
Bushey	GB	51.6	28416
Buxton	GB	53.3	20048
Caerphilly	GB	51.6	31060
Calne	GB	51.4	17274
Camberley	GB	51.3	30155
Camborne	GB	50.2	20450
Cambridge	GB	52.2	145674
Cambuslang	GB	55.8	30790
Camden Town	GB	51.5	26122
Canary Wharf	GB	51.5	73390
Canning Town	GB	51.5	42667
Cannock	GB	52.7	86121
Canterbury	GB	51.3	55087
Canvey Island	GB	51.5	38170
Cardiff	GB	51.5	372089
Carlisle	GB	54.9	78470
Carmarthen	GB	51.9	15854
Carrickfergus	GB	54.7	29208
Carshalton	GB	51.4	45525
Carterton	GB	51.8	15680
Castleford	GB	53.7	45106
Castlereagh	GB	54.6	56679
Caterham	GB	51.3	20957
Catford	GB	51.4	44905
Chadderton	GB	53.5	37602
Chalfont Saint Peter	GB	51.6	20059
Chalk Farm	GB	51.5	24977
Chapel Allerton	GB	53.8	18206
Chapeltown	GB	53.5	23056
Chatham	GB	51.4	80596
Cheadle Hulme	GB	53.4	28952
Chelmsford	GB	51.7	111511
Chelsea	GB	51.5	60000
Cheltenham	GB	51.9	118836
Chertsey	GB	51.4	15967
Chesham	GB	51.7	20649
Cheshunt	GB	51.7	43680
Chessington	GB	51.4	19433
Chester	GB	53.2	90524
Chester-le-Street	GB	54.9	36917
Chesterfield	GB	53.3	113057
Chichester	GB	50.8	31654
Chingford	GB	51.6	70583
Chippenham	GB	51.5	35800
Chislehurst	GB	51.4	15600
Chiswick	GB	51.5	34337
Chorley	GB	53.6	33888
Christchurch	GB	50.7	31372
Cirencester	GB	51.7	20229
City of Westminster	GB	51.5	247614
Clacton-on-Sea	GB	51.8	50548
Cleckheaton	GB	53.7	27393
Cleethorpes	GB	53.6	38996
Clevedon	GB	51.4	21002
Clydach	GB	51.7	19307
Clydebank	GB	55.9	25620
Coalville	GB	52.7	37661
Coatbridge	GB	55.9	43950
Cobham	GB	51.3	16724
Coity	GB	51.5	41352
Colchester	GB	51.9	130245
Coleraine	GB	55.1	25681
Colne	GB	53.9	20118
Colwyn Bay	GB	53.3	29275
Congleton	GB	53.2	26178
Conisbrough	GB	53.5	15934
Consett	GB	54.9	29137
Corby	GB	52.5	68164
Coulsdon	GB	51.3	25530
Coventry	GB	52.4	345324
Cowes	GB	50.8	21226
Cowley	GB	51.7	16500
Craigavon	GB	54.4	59236
Cramlington	GB	55.1	33180
Crawley	GB	51.1	124008
Crewe	GB	53.1	76437
Cricklewood	GB	51.6	65000
Crowborough	GB	51.1	21688
Crowthorne	GB	51.4	25522
Croydon	GB	51.4	173314
Cumbernauld	GB	55.9	50530
Cwmbran	GB	51.7	48535
Dagenham	GB	51.5	108368
Dalserf	GB	55.7	17985
Darlington	GB	54.5	92363
Dartford	GB	51.4	51240
Darton	GB	53.6	21345
Darwen	GB	53.7	32566
Daventry	GB	52.3	28123
Deal	GB	51.2	30917
Deeside	GB	53.2	32000
Denton	GB	53.5	27464
Derby	GB	52.9	270468
Derry	GB	55.0	83652
Devizes	GB	51.4	16834
Dewsbury	GB	53.7	61035
Didcot	GB	51.6	29341
Dinnington	GB	53.4	19860
Doncaster	GB	53.5	113566
Dorchester	GB	50.7	16879
Dorking	GB	51.2	17747
Dover	GB	51.1	41709
Droitwich	GB	52.3	23834
Dronfield	GB	53.3	21124
Droylsden	GB	53.5	23689
Dudley	GB	52.5	199059
Dukinfield	GB	53.5	21155
Dumbarton	GB	55.9	19950
Dumfries	GB	55.1	46500
Dundee	GB	56.5	148210
Dunfermline	GB	56.1	54990
Dunstable	GB	51.9	51973
Durham	GB	54.8	47785
Ealing Common	GB	51.5	15945
Earl Shilton	GB	52.6	19578
Earlsfield	GB	51.4	15562
East Barnet	GB	51.6	18100
East Dereham	GB	52.7	19256
East Grinstead	GB	51.1	26523
East Kilbride	GB	55.8	75310
East Molesey	GB	51.4	18565
Eastbourne	GB	50.8	101689
Eastleigh	GB	51.0	54225
Eastwood	GB	53.0	18612
Ebbw Vale	GB	51.8	33068
Eccles	GB	53.5	37275
Edinburgh	GB	56.0	514990
Edmonton	GB	51.6	82000
Egham	GB	51.4	29663
Elgin	GB	57.6	25040
Elland	GB	53.7	15625
Ellesmere Port Town	GB	53.3	65430
Eltham	GB	51.5	48964
Ely	GB	52.4	20574
Emsworth	GB	50.8	18777
Enfield Lock	GB	51.7	16469
Enfield Town	GB	51.7	156858
Epsom	GB	51.3	31489
Erskine	GB	55.9	15530
Esher	GB	51.4	52392
Evesham	GB	52.1	27684
Evington	GB	52.6	17268
Ewell	GB	51.3	39994
Exeter	GB	50.7	130709
Exmouth	GB	50.6	36204
Failsworth	GB	53.5	20555
Falkirk	GB	56.0	35310
Falmouth	GB	50.2	31988
Fareham	GB	50.9	42210
Farnborough	GB	51.3	60652
Farnham	GB	51.2	36971
Farnworth	GB	53.5	25680
Faversham	GB	51.3	23024
Fazakerley	GB	53.5	16374
Felixstowe	GB	52.0	24521
Felling	GB	55.0	34355
Feltham	GB	51.4	63368
Ferndown	GB	50.8	17650
Finchley	GB	51.6	65812
Fleet	GB	51.3	38726
Fleetwood	GB	53.9	26232
Flint	GB	53.2	26442
Folkestone	GB	51.1	66429
Formby	GB	53.6	23329
Fort William	GB	56.8	15757
Friern Barnet	GB	51.6	17250
Frinton-on-Sea	GB	51.8	16941
Frome	GB	51.2	26203
Fulham	GB	51.5	87161
Fulwood	GB	53.4	18233
Furzedown	GB	51.4	15504
Fylde	GB	53.8	76500
Gainsborough	GB	53.4	20537
Garston	GB	53.3	21403
Gateshead	GB	55.0	77649
Gelligaer	GB	51.7	17376
Gerrards Cross	GB	51.6	20633
Gillingham	GB	51.4	101187
Glasgow	GB	55.9	626410
Glen Parva	GB	52.6	17189
Glenrothes	GB	56.2	38360
Glossop	GB	53.4	17825
Gloucester	GB	51.9	132416
Godalming	GB	51.2	22689
Golborne	GB	53.5	24021
Golders Green	GB	51.6	18818
Goole	GB	53.7	20810
Gorseinon	GB	51.7	20581
Gosforth	GB	55.0	23975
Gosport	GB	50.8	81952
Grangemouth	GB	56.0	16120
Grantham	GB	52.9	44580
Gravesend	GB	51.4	54263
Grays	GB	51.5	89755
Great Malvern	GB	52.1	36770
Great Sankey	GB	53.4	43793
Great Wyrley	GB	52.7	19193
Great Yarmouth	GB	52.6	63434
Greenford	GB	51.5	38000
Greenock	GB	55.9	41280
Greenwich	GB	51.5	30578
Grimsby	GB	53.6	86138
Guildford	GB	51.2	71873
Guisborough	GB	54.5	16979
Guiseley	GB	53.9	21000
Hadleigh	GB	51.6	18300
Hadley Wood	GB	51.7	21639
Hailsham	GB	50.9	23411
Hale	GB	53.4	16715
Halesowen	GB	52.4	60097
Halewood	GB	53.4	20430
Halifax	GB	53.7	82624
Hamilton	GB	55.8	54480
Hampton	GB	51.4	20000
Hanworth	GB	51.4	23563
Harlesden	GB	51.5	17162
Harlow	GB	51.8	93300
Harpenden	GB	51.8	30674
Harringay	GB	51.6	16500
Harrogate	GB	54.0	89060
Harrow	GB	51.6	149246
Hartlepool	GB	54.7	88855
Hartley	GB	51.4	16302
Harwich	GB	51.9	20723
Haslemere	GB	51.1	17279
Haslingden	GB	53.7	15204
Hastings	GB	50.9	92855
Hatfield	GB	51.8	41265
Havant	GB	50.9	45574
Haverhill	GB	52.1	27041
Hawarden	GB	53.2	25513
Haydock	GB	53.5	17333
Hayes	GB	51.5	93928
Hayling Island	GB	50.8	16887
Haywards Heath	GB	51.0	33845
Hazel Grove	GB	53.4	20170
Heanor	GB	53.0	23122
Heavitree	GB	50.7	22000
Hebburn	GB	55.0	21345
Heckmondwike	GB	53.7	18149
Hedge End	GB	50.9	17978
Hemel Hempstead	GB	51.8	95961
Hereford	GB	52.1	60415
Herne Bay	GB	51.4	24875
Hertford	GB	51.8	25847
Heston	GB	51.5	37045
Heswall	GB	53.3	29075
Heysham	GB	54.0	17016
Heywood	GB	53.6	28024
High Blantyre	GB	55.8	16739
High Peak	GB	53.4	92666
High Wycombe	GB	51.6	133204
Highbury	GB	51.5	26664
Hinckley	GB	52.5	50712
Hindley	GB	53.5	25001
Hitchin	GB	51.9	35220
Hoddesdon	GB	51.8	35174
Holloway	GB	51.6	41329
Hook	GB	51.4	18973
Horley	GB	51.2	21232
Hornchurch	GB	51.6	25470
Horsforth	GB	53.8	19350
Horsham	GB	51.1	51472
Horwich	GB	53.6	18696
Houghton-Le-Spring	GB	54.8	36746
Hounslow	GB	51.5	66292
Hove	GB	50.8	75174
Hoyland Nether	GB	53.5	15842
Hucknall	GB	53.0	29728
Huddersfield	GB	53.6	149017
Humberstone	GB	52.6	18854
Huntingdon	GB	52.3	23937
Hunts Cross	GB	53.4	15740
Huyton	GB	53.4	54738
Hyde	GB	53.5	35895
Hythe	GB	50.9	20526
Ilford	GB	51.6	168168
Ilkeston	GB	53.0	40953
Inverness	GB	57.5	47790
Ipswich	GB	52.1	178835
Irlam	GB	53.4	19442
Irvine	GB	55.6	34130
Isle of Lewis	GB	58.2	18500
Isleworth	GB	51.5	25008
Islington	GB	51.5	319143
Jarrow	GB	55.0	29470
Johnstone	GB	55.8	15930
Keighley	GB	53.9	50171
Kempston	GB	52.1	19873
Kempston Hardwick	GB	52.1	20000
Kendal	GB	54.3	29147
Kenilworth	GB	52.3	22413
Kensington	GB	53.4	16522
Kettering	GB	52.4	56676
Keynsham	GB	51.4	19603
Kidderminster	GB	52.4	57400
Kidsgrove	GB	53.1	29480
Kilburn	GB	51.6	29027
Kilmarnock	GB	55.6	46970
Kilwinning	GB	55.7	16100
King's Lynn	GB	52.8	46093
Kingston upon Hull	GB	53.7	314018
Kingswinford	GB	52.5	20000
Kingswood	GB	51.5	40734
Kippax	GB	53.8	15965
Kirkby	GB	53.5	45564
Kirkby in Ashfield	GB	53.1	27539
Kirkcaldy	GB	56.1	50370
Kirkdale	GB	53.4	18657
Kirkintilloch	GB	55.9	19630
Lancaster	GB	54.0	47162
Lancing	GB	50.8	18692
Larkhall	GB	55.7	15030
Larne	GB	54.9	18421
Latchmere	GB	51.5	15358
Leatherhead	GB	51.3	43544
Leeds	GB	53.8	536280
Leek	GB	53.1	19385
Leicester	GB	52.6	368600
Leigh	GB	53.5	43626
Leighton Buzzard	GB	51.9	42727
Letchworth Garden City	GB	52.0	33990
Lewes	GB	50.9	17297
Leyland	GB	53.7	37614
Leytonstone	GB	51.6	54696
Lichfield	GB	52.7	34738
Limehouse	GB	51.5	15986
Lincoln	GB	53.2	103813
Lisburn	GB	54.5	77506
Litherland	GB	53.5	22971
Littlehampton	GB	50.8	58714
Liverpool	GB	53.4	496770
Liversedge	GB	53.7	19420
Livingston	GB	55.9	56840
Llandudno	GB	53.3	15371
Llanelli	GB	51.7	49591
Lofthouse	GB	53.7	23458
London	GB	51.5	8961989
Londonderry County Borough	GB	55.0	87153
Long Eaton	GB	52.9	47898
Longfield	GB	51.4	16808
Longsight	GB	53.5	16007
Longton	GB	53.0	27214
Loughborough	GB	52.8	64884
Loughton	GB	52.4	33346
Louth	GB	53.4	17382
Lower Earley	GB	51.4	32000
Lowestoft	GB	52.5	71327
Luton	GB	51.9	225262
Lytham St Annes	GB	53.7	42695
Macclesfield	GB	53.3	54345
Maesteg	GB	51.6	21001
Maghull	GB	53.5	26997
Maidenhead	GB	51.5	70374
Maidstone	GB	51.3	107627
Maldon	GB	51.7	23380
Maltby	GB	53.4	17513
Manchester	GB	53.5	568996
Manchester City Centre	GB	53.5	17861
Mangotsfield	GB	51.5	36427
Manor Park	GB	51.5	15318
Mansfield	GB	53.1	171958
Mansfield Woodhouse	GB	53.2	18330
March	GB	52.6	21051
Margate	GB	51.4	63322
Market Harborough	GB	52.5	24779
Marlow	GB	51.6	18261
Meikle Earnock	GB	55.8	54480
Melksham	GB	51.4	19357
Melton Mowbray	GB	52.8	27737
Mendip	GB	51.2	110000
Merthyr Tydfil	GB	51.7	43820
Mexborough	GB	53.5	15079
Middlesbrough	GB	54.6	142707
Middleton	GB	53.5	45589
Milton Keynes	GB	52.0	256385
Mirfield	GB	53.7	18800
Mitcham	GB	51.4	63393
Morden	GB	51.4	48233
Morecambe	GB	54.1	51644
Moreton	GB	53.4	17670
Morley	GB	53.7	57385
Motherwell	GB	55.8	32840
Mountsorrel	GB	52.7	17297
Musselburgh	GB	55.9	23620
Muswell Hill	GB	51.6	27992
Nailsea	GB	51.4	20543
Nantwich	GB	53.1	17226
Neath	GB	51.7	46126
Nelson	GB	53.8	29317
Neston	GB	51.4	15352
Nether Edge	GB	53.4	18890
New Cross	GB	51.5	15756
New Malden	GB	51.4	23818
New Mills	GB	53.4	17968
New Milton	GB	50.8	25546
Newark on Trent	GB	53.1	43363
Newburn	GB	55.0	41347
Newbury	GB	51.4	33065
Newcastle under Lyme	GB	53.0	127727
Newcastle upon Tyne	GB	55.0	300125
Newmarket	GB	52.2	20384
Newport	GB	51.6	161506
Newport Pagnell	GB	52.1	15067
Newquay	GB	50.4	20189
Newry	GB	54.2	27757
Newton Abbot	GB	50.5	36474
Newton Aycliffe	GB	54.6	26415
Newton Mearns	GB	55.8	28210
Newton-le-Willows	GB	53.5	24642
Newtownabbey	GB	54.7	63860
Newtownards	GB	54.6	29363
Nigg	GB	57.1	16400
Norbury	GB	51.4	16476
Norris Green	GB	53.4	19610
North Shields	GB	55.0	39747
North Watford	GB	51.7	33000
Northallerton	GB	54.3	16832
Northampton	GB	52.3	245899
Northolt	GB	51.5	26000
Northwich	GB	53.3	47421
Norwich	GB	52.6	143135
Notting Hill	GB	51.5	21000
Nottingham	GB	53.0	323632
Nuneaton	GB	52.5	88813
Oadby	GB	52.6	23849
Old Swan	GB	53.4	15596
Old Trafford	GB	53.5	21447
Oldham	GB	53.5	237110
Omagh	GB	54.6	21056
Ormskirk	GB	53.6	24073
Orpington	GB	51.4	15248
Ossett	GB	53.7	21861
Oswestry	GB	52.9	18743
Oxford	GB	51.8	162100
Paignton	GB	50.4	67520
Paisley	GB	55.8	77270
Palmers Green	GB	51.6	15162
Peacehaven	GB	50.8	18579
Peckham	GB	51.5	71552
Penarth	GB	51.4	23437
Penicuik	GB	55.8	16150
Penrith	GB	54.7	16700
Penzance	GB	50.1	19872
Perry Vale	GB	51.4	15618
Perth	GB	56.4	47350
Peterborough	GB	52.6	163379
Peterhead	GB	57.5	19060
Peterlee	GB	54.8	20300
Pimlico	GB	51.5	20709
Pinner	GB	51.6	19158
Pitsea	GB	51.6	25000
Plumstead	GB	51.5	16736
Plymouth	GB	50.4	260203
Plymstock	GB	50.4	24103
Ponders End	GB	51.6	15664
Pontefract	GB	53.7	44710
Pontypool	GB	51.7	35686
Pontypridd	GB	51.6	31206
Poole	GB	50.7	151500
Portadown	GB	54.4	32926
Porthcawl	GB	51.5	15672
Portishead	GB	51.5	26355
Portslade	GB	50.8	20000
Portsmouth	GB	50.8	208100
Potters Bar	GB	51.7	22639
Poulton-le-Fylde	GB	53.8	19914
Prescot	GB	53.4	40889
Prestatyn	GB	53.3	19085
Preston	GB	53.8	313332
Prestwich	GB	53.5	31500
Primrose Place	GB	52.6	17161
Pudsey	GB	53.8	25393
Purley	GB	51.3	72000
Putney	GB	51.5	77140
Queenstown	GB	51.5	15599
Radcliffe	GB	53.6	29950
Ramsbottom	GB	53.6	17067
Ramsgate	GB	51.3	42027
Rawmarsh	GB	53.5	18498
Rawtenstall	GB	53.7	23000
Rayleigh	GB	51.6	32380
Reading	GB	51.5	318014
Redcar	GB	54.6	37073
Redditch	GB	52.3	87847
Redhill	GB	51.2	51559
Redruth	GB	50.2	42690
Reigate	GB	51.2	21820
Renfrew	GB	55.9	24270
Retford	GB	53.3	22023
Rhondda	GB	51.7	69506
Rhosllannerchrugog	GB	53.0	25362
Rhyl	GB	53.3	25874
Richmond	GB	51.5	21469
Rickmansworth	GB	51.6	25413
Ripley	GB	53.0	21097
Ripon	GB	54.1	16363
Risca	GB	51.6	20443
Rochdale	GB	53.6	97550
Rochester	GB	51.4	28671
Rochford	GB	51.6	16739
Roehampton	GB	51.5	16132
Romford	GB	51.6	95000
Romsey	GB	51.0	17161
Rossendale	GB	53.7	67400
Rotherham	GB	53.4	117618
Rottingdean	GB	50.8	21756
Royal Leamington Spa	GB	52.3	50923
Royal Tunbridge Wells	GB	51.1	68910
Royston	GB	52.0	15781
Royton	GB	53.6	22848
Rugby	GB	52.4	78117
Rugeley	GB	52.8	26156
Ruislip	GB	51.6	31000
Runcorn	GB	53.3	61145
Rushden	GB	52.3	37584
Rutherglen	GB	55.8	30950
Ryde	GB	50.7	24096
Ryton	GB	52.6	16093
Saddleworth	GB	53.5	25441
Saffron Walden	GB	52.0	16610
Saint Andrews	GB	56.3	18410
Saint Ives	GB	52.3	16815
Saint Neots	GB	52.2	30811
Saint Peters	GB	51.4	125370
Sale	GB	53.4	62550
Salford	GB	53.5	129794
Salisbury	GB	51.1	44748
Saltash	GB	50.4	15566
Sandbach	GB	53.1	17976
Sandhurst	GB	51.3	20803
Sandown	GB	50.7	20155
Scarborough	GB	54.3	61749
Scunthorpe	GB	53.6	81576
Seaford	GB	50.8	22584
Seaham	GB	54.8	22373
Selby	GB	53.8	24859
Seven Sisters	GB	51.6	15968
Sevenoaks	GB	51.3	29506
Shadwell	GB	51.5	15110
Sheffield	GB	53.4	556500
Shepherds Bush	GB	51.5	39724
Shipley	GB	53.8	28544
Shirley	GB	52.4	32000
Shoreham-by-Sea	GB	50.8	19175
Shrewsbury	GB	52.7	76782
Sinfin	GB	52.9	15128
Sittingbourne	GB	51.3	54392
Skegness	GB	53.1	24876
Skelmersdale	GB	53.6	38813
Sleaford	GB	53.0	17359
Slough	GB	51.5	164793
Smethwick	GB	52.5	53653
Soho	GB	51.5	19634
Solihull	GB	52.4	126577
South Benfleet	GB	51.6	48824
South Croydon	GB	51.4	55198
South Elmsall	GB	53.6	18835
South Hayling	GB	50.8	15485
South Norwood	GB	51.4	16518
South Ockendon	GB	51.5	22440
South Ruislip	GB	51.6	16800
South Shields	GB	55.0	83655
Southall	GB	51.5	78253
Southampton	GB	50.9	269781
Southend-on-Sea	GB	51.5	295310
Southport	GB	53.6	91703
Southsea	GB	50.8	18514
Spalding	GB	52.8	30556
Speke	GB	53.3	21403
Spennymoor	GB	54.7	17766
St Albans	GB	51.8	84561
St Austell	GB	50.3	24360
St Helens	GB	53.5	183200
Stafford	GB	52.8	70145
Staines	GB	51.4	51040
Stalybridge	GB	53.5	26830
Stamford	GB	52.6	20592
Stamford Hill	GB	51.6	68050
Stanford-le-Hope	GB	51.5	29525
Stanley	GB	54.9	31300
Stapleford	GB	52.9	15453
Staveley	GB	53.3	25719
Stepney	GB	51.5	16238
Stevenage	GB	51.9	91774
Stirling	GB	56.1	37910
Stockport	GB	53.4	139052
Stockton-on-Tees	GB	54.6	79957
Stoke-on-Trent	GB	53.0	258366
Stourbridge	GB	52.5	56950
Stourport-on-Severn	GB	52.3	20586
Stowmarket	GB	52.2	21028
Stratford	GB	51.5	36666
Stratford-upon-Avon	GB	52.2	30495
Streatham	GB	51.4	58055
Stretford	GB	53.5	41953
Strood	GB	51.4	33381
Stroud	GB	51.8	60155
Sudbury	GB	52.0	23912
Sunbury-on-Thames	GB	51.4	27784
Sunderland	GB	54.9	170134
Surbiton	GB	51.4	38158
Sutton	GB	51.4	187600
Sutton Coldfield	GB	52.6	109899
Sutton in Ashfield	GB	53.1	36404
Swadlincote	GB	52.8	34576
Swanley	GB	51.4	21839
Swanscombe	GB	51.4	15801
Swansea	GB	51.6	300352
Swindon	GB	51.6	201669
Swinton	GB	53.5	22931
Tadley	GB	51.4	15836
Tamworth	GB	52.6	81964
Taunton	GB	51.0	64621
Telford	GB	52.7	155570
Tewkesbury	GB	52.0	20360
Thamesmead	GB	51.5	31824
Thatcham	GB	51.4	25464
Thetford	GB	52.4	24833
Thornaby-on-Tees	GB	54.5	22356
Thorne	GB	53.6	17295
Thornton-Cleveleys	GB	53.9	31157
Tipton	GB	52.5	47000
Tiverton	GB	50.9	22291
Tonbridge	GB	51.2	36115
Tonypandy	GB	51.6	62545
Tooting	GB	51.4	16239
Torquay	GB	50.5	65388
Tottenham	GB	51.6	130000
Tottenham Hale	GB	51.6	15064
Totteridge	GB	51.6	15159
Totton	GB	50.9	34169
Trowbridge	GB	51.3	40952
Truro	GB	50.3	23041
Tyldesley	GB	53.5	35932
Tynemouth	GB	55.0	60605
Uckfield	GB	51.0	18452
Upper Norwood	GB	51.4	16082
Urmston	GB	53.4	41731
Uxbridge	GB	51.5	70000
Vale of Leven	GB	56.0	24640
Viewpark	GB	55.8	16020
Wakefield	GB	53.7	109766
Walkden	GB	53.5	35616
Wallasey	GB	53.4	58794
Wallington	GB	51.4	20850
Wallsend	GB	55.0	42739
Walsall	GB	52.6	172141
Waltham Abbey	GB	51.7	22858
Walthamstow	GB	51.6	109424
Walton-on-Thames	GB	51.4	22834
Walton-on-the-Naze	GB	51.8	17458
Ware	GB	51.8	17576
Warminster	GB	51.2	17490
Warrington	GB	53.4	172330
Warwick	GB	52.3	37267
Washington	GB	54.9	67085
Washwood Heath	GB	52.5	32921
Waterlooville	GB	50.9	64350
Watford	GB	51.7	125707
Wath upon Dearne	GB	53.5	16964
Wealdstone	GB	51.6	18500
Wednesbury	GB	52.6	20313
Wednesfield	GB	52.6	33555
Welling	GB	51.5	41000
Wellingborough	GB	52.3	56564
Wellington	GB	52.7	22816
Welwyn Garden City	GB	51.8	51505
Wembley	GB	51.6	90045
West Bridgford	GB	52.9	36487
West Bromwich	GB	52.5	103112
West Ealing	GB	51.5	15169
West Ham	GB	51.5	15551
West Molesey	GB	51.4	18565
Westbury	GB	51.3	16989
Westhoughton	GB	53.5	26260
Weston-super-Mare	GB	51.3	82903
Weybridge	GB	51.4	19463
Weymouth	GB	50.6	53416
Whickham	GB	54.9	16625
Whitefield	GB	53.5	23545
Whitehaven	GB	54.5	22945
Whitley Bay	GB	55.0	38055
Whitstable	GB	51.4	32196
Wickford	GB	51.6	27535
Widnes	GB	53.4	61464
Wigan	GB	53.5	175405
Wigston Magna	GB	52.6	37260
Willenhall	GB	52.6	49587
Willesden	GB	51.5	44295
Wilmslow	GB	53.3	25725
Wimbledon	GB	51.4	68187
Wimborne Minster	GB	50.8	15552
Winchester	GB	51.1	46074
Windsor	GB	51.5	31560
Winsford	GB	53.2	30259
Wisbech	GB	52.7	32489
Wishaw	GB	55.8	30050
Witham	GB	51.8	25353
Witney	GB	51.8	29103
Woking	GB	51.3	103900
Wokingham	GB	51.4	41143
Wolverhampton	GB	52.6	263700
Wombwell	GB	53.5	15518
Wood Green	GB	51.6	28453
Woodford Green	GB	51.6	22803
Worcester	GB	52.2	101659
Worcester Park	GB	51.4	16031
Workington	GB	54.6	21275
Worksop	GB	53.3	44733
Worthing	GB	50.8	113866
Wrexham	GB	53.0	65692
Yarm	GB	54.5	19184
Yate	GB	51.5	23703
Yateley	GB	51.3	20334
Yeadon	GB	53.9	37379
Yeovil	GB	50.9	50176
York	GB	54.0	156135
Saint George's	GD	12.1	7500
Akhaltsikhe	GE	41.6	17445
Batumi	GE	41.6	186949
Gori	GE	42.0	41933
Khashuri	GE	42.0	23949
Kobuleti	GE	41.8	17538
Kutaisi	GE	42.3	135201
Marneuli	GE	41.5	26400
Poti	GE	42.1	41175
Rustavi	GE	41.6	128249
Samtredia	GE	42.2	20633
Sokhumi	GE	43.0	65439
Stantsiya Novyy Afon	GE	43.1	26636
Tbilisi	GE	41.7	1049498
Telavi	GE	41.9	19875
Ts’khinvali	GE	42.2	32180
Zestaponi	GE	42.1	20183
Zugdidi	GE	42.5	40067
Cayenne	GF	4.9	61550
Kourou	GF	5.2	24029
Matoury	GF	4.8	26350
Rémire-Montjoly	GF	4.9	19029
Saint-Laurent-du-Maroni	GF	5.5	24287
Saint Peter Port	GG	49.5	16488
Aburi	GH	5.8	18399
Accra	GH	5.6	1963264
Adenta	GH	5.7	50652
Aflao	GH	6.1	66546
Agogo	GH	6.8	46089
Ahwiaa	GH	6.8	32163
Akatsi	GH	6.1	31981
Akim Oda	GH	5.9	60604
Akwatia	GH	6.0	33784
Amanfrom	GH	5.5	119467
Anloga	GH	5.8	34050
Anyinam	GH	6.4	29748
Apam	GH	5.3	20147
Asamankese	GH	5.9	46061
Ashaiman	GH	5.7	190972
Assin Foso	GH	5.7	37230
Atebubu	GH	7.8	32641
Atronie	GH	7.2	29748
Atsiaman	GH	5.7	202932
Awoshi	GH	5.6	32426
Bawku	GH	11.1	76459
Bechem	GH	7.1	17000
Begoro	GH	6.4	29516
Bekwai	GH	6.5	32082
Berekum	GH	7.5	70536
Bibiani	GH	6.5	36487
Bimbila	GH	8.9	34262
Bolgatanga	GH	10.8	81958
Buduburam	GH	5.5	63217
Cape Coast	GH	5.1	212426
Dambai	GH	8.1	22445
Damongo	GH	9.1	23544
Domaa-Ahenkro	GH	7.3	37354
Dome	GH	5.7	48285
Duayaw-Nkwanta	GH	7.2	17000
Dunkwa	GH	6.0	42737
Dzodze	GH	6.2	30905
Effiduase	GH	6.8	30486
Ejura	GH	7.4	70807
Elmina	GH	5.1	34403
Elubo	GH	5.3	23952
Esim	GH	4.9	35487
Foso	GH	5.7	20078
Gbawe	GH	5.6	86718
Goaso	GH	6.8	21798
Ho	GH	6.6	130701
Hohoe	GH	7.2	92076
Japekrom	GH	7.6	96000
Jirapa	GH	10.5	91279
Kade	GH	6.1	30233
Kasoa	GH	5.5	86753
Keta	GH	5.9	18077
Kintampo	GH	8.1	53711
Koforidua	GH	6.1	151255
Konongo	GH	6.6	43585
Kpandu	GH	7.0	28334
Kumasi	GH	6.7	2544530
Lashibi	GH	5.7	49223
Mampong	GH	7.1	51745
Mandela	GH	5.6	77371
Mankesim	GH	5.3	41541
Medina Estates	GH	5.7	101207
Mim	GH	6.9	36211
Nalerigu	GH	10.5	17440
Navrongo	GH	10.9	25470
New Achimota	GH	5.6	37116
New Tafo	GH	6.7	30380
Nkawkaw	GH	6.5	47968
Nkoranza	GH	7.6	35401
Nsawam	GH	5.8	48885
Nsoatre	GH	7.4	30862
Nungua	GH	5.6	70483
Obuase	GH	6.2	179604
Osu	GH	5.6	44000
Prestea	GH	5.4	35611
Sakumona	GH	5.6	32886
Salaga	GH	8.6	25472
Saltpond	GH	5.2	24689
Savelugu	GH	9.6	40654
Sekondi	GH	4.9	285506
Sekondi-Takoradi	GH	4.9	138872
Shama Junction	GH	5.0	20946
Suhum	GH	6.0	50610
Sunyani	GH	7.3	92825
Swedru	GH	5.5	54417
Tafo	GH	6.7	50457
Taifa	GH	5.7	42623
Takoradi	GH	4.9	389114
Tamale	GH	9.4	464316
Tarkwa	GH	5.3	49937
Techiman	GH	7.6	84074
Tema	GH	5.7	155782
Tema New Town	GH	5.7	95837
Tepa	GH	7.0	18046
Teshi Old Town	GH	5.6	144013
Twifu Praso	GH	5.6	100851
Wa	GH	10.1	78107
Wankyi	GH	7.7	45877
Winneba	GH	5.4	71288
Yegyi	GH	8.2	30311
Yendi	GH	9.4	64676
Gibraltar	GI	36.1	26544
Nuuk	GL	64.2	14798
Abuko	GM	13.4	18978
Bakau	GM	13.5	43098
Bakau New Town	GM	13.5	30325
Bakoti	GM	13.4	20314
Banjul	GM	13.5	37274
Brikama	GM	13.3	97233
Brufut	GM	13.4	27664
Bununka Kunda	GM	13.4	66449
Busumbala	GM	13.3	28829
Dippa Kunda	GM	13.4	21190
Faji Kunda	GM	13.4	45757
Farafenni	GM	13.6	32883
Farato	GM	13.4	15017
Gunjur	GM	13.2	22741
Ibo Town	GM	13.4	27353
Kanifing	GM	13.4	17159
Kotu	GM	13.5	19634
Kunkujang	GM	13.4	19998
Lamin	GM	13.4	28500
Latri Kunda	GM	13.4	23724
Latri Sabiji	GM	13.4	18747
Manjai Kunda	GM	13.4	22327
Nema Kunku	GM	13.3	34390
New Jeshwang	GM	13.4	20878
Sanchaba	GM	13.4	25091
Sanyang	GM	13.3	15090
Serekunda	GM	13.4	340000
Sinchu Alagi	GM	13.4	19672
Soma	GM	13.4	15210
Sukuta	GM	13.4	56472
Talinding	GM	13.4	48687
Tanji	GM	13.3	17441
Welingara	GM	13.4	27856
Albadéria	GN	9.6	17147
Arfa Moussaïa	GN	10.8	16561
Banko	GN	10.7	23638
Beyla	GN	8.7	19848
Bissikrima	GN	10.8	28840
Boké	GN	10.9	63736
Camayenne	GN	9.5	1871242
Conakry	GN	9.5	1928389
Coyah	GN	9.7	77103
Dabola	GN	10.7	29449
Dinguiraye	GN	11.3	20993
Dixinn	GN	9.6	137287
Dogomet	GN	10.6	27748
Donghol-Sigon	GN	11.8	25222
Douako	GN	9.7	23416
Dubréka	GN	9.8	182296
Faranah	GN	10.0	70181
Forécariah	GN	9.4	23350
Fria	GN	10.4	64169
Gueckedou	GN	8.6	79140
Kamabi	GN	12.4	16178
Kamsar	GN	10.7	113350
Kankan	GN	10.4	221428
Kérouané	GN	9.3	26990
Kindia	GN	10.1	161024
Kintinian	GN	11.6	27969
Kissidougou	GN	9.2	116019
Kolaboui	GN	10.8	57251
Kolenté	GN	10.3	31312
Koumbia	GN	11.8	45970
Koundara	GN	12.5	22326
Kouroussa	GN	10.7	36295
Labé	GN	11.3	107571
Lola	GN	7.8	32555
Macenta	GN	8.5	68020
Mamou	GN	10.4	79109
Mandiana	GN	10.6	19110
Manéah	GN	9.7	194297
Moussadou	GN	8.8	16725
Nzérékoré	GN	7.8	226426
Pita	GN	11.1	25355
Sangarédi	GN	11.1	54824
Siguiri	GN	11.4	148018
Télimélé	GN	10.9	30311
Tougué	GN	11.4	25531
Wendou Borou	GN	11.4	25150
Yende Millimou	GN	8.9	20372
Baie-Mahault	GP	16.3	30837
Basse-Terre	GP	16.0	11472
Capesterre-Belle-Eau	GP	16.0	19821
Le Gosier	GP	16.2	28698
Le Moule	GP	16.3	22692
Les Abymes	GP	16.3	53514
Petit-Bourg	GP	16.2	24994
Pointe-à-Pitre	GP	16.2	15181
Sainte-Anne	GP	16.2	22859
Sainte-Rose	GP	16.3	20192
Bata	GQ	1.9	173046
Ciudad de la Paz	GQ	1.6	2000
Ebebiyin	GQ	2.2	24831
Malabo	GQ	3.8	155963
Acharnés	GR	38.1	99346
Agía Paraskeví	GR	38.0	59704
Agía Varvára	GR	38.0	26550
Ágioi Anárgyroi	GR	38.0	34168
Agios Dimitrios	GR	37.9	71294
Agios Ioannis Rentis	GR	38.0	15411
Agrínio	GR	38.6	46899
Aigáleo	GR	38.0	69946
Aígio	GR	38.2	20422
Alexandroupoli	GR	40.8	52979
Álimos	GR	37.9	41720
Amaliáda	GR	37.8	16763
Áno Liósia	GR	38.1	33565
Árgos	GR	37.6	22209
Argyroúpoli	GR	37.9	34097
Árta	GR	39.2	21895
Artémida	GR	38.0	21924
Asprópyrgos	GR	38.1	30251
Athens	GR	38.0	664046
Chaïdári	GR	38.0	45642
Chalkída	GR	38.5	59125
Chalkidóna	GR	40.7	30030
Chaniá	GR	35.5	53910
Chios	GR	38.4	23953
Cholargós	GR	38.0	30840
Chortiátis	GR	40.6	17862
Corfu	GR	39.6	40047
Dhafní	GR	38.0	22913
Dráma	GR	41.2	44823
Édessa	GR	40.8	18669
Efkarpía	GR	40.7	15416
Elefsína	GR	38.0	24910
Elefthério - Kordelió	GR	40.7	27067
Ellinikó	GR	37.9	16715
Évosmos	GR	40.7	74686
Flórina	GR	40.8	17686
Fylí	GR	38.1	48157
Galátsi	GR	38.0	59345
Gérakas	GR	38.0	29939
Giannitsá	GR	40.8	27817
Glyfáda	GR	37.9	87305
Ílion	GR	38.0	84793
Ilioúpoli	GR	37.9	78153
Ioánnina	GR	39.7	65574
Irákleio	GR	38.1	49642
Irákleion	GR	35.3	137154
Kaisarianí	GR	38.0	26370
Kalamariá	GR	40.6	91518
Kalamata	GR	37.0	54100
Kallithéa	GR	38.0	100641
Kamaterón	GR	38.1	29179
Kardítsa	GR	39.4	32789
Kateríni	GR	40.3	53293
Kavála	GR	40.9	54027
Keratsíni	GR	38.0	77077
Khalándrion	GR	38.0	74192
Kifisiá	GR	38.1	47332
Kilkís	GR	41.0	22914
Komotiní	GR	41.1	45631
Kórinthos	GR	37.9	30176
Koropí	GR	37.9	19164
Korydallós	GR	38.0	63445
Kos	GR	36.9	19244
Kozáni	GR	40.3	36481
Lagkadás	GR	40.8	37022
Lamía	GR	38.9	52006
Lárisa	GR	39.6	146926
Livadeiá	GR	38.4	21492
Maroúsi	GR	38.0	72333
Mégara	GR	38.0	23456
Melíssia	GR	38.0	22741
Metamórfosi	GR	38.1	29891
Moskháton	GR	37.9	25441
Mytilene	GR	39.1	28322
Náousa	GR	40.6	19887
Néa Erythraía	GR	38.1	18604
Néa Filadélfeia	GR	38.0	25734
Néa Ionía	GR	38.0	67134
Néa Mákri	GR	38.1	18114
Néa Smýrni	GR	37.9	73076
Neapoli	GR	40.7	25822
Níkaia	GR	38.0	89380
Oraiókastro	GR	40.7	20852
Orestiáda	GR	41.5	16221
Palaió Fáliro	GR	37.9	64021
Panórama	GR	40.6	17444
Pátra	GR	38.2	168034
Péfki	GR	38.1	21352
Peraía	GR	40.5	18326
Pérama	GR	38.0	25389
Peristéri	GR	38.0	139981
Petroúpolis	GR	38.0	58979
Piraeus	GR	37.9	163688
Políchni	GR	40.7	38887
Préveza	GR	39.0	17283
Ptolemaḯda	GR	40.5	30045
Pylaía	GR	40.6	36843
Pýrgos	GR	37.7	22399
Rethymno	GR	35.4	32468
Rhodes	GR	36.4	56128
Salamína	GR	38.0	25370
Sérres	GR	41.1	58287
Sparta	GR	37.1	16239
Stavroúpoli	GR	40.7	46008
Sykiés	GR	40.6	44955
Thessaloníki	GR	40.6	317778
Thívai	GR	38.3	32410
Tríkala	GR	39.6	61653
Trípoli	GR	37.5	26561
Vári	GR	37.8	16717
Véroia	GR	40.5	44464
Volos	GR	39.4	86048
Voúla	GR	37.8	28364
Vrilissia	GR	38.0	30741
Výronas	GR	38.0	61308
Xánthi	GR	41.1	48221
Zográfos	GR	38.0	71026
Grytviken	GS	-54.3	2
Alotenango	GT	14.5	23986
Amatitlán	GT	14.5	71836
Antigua Guatemala	GT	14.6	46054
Asunción Mita	GT	14.3	48297
Barberena	GT	14.3	47093
Cabricán	GT	15.1	23033
Cantel	GT	14.8	42142
Chicacao	GT	14.5	60735
Chichicastenango	GT	14.9	141567
Chimaltenango	GT	14.7	96985
Chinautla	GT	14.7	104972
Chiquimula	GT	14.8	111505
Chisec	GT	15.8	17018
Ciudad Vieja	GT	14.5	33405
Coatepeque	GT	14.7	105415
Cobán	GT	15.5	212047
Colomba	GT	14.7	47544
Comalapa	GT	14.7	32312
Comitancillo	GT	15.1	59489
Cuilapa	GT	14.3	41359
El Asintal	GT	14.6	17388
El Estor	GT	15.5	20489
El Palmar	GT	14.7	15167
El Tejar	GT	14.6	15639
Escuintla	GT	14.3	156313
Esquipulas	GT	14.6	20674
Flores	GT	16.9	20464
Fraijanes	GT	14.5	58922
Gualán	GT	15.1	19354
Guastatoya	GT	14.9	24831
Guatemala City	GT	14.6	994938
Guazacapán	GT	14.1	18855
Huehuetenango	GT	15.3	79426
Jacaltenango	GT	15.7	37171
Jalapa	GT	14.6	159840
Jalpatagua	GT	14.1	28832
Jocotenango	GT	14.6	17918
Jutiapa	GT	14.3	145880
La Esperanza	GT	14.9	16461
La Gomera	GT	14.1	24001
Lívingston	GT	15.8	17923
Malacatán	GT	14.9	92816
Masagua	GT	14.2	45323
Mazatenango	GT	14.5	77431
Mixco	GT	14.6	465773
Momostenango	GT	15.0	31739
Morales	GT	15.5	18994
Nahualá	GT	14.8	27690
Nebaj	GT	15.4	23301
Nuevo San Carlos	GT	14.6	39565
Ostuncalco	GT	14.9	51828
Palencia	GT	14.7	18574
Palín	GT	14.4	65873
Panzos	GT	15.4	71846
Patulul	GT	14.4	40683
Patzicía	GT	14.6	21249
Patzún	GT	14.7	58240
Petapa	GT	14.5	135447
Poptún	GT	16.3	17320
Puerto Barrios	GT	15.7	100593
Puerto San José	GT	13.9	18655
Quetzaltenango	GT	14.8	180706
Rabinal	GT	15.1	15157
Retalhuleu	GT	14.5	90505
Salamá	GT	15.1	65275
Salcajá	GT	14.9	19434
San Andrés Itzapa	GT	14.6	24992
San Andrés Xecul	GT	14.9	15074
San Benito	GT	16.9	30764
San Cristóbal Verapaz	GT	15.4	19664
San Felipe	GT	14.6	24446
San Francisco El Alto	GT	14.9	57894
San Francisco Zapotitlán	GT	14.6	22533
San José Pinula	GT	14.5	79844
San Juan Sacatepéquez	GT	14.7	136886
San Lucas Sacatepéquez	GT	14.6	20723
San Luis Jilotepeque	GT	14.6	24679
San Marcos	GT	15.0	47063
San Pablo Jocopilas	GT	14.6	20433
San Pedro Ayampuc	GT	14.8	58609
San Pedro Carchá	GT	15.5	16353
San Pedro Sacatepéquez	GT	15.0	40021
San Sebastián	GT	14.6	29167
Sanarate	GT	14.8	15843
Santa Bárbara	GT	14.4	17172
Santa Catarina Pinula	GT	14.6	80582
Santa Cruz del Quiché	GT	15.0	78279
Santa Lucía Cotzumalguapa	GT	14.3	112780
Santa María de Jesús	GT	14.5	21795
Santiago Atitlán	GT	14.6	33309
Santiago Sacatepéquez	GT	14.6	29238
Sololá	GT	14.8	45373
Soloma	GT	15.7	49030
Sumpango	GT	14.6	28488
Tecpán Guatemala	GT	14.8	34519
Tiquisate	GT	14.3	18189
Totonicapán	GT	14.9	103952
Villa Canales	GT	14.5	155423
Villa Nueva	GT	14.5	618397
Yepocapa	GT	14.5	34948
Zacapa	GT	15.0	60424
Zaragoza	GT	14.6	24022
Dededo Village	GU	13.5	44943
Hagåtña	GU	13.5	1051
Mangilao Village	GU	13.4	15191
Tamuning	GU	13.5	19685
Tamuning-Tumon-Harmon Village	GU	13.5	19685
Yigo Village	GU	13.5	20539
Bafatá	GW	12.2	33502
Bairro Militar	GW	11.9	65274
Belem	GW	11.9	17263
Bissau	GW	11.9	439704
Contumo	GW	11.8	45482
Gabú	GW	12.3	49371
Luanda	GW	11.9	25236
Missira	GW	11.9	38838
Plaque	GW	11.9	27633
Quelele	GW	11.9	28898
Reino de Antula	GW	11.9	30778
Reino de Bandim	GW	11.8	44718
Santa-Luzia	GW	11.9	17204
Sintra-Nema	GW	11.9	21451
Xitole	GW	11.7	19424
Georgetown	GY	6.8	235017
Linden	GY	6.0	44690
New Amsterdam	GY	6.2	35039
Aberdeen	HK	22.2	157400
Aldrich Bay	HK	22.3	17925
Braemar Hill	HK	22.3	16171
Butterfly	HK	22.4	15488
Chek Chue	HK	22.2	20683
Cheung Chau	HK	22.2	19769
Choi Hung Estate	HK	22.3	17817
Choi Wan	HK	22.3	38405
Choi Wan Estate (I & II)	HK	22.3	25241
Chuk Yuen	HK	22.3	28645
Chuk Yuen North Estate	HK	22.3	16989
City Garden	HK	22.3	15212
City One	HK	22.4	15407
Discovery Bay	HK	22.3	19336
Discovery Park	HK	22.4	17325
Fairview Park	HK	22.5	20268
Fanling	HK	22.5	263200
Fo Tan	HK	22.4	22127
Fortress Hill	HK	22.3	15464
Fu Cheong Estate	HK	22.3	15655
Ha Tsuen	HK	22.4	21060
Hang Hau	HK	22.3	36529
Heng Fa Chuen	HK	22.3	17963
Ho Man Tin	HK	22.3	19830
Hoi Lai Estate	HK	22.3	16071
Hok Yuen	HK	22.3	18091
Hong Kong	HK	22.3	7396076
Hong Kong Island	HK	22.3	1195529
Hong Lok Yuen	HK	22.5	20389
Jordan	HK	22.3	41537
Kadoorie	HK	22.3	17422
Kai Tak	HK	22.3	42552
Kam Tin	HK	22.4	21876
Kam Ying	HK	22.4	16691
Keng Hau	HK	22.4	18707
Kennedy Town	HK	22.3	38000
Kowloon	HK	22.3	2232339
Kowloon City	HK	22.3	418732
Kowloon City Centre	HK	22.3	194290
Kowloon Tong	HK	22.3	18849
Kowloon West End	HK	22.3	74710
Kwai Chung	HK	22.4	331600
Kwun Tong	HK	22.3	16766
Laguna City	HK	22.3	22718
Laguna Verde	HK	22.3	18091
Lam Tin	HK	22.3	18666
Lee On	HK	22.4	15621
Lei Tung	HK	22.2	26350
Lei Tung Estate	HK	22.2	18575
Leighton Hill	HK	22.3	29160
LOHAS Park	HK	22.3	50000
Lower Wong Tai Sin Estate (I & II)	HK	22.3	29542
Ma On Shan	HK	22.4	215200
Ma Tau Wai	HK	22.3	20185
Mei Foo	HK	22.3	45990
Mei Foo Sun Chuen	HK	22.3	37299
Mid Levels	HK	22.3	15464
Mong Kok	HK	22.3	62967
Mount Davis	HK	22.3	16030
Nam Cheong	HK	22.3	74780
New Territories	HK	22.4	3984077
Oi Man Estate	HK	22.3	17407
Olympic	HK	22.3	19373
Pak Tin Estate	HK	22.3	16843
Pat Heung	HK	22.4	40357
Ping Shan	HK	22.4	45400
Pok Fu Lam	HK	22.3	77100
Pok Hong	HK	22.4	15817
Prince Edward	HK	22.3	15481
Sai Kung	HK	22.4	35800
Sai Wan Ho	HK	22.3	18771
Sam Shing	HK	22.4	16423
San Po Kong	HK	22.3	18199
San Tin	HK	22.5	19617
San Tung Chung Hang	HK	22.3	116000
Sau Mau Ping	HK	22.3	54218
Sha Tin	HK	22.4	495200
Sha Tin Wai	HK	22.4	80000
Sham Shui Po	HK	22.3	431090
Sham Tseng	HK	22.4	25893
Shap Pat Heung	HK	22.4	77775
Shek Kip Mei	HK	22.3	18078
Shek Kip Mei Estate	HK	22.3	25561
Shek Lei	HK	22.4	31788
Shek O	HK	22.2	20683
Sheung Shui	HK	22.5	20514
Shuen Wan	HK	22.5	22465
Shui Chuen O	HK	22.4	19719
Siu Lek Yuen	HK	22.4	57349
Siu Sai Wan Estate	HK	22.3	18803
So Uk	HK	22.3	18956
So Uk Estate	HK	22.3	18748
South Horizons	HK	22.2	29391
South Horizons (Estate)	HK	22.2	29180
Sun Tin Wai	HK	22.4	16628
Sung Wong Toi	HK	22.3	19078
Tai Kok Tsui	HK	22.3	33801
Tai Koo	HK	22.3	35373
Tai Mei Tuk	HK	22.5	17544
Tai Po	HK	22.5	274100
Tai Shui Hang	HK	22.4	17647
Tai Wai	HK	22.4	19924
Tai Wo Hau	HK	22.4	20848
Taikoo Shing	HK	22.3	34799
Tak Long Estate	HK	22.3	18720
The Peak	HK	22.3	19202
Tin Shui Wai	HK	22.5	286232
Tin Wan	HK	22.3	16811
Ting Kau	HK	22.4	17009
Tiu Keng Leng	HK	22.3	51751
To Kwa Wan	HK	22.3	15646
Tseung Kwan O	HK	22.3	412900
Tsim Sha Tsui	HK	22.3	24557
Tsing Yi Town	HK	22.4	182100
Tsuen Wan	HK	22.4	318916
Tsz Ching Estate	HK	22.4	21845
Tsz Wan Shan	HK	22.4	37242
Tuen Mun	HK	22.4	507900
Tuen Mun San Hui	HK	22.4	19398
Tung Chung	HK	22.3	114100
Tung Tau Estate	HK	22.3	15440
Un Chau Estate	HK	22.3	18670
Victoria	HK	22.3	956800
Wah Fu	HK	22.3	26275
Wan Chai	HK	22.3	166695
Wang Tau Hom	HK	22.3	16936
Wang Tau Hom Estate	HK	22.3	16794
Whampoa	HK	22.3	39134
Whampoa Garden	HK	22.3	30038
Wo Che	HK	22.4	17572
Wong Chuk Hang	HK	22.2	16316
Wong Tai Sin	HK	22.4	425235
Wu Kai Sha	HK	22.4	23511
Yau Ma Tei	HK	22.3	29644
Yau Tong	HK	22.3	34755
Yeung Uk Tsuen	HK	22.4	16236
Yiu Tung Estate	HK	22.3	15061
Yuen Long	HK	22.4	200000
Yuen Long Kau Hui	HK	22.4	169600
Yuen Long San Hui	HK	22.4	200000
Arizona	HN	15.6	25320
Atima	HN	14.9	17648
Azacualpa	HN	14.7	20210
Belén Gualcho	HN	14.5	15983
Catacamas	HN	14.9	140548
Choloma	HN	15.6	139100
Ciudad Choluteca	HN	13.3	75872
Cofradía	HN	15.4	20353
Colomoncagua	HN	13.9	18484
Comayagua	HN	14.5	58784
Corquín	HN	14.6	19145
Cucuyagua	HN	14.6	16707
Danlí	HN	14.0	233789
Dulce Nombre de Culmí	HN	15.1	30543
El Negrito	HN	15.3	50550
El Paraíso	HN	13.9	18779
El Progreso	HN	15.4	100810
El Rosario	HN	14.6	30042
Erandique	HN	14.2	15633
Esquías	HN	14.7	21009
Gualaco	HN	15.0	22327
Iriona	HN	16.0	21207
Juticalpa	HN	14.7	33686
La Ceiba	HN	15.8	222055
La Iguala	HN	14.6	26805
La Lima	HN	15.4	45955
La Paz	HN	14.3	17555
Langue	HN	13.6	20944
Lepaera	HN	14.8	37876
Macuelizo	HN	15.3	34401
Marcovia	HN	13.3	24646
Morocelí	HN	14.1	17153
Olanchito	HN	15.5	124286
Omoa	HN	15.8	58172
Potrerillos	HN	15.2	26954
Puerto Cortez	HN	15.8	142311
Quimistán	HN	15.3	47993
Sabá	HN	15.5	33879
Sabanagrande	HN	13.8	23943
San Antonio de Cortés	HN	15.1	22884
San Francisco de Yojoa	HN	15.0	24740
San José de Colinas	HN	15.0	18791
San Juan de Flores	HN	14.3	16070
San Lorenzo	HN	13.4	22289
San Luis	HN	15.1	24606
San Pedro de Copán	HN	14.6	63829
San Pedro Sula	HN	15.5	801259
Santa Bárbara	HN	14.9	15119
Santa Cruz de Yojoa	HN	15.0	97848
Santa Rita	HN	15.2	21536
Santa Rosa de Copán	HN	14.8	27753
Siguatepeque	HN	14.6	127468
Sonaguera	HN	15.6	48087
Sulaco	HN	14.9	18161
Tegucigalpa	HN	14.1	850848
Tela	HN	15.8	29325
Teupasenti	HN	14.2	43477
Tocoa	HN	15.7	111972
Victoria	HN	14.9	34215
Villa de San Antonio	HN	14.3	32419
Villanueva	HN	15.3	31571
Yamaranguila	HN	14.3	21633
Yorito	HN	15.1	19824
Yoro	HN	15.1	15774
Bjelovar	HR	45.9	24392
Čakovec	HR	46.4	15078
Centar	HR	45.8	37000
Đakovo	HR	45.3	16875
Dubrovnik	HR	42.6	26922
Karlovac	HR	45.5	41869
Koprivnica	HR	46.2	22262
Liberpolis	HR	45.8	63
Osijek	HR	45.6	75535
Požega	HR	45.3	16867
Pula	HR	44.9	52220
Rijeka	HR	45.3	107964
Samobor	HR	45.8	16911
Sesvete	HR	45.8	55313
Šibenik	HR	43.7	31115
Sisak	HR	45.5	27859
Slavonski Brod	HR	45.2	45005
Solin	HR	43.5	20996
Split	HR	43.5	149830
Varaždin	HR	46.3	36187
Velika Gorica	HR	45.7	30036
Vinkovci	HR	45.3	28111
Vukovar	HR	45.4	22255
Zadar	HR	44.1	67309
Zagreb	HR	45.8	663592
Zaprešić	HR	45.9	18768
Arcahaie	HT	18.8	130306
Cap-Haïtien	HT	19.8	134815
Carrefour	HT	18.5	511345
Cité Soleil	HT	18.6	265072
Croix-des-Bouquets	HT	18.6	229127
Delmas	HT	18.5	395260
Désarmes	HT	19.0	15594
Dessalines	HT	19.3	181903
Fond Parisien	HT	18.5	18256
Gonaïves	HT	19.4	84961
Grand Gosier	HT	18.2	17059
Grangwav	HT	18.4	49288
Gressier	HT	18.5	25947
Hinche	HT	19.1	18590
Jacmel	HT	18.2	137966
Jérémie	HT	18.6	97503
Kenscoff	HT	18.4	42175
Lenbe	HT	19.7	32645
Léogâne	HT	18.5	134190
Les Cayes	HT	18.2	125799
Miragoâne	HT	18.4	89202
Pétionville	HT	18.5	376834
Port-au-Prince	HT	18.5	1234742
Port-de-Paix	HT	19.9	306217
Saint-Marc	HT	19.1	266642
Saint-Michel de l'Atalaye	HT	19.4	95216
Saint-Raphaël	HT	19.4	37739
Terrier Rouge	HT	19.6	21328
Thomazeau	HT	18.7	52017
Ti Port-de-Paix	HT	19.9	34657
Tigwav	HT	18.4	117504
Verrettes	HT	19.1	48724
Abony	HU	47.2	16342
Ajka	HU	47.1	31407
Alsórákos	HU	47.5	29023
Angyalföld	HU	47.5	62006
Baja	HU	46.2	37714
Balmazújváros	HU	47.6	18012
Békés	HU	46.8	21198
Békéscsaba	HU	46.7	59732
Buda	HU	47.5	510108
Budafok	HU	47.4	26782
Budaörs	HU	47.5	25089
Budapest	HU	47.5	1741041
Budapest I. kerület	HU	47.5	24728
Budapest II. kerület	HU	47.5	88729
Budapest III. kerület	HU	47.5	123723
Budapest IV. kerület	HU	47.6	98374
Budapest V. kerület	HU	47.5	26284
Budapest VI. kerület	HU	47.5	42120
Budapest VIII. kerület	HU	47.5	82222
Budapest XI. kerület	HU	47.5	139049
Budapest XII. kerület	HU	47.5	56544
Budapest XIII. kerület	HU	47.5	113531
Budapest XIX. kerület	HU	47.5	61610
Budapest XV. kerület	HU	47.6	80218
Budapest XVI. kerület	HU	47.5	68484
Budapest XVII. kerület	HU	47.5	78250
Budapest XVIII. kerület	HU	47.4	93225
Budapest XX. kerület	HU	47.4	63371
Budapest XXI. kerület	HU	47.4	76339
Budapest XXII. kerület	HU	47.4	50499
Budapest XXIII. kerület	HU	47.4	20387
Cegléd	HU	47.2	39287
Csepel-Csillagtelep	HU	47.4	18527
Csepel-Királyerdő	HU	47.4	15917
Csongrád	HU	46.7	18580
Dabas	HU	47.2	16590
Debrecen	HU	47.5	202402
Diósgyőr	HU	48.1	18065
Dombóvár	HU	46.4	20748
Dunaharaszti	HU	47.4	16973
Dunakeszi	HU	47.6	30246
Dunaújváros	HU	47.0	50084
Eger	HU	47.9	53876
Érd	HU	47.4	62408
Erzsébetváros	HU	47.5	62000
Esztergom	HU	47.8	28785
Ferencváros	HU	47.5	59056
Fót	HU	47.6	16770
Göd	HU	47.7	15874
Gödöllő	HU	47.6	32374
Gyál	HU	47.4	21937
Gyomaendrőd	HU	46.9	15194
Gyöngyös	HU	47.8	32938
Győr	HU	47.7	129301
Gyula	HU	46.6	32269
Hajdúböszörmény	HU	47.7	31957
Hajdúnánás	HU	47.9	18032
Hajdúszoboszló	HU	47.5	23781
Hatvan	HU	47.7	20228
Hódmezővásárhely	HU	46.4	44009
Jászberény	HU	47.5	27439
Józsefváros	HU	47.5	76957
Kalocsa	HU	46.5	18242
Kaposvár	HU	46.4	64280
Karcag	HU	47.3	22370
Kazincbarcika	HU	48.3	32396
Kecskemét	HU	46.9	109847
Kelenföld	HU	47.5	53332
Keszthely	HU	46.8	19652
Kiskőrös	HU	46.6	15091
Kiskunfélegyháza	HU	46.7	31720
Kiskunhalas	HU	46.4	29354
Kispest	HU	47.5	61453
Kisvárda	HU	48.2	18190
Kőbánya	HU	47.5	78414
Komárom	HU	47.7	18805
Komló	HU	46.2	26924
Középső-Ferencváros	HU	47.5	34036
Lágymányos	HU	47.5	19741
Makó	HU	46.2	25135
Mátészalka	HU	48.0	18718
Mátyásföld	HU	47.5	19869
Mezőkövesd	HU	47.8	17701
Mezőtúr	HU	47.0	19168
Miskolc	HU	48.1	154521
Mohács	HU	46.0	18711
Monor	HU	47.4	21720
Mosonmagyaróvár	HU	47.9	30359
Nagykanizsa	HU	46.5	47349
Nagykőrös	HU	47.0	23517
Naphegy	HU	47.5	24728
Nyíregyháza	HU	48.0	117689
Óbuda	HU	47.5	33836
Óhegy	HU	47.5	25842
Orosháza	HU	46.6	31373
Oroszlány	HU	47.5	20271
Ózd	HU	48.2	30056
Paks	HU	46.6	20638
Pápa	HU	47.3	32990
Pécs	HU	46.1	145347
Pest	HU	47.5	1001748
Pesterzsébet	HU	47.4	36045
Pestlőrinc	HU	47.4	58722
Püspökladány	HU	47.3	15990
Rákoskeresztúr	HU	47.5	24971
Rákospalota	HU	47.6	38530
Rákosszentmihály	HU	47.5	23098
Salgótarján	HU	48.1	34627
Sárvár	HU	47.3	15343
Sashalom	HU	47.5	15288
Sátoraljaújhely	HU	48.4	18052
Siófok	HU	46.9	23028
Sopron	HU	47.7	62246
Szarvas	HU	46.9	18170
Százhalombatta	HU	47.3	17566
Szeged	HU	46.3	160766
Székesfehérvár	HU	47.2	101600
Szekszárd	HU	46.3	34174
Szentendre	HU	47.7	23606
Szentes	HU	46.7	27898
Szigetszentmiklós	HU	47.3	24874
Szolnok	HU	47.2	71285
Szombathely	HU	47.2	78025
Tapolca	HU	46.9	17598
Tata	HU	47.7	23217
Tatabánya	HU	47.6	65849
Tiszaújváros	HU	47.9	17295
Törökszentmiklós	HU	47.2	22770
Újlipótváros	HU	47.5	36888
Újpalota	HU	47.5	36259
Újpest	HU	47.6	100694
Újszeged	HU	46.2	25300
Vác	HU	47.8	35108
Várpalota	HU	47.2	21299
Vecsés	HU	47.4	19327
Veresegyház	HU	47.6	18122
Veszprém	HU	47.1	56927
Zalaegerszeg	HU	46.8	61898
Zugló	HU	47.5	130000
Abepura	ID	-2.6	62248
Adiwerna	ID	-6.9	134188
Agats	ID	-5.5	23869
Airmadidi	ID	1.4	31446
Amahai	ID	-3.3	50478
Ambarawa	ID	-7.3	65096
Ambon	ID	-3.7	347288
Amlapura	ID	-8.4	31869
Amlapura city	ID	-8.4	31869
Amuntai	ID	-2.4	55560
Arjawinangun	ID	-6.6	105845
Astanajapura	ID	-6.8	148047
Atambua	ID	-9.1	82196
Babat	ID	-7.1	27038
Baekrajan	ID	-6.8	57920
Baki	ID	-7.6	58909
Balai Pungut	ID	1.1	56452
Balapulang	ID	-7.0	28483
Balikpapan	ID	-1.3	695287
Balung	ID	-7.7	47631
Bambanglipuro	ID	-8.0	44713
Banda Aceh	ID	5.5	267962
Bandar	ID	2.0	31442
Bandar Lampung	ID	-5.4	1166066
Bandung	ID	-6.9	2528163
Bangil	ID	-7.6	85504
Bangkalan	ID	-7.0	86250
Banjar	ID	-7.2	209791
Banjaran	ID	-7.0	164952
Banjarbaru	ID	-3.4	293332
Banjarmasin	ID	-3.3	657663
Bantul	ID	-7.9	64360
Banyumas	ID	-7.5	48378
Banyuwangi	ID	-8.2	117558
Barabai	ID	-2.6	55956
Barus	ID	2.0	18346
Batam	ID	1.1	1296960
Batang	ID	-6.5	139492
Batu	ID	-7.9	225408
Batubulan	ID	-8.6	28131
Baturaden	ID	-7.3	42394
Baturaja	ID	-4.1	134759
Baubau	ID	-5.5	161280
Bedugul	ID	-8.5	20000
Bekasi	ID	-6.2	2648272
Belawan	ID	3.8	102707
Bengkayang	ID	0.8	33385
Bengkulu	ID	-3.8	397321
Benoa	ID	-8.8	39570
Berastagi	ID	3.2	48244
Besuki	ID	-7.7	55465
Biak	ID	-1.2	41731
Bima	ID	-8.5	165113
Binjai	ID	3.6	279302
Bintuni	ID	-2.1	24742
Bireun	ID	5.2	47670
Bitung	ID	1.4	225134
Blangpidie	ID	3.7	24085
Blitar	ID	-8.1	161204
Blora	ID	-7.0	51811
Bogor	ID	-6.6	1078351
Bojonegoro	ID	-7.2	86568
Bondowoso	ID	-7.9	69783
Bontang	ID	0.1	194606
Boyolali	ID	-7.5	59851
Boyolangu	ID	-8.1	32287
Buaran	ID	-7.0	38770
Buduran	ID	-7.4	48152
Bukittinggi	ID	-0.3	121028
Bulakamba	ID	-6.9	27367
Bungku	ID	-2.5	25477
Candi Prambanan	ID	-7.8	44925
Caringin	ID	-6.7	91845
Ceper	ID	-7.7	28646
Cepu	ID	-7.1	55055
Ciamis	ID	-7.3	109839
Ciampea	ID	-6.6	207212
Cianjur	ID	-6.8	174587
Cibinong	ID	-6.5	363424
Cicurug	ID	-6.8	88965
Cikampek	ID	-6.4	127173
Cikarang	ID	-6.3	106479
Cikupa	ID	-6.2	174041
Cilacap	ID	-7.7	256996
Cilegon	ID	-6.0	470378
Cileungsir	ID	-6.4	289833
Cileunyi	ID	-6.9	111476
Cimahi	ID	-6.9	581994
Ciputat	ID	-6.2	207858
Ciranjang-hilir	ID	-6.8	77758
Cirebon	ID	-6.7	344851
Citeureup	ID	-6.5	214668
Colomadu	ID	-7.5	26274
Comal	ID	-6.9	51092
Curug	ID	-6.3	191406
Curup	ID	-3.5	46245
Dalung	ID	-8.6	30228
Dampit	ID	-8.2	23094
Daruba	ID	2.1	23566
Delanggu	ID	-7.6	24440
Deli Tua	ID	3.5	27940
Demak	ID	-6.9	27251
Denpasar	ID	-8.7	670210
Depok	ID	-6.4	2163635
Diwek	ID	-7.6	41719
Dobo	ID	-5.8	52104
Dompu	ID	-8.5	54987
Driyorejo	ID	-7.4	26827
Dukuhturi	ID	-6.9	98074
Dumai	ID	1.7	349389
Ende	ID	-8.8	87269
Fakfak	ID	-2.9	18900
Galesong	ID	-5.3	83050
Gambiran Satu	ID	-8.4	22525
Gampengrejo	ID	-7.8	49118
Gamping Lor	ID	-7.8	66110
Garut	ID	-7.2	131809
Gatak	ID	-7.6	48959
Gebog	ID	-6.7	43756
Gedangan	ID	-7.4	79230
Genteng	ID	-8.4	79652
Godean	ID	-7.8	63164
Gombong	ID	-7.6	50950
Gongdanglegi Kulon	ID	-8.2	22468
Gorontalo	ID	0.5	205390
Gresik	ID	-7.2	73629
Grogol	ID	-7.6	100613
Gunungsitoli	ID	1.3	136707
Indralaya	ID	-3.3	42498
Indramayu	ID	-6.3	123263
Jakarta	ID	-6.2	8540121
Jambi City	ID	-1.6	635101
Jaten	ID	-7.6	32378
Jatibarang	ID	-6.5	73010
Jatiroto	ID	-7.9	50059
Jatiwangi	ID	-6.7	57973
Jayapura	ID	-2.5	410852
Jekulo	ID	-6.8	37521
Jember	ID	-8.2	298585
Jepara	ID	-6.6	1257912
Jogonalan	ID	-7.7	28114
Jombang	ID	-7.5	126465
Juwana	ID	-6.7	40177
Kabanjahe	ID	3.1	73581
Kalabahi	ID	-8.2	19210
Kalianget	ID	-7.1	23897
Kamal	ID	-7.2	22515
Karangampel	ID	-6.5	31234
Karanganom	ID	-7.6	47179
Karangnongko	ID	-7.8	37420
Karangsembung	ID	-6.8	75856
Karawang	ID	-6.3	307880
Kartasura	ID	-7.6	88927
Kasihan	ID	-7.8	86234
Katobu	ID	-4.8	31929
Kawalu	ID	-7.4	50541
Kawasi	ID	-1.6	29642
Kebomas	ID	-7.2	75982
Kebonarun	ID	-7.7	21745
Kediri	ID	-7.8	301424
Kedungwaru	ID	-8.1	80257
Kedungwuni	ID	-7.0	117249
Kefamenanu	ID	-9.4	48202
Kencong	ID	-8.3	43046
Kendari	ID	-4.0	351085
Kepanjen	ID	-8.1	51919
Kertosono	ID	-7.6	60782
Ketanggungan	ID	-6.9	44288
Kisaran	ID	3.0	141915
Klangenan	ID	-6.7	88378
Klaten	ID	-7.7	126831
Klungkung	ID	-8.5	223720
Kota Sambas	ID	1.4	57295
Kotabumi	ID	-4.8	42366
Kotamobagu	ID	0.7	121756
Kraksaan	ID	-7.8	28248
Kresek	ID	-6.1	110182
Krian	ID	-7.4	38603
Kroya	ID	-7.6	23255
Kuala Tungkal	ID	-0.8	33683
Kualakapuas	ID	-3.0	35632
Kudus	ID	-6.8	92156
Kuningan	ID	-7.0	111742
Kupang	ID	-10.2	474801
Kuta	ID	-8.7	30012
Kutoarjo	ID	-7.7	31352
Labuan	ID	-6.4	33576
Labuan Bajo	ID	-8.5	188724
Labuhan Deli	ID	3.9	49668
Lahat	ID	-3.8	65906
Lahewa	ID	1.4	24485
Lamongan	ID	-7.1	59224
Langsa	ID	4.5	184016
Lasem	ID	-6.7	28948
Lawang	ID	-7.8	112540
Lebaksiu	ID	-7.0	33606
Lembang	ID	-6.8	183130
Leuwiliang	ID	-7.1	15275
Lewoleba	ID	-8.4	30151
Lhokseumawe	ID	5.2	200876
Loa Janan	ID	-0.6	212816
Lubuklinggau	ID	-3.3	234166
Lumajang	ID	-8.1	123626
Luwuk	ID	-1.0	47778
Madiun	ID	-7.6	202544
Magelang	ID	-7.5	128709
Majalengka	ID	-6.8	73052
Majenang	ID	-7.3	38897
Majene	ID	-3.5	73883
Makassar	ID	-5.1	1474393
Malang	ID	-8.0	889359
Malinau	ID	3.6	25596
Manado	ID	1.5	458582
Manggar	ID	-2.9	39135
Manismata	ID	-2.5	18888
Manokwari	ID	-0.9	132300
Margahayukencana	ID	-7.0	83119
Margasari	ID	-7.1	27814
Maros	ID	-5.0	30000
Martapura	ID	-3.4	131449
Masamba	ID	-2.6	38024
Masohi	ID	-3.3	36433
Mataram	ID	-8.6	441147
Maumere	ID	-8.6	87720
Medan	ID	3.6	2486283
Melati	ID	-7.7	67090
Mendaha	ID	-1.0	56268
Merauke	ID	-8.5	116864
Mertoyudan	ID	-7.5	69871
Metro	ID	-5.1	182293
Meulaboh	ID	4.1	64646
Mlonggo	ID	-6.5	33542
Mojoagung	ID	-7.6	23534
Mojokerto	ID	-7.5	141785
Mranggen	ID	-7.0	28026
Muara Bungo	ID	-1.5	21243
Muara Teweh	ID	-0.9	46652
Mulia	ID	-3.7	35884
Muncar	ID	-8.4	64537
Muntilan	ID	-7.6	81555
Muntok	ID	-2.1	26709
Nabire	ID	-3.4	99848
Namlea	ID	-3.3	37869
Namrole	ID	-3.8	21513
Negara	ID	-8.4	100074
Nganjuk	ID	-7.6	69011
Ngawi	ID	-7.4	22412
Ngemplak	ID	-7.5	23750
Ngoro	ID	-7.7	22871
Ngunut	ID	-8.1	26297
Nunukan	ID	4.1	67006
Nusantara	ID	-1.0	147430
Paciran	ID	-6.9	27072
Padalarang	ID	-6.8	193114
Padang	ID	-0.9	942938
Padangpanjang	ID	-0.5	58627
Padangsidempuan	ID	1.4	243843
Pagar Alam	ID	-4.0	70386
Pakisaji	ID	-8.1	30213
Palangkaraya	ID	-2.2	318247
Palembang	ID	-2.9	1801367
Palimanan	ID	-6.7	92600
Palopo	ID	-3.0	184961
Palu	ID	-0.9	389959
Pamanukan	ID	-6.3	114290
Pamekasan	ID	-7.2	92447
Pameungpeuk	ID	-7.0	48294
Pamulang	ID	-6.3	174557
Panarukan	ID	-7.7	30749
Pandaan	ID	-7.7	34184
Pandak	ID	-7.9	56043
Pandeglang	ID	-6.3	92316
Pangkalan Brandan	ID	4.0	25542
Pangkalanbuun	ID	-2.7	108814
Pangkalpinang	ID	-2.1	226297
Pangururan	ID	2.6	34209
Panji	ID	-7.7	42789
Pare	ID	-7.8	106007
Parepare	ID	-4.0	160309
Pariaman	ID	-0.6	92183
Paropo	ID	2.9	16065
Parung	ID	-6.4	128905
Pasarkemis	ID	-6.2	263289
Paseh	ID	-7.1	126181
Pasuruan	ID	-7.6	213469
Pati	ID	-6.8	107028
Payakumbuh	ID	-0.2	139576
Pecangaan	ID	-6.7	61046
Pekalongan	ID	-6.9	324564
Pekan Bahapal	ID	3.1	40000
Pekanbaru	ID	0.5	1167599
Pelabuhanratu	ID	-7.0	109523
Pemalang	ID	-6.9	184149
Pemangkat	ID	1.2	54259
Pematangsiantar	ID	3.0	279198
Perbaungan	ID	3.6	157174
Percut	ID	3.6	311063
Plumbon	ID	-6.7	167105
Polewali	ID	-3.4	65800
Ponorogo	ID	-7.9	79026
Pontianak	ID	-0.0	686019
Poso	ID	-1.4	47477
Prabumulih	ID	-3.4	103470
Praya	ID	-8.7	35183
Prigen	ID	-7.7	24164
Probolinggo	ID	-7.8	243746
Pundong	ID	-8.0	24081
Purbalingga	ID	-7.4	56903
Purwakarta	ID	-6.6	179233
Purwodadi	ID	-7.1	139387
Purwokerto	ID	-7.4	230235
Raha	ID	-4.8	69980
Rajapolah	ID	-7.2	39840
Randudongkal	ID	-7.1	28532
Rangkasbitung	ID	-6.4	137041
Ransiki	ID	-1.5	16245
Rantauprapat	ID	2.1	103009
Rantepao	ID	-3.0	40438
Rembangan	ID	-6.7	44030
Rengasdengklok	ID	-6.2	201463
Reuleuet	ID	5.2	40393
Ruteng	ID	-8.6	41533
Sabang	ID	5.9	43527
Salatiga	ID	-7.3	198971
Samarinda	ID	-0.5	865306
Sampang	ID	-7.2	53269
Sampit	ID	-2.5	166773
Sanana	ID	-2.1	29716
Sangkapura	ID	-5.8	50612
Sawangan	ID	-6.4	197170
Selogiri	ID	-7.8	30180
Selong	ID	-8.7	92464
Semarang	ID	-7.0	1694740
Sengkang	ID	-4.1	59523
Sentani	ID	-2.6	44779
Sepatan	ID	-6.1	118439
Serang	ID	-6.1	735651
Seririt	ID	-8.2	25000
Serpong	ID	-6.3	80193
Sewon	ID	-7.9	73585
Sibolga	ID	1.7	92244
Sidareja	ID	-7.5	30313
Sidikalang	ID	2.7	50671
Sidoarjo	ID	-7.4	139189
Sigli	ID	5.4	17504
Sijunjung	ID	-0.7	27786
Simpang	ID	-1.3	36652
Singaparna	ID	-7.4	48882
Singaraja	ID	-8.1	133784
Singkawang	ID	0.9	253812
Singkil	ID	2.3	46800
Singojuruh	ID	-8.3	29418
Singosari	ID	-7.9	182656
Sinjai	ID	-5.1	40797
Sintang	ID	0.1	85000
Situbondo	ID	-7.7	685967
Slawi	ID	-7.0	61206
Sleman	ID	-7.7	56215
Soe	ID	-9.9	40190
Sofifi	ID	0.7	27591
Sokaraja	ID	-7.5	66482
Soko	ID	-7.5	25494
Solok	ID	-0.8	73438
Soreang	ID	-7.0	116780
Sorong	ID	-0.9	219958
South Tangerang	ID	-6.3	1429529
Sragen	ID	-7.4	71522
Srandakan	ID	-7.9	29529
Srono	ID	-8.4	36260
Stabat	ID	3.7	26862
Subang	ID	-6.6	137234
Subulussalam	ID	2.7	105553
Sukabumi	ID	-6.9	365735
Sukawati	ID	-8.5	125470
Sumbawa Besar	ID	-8.5	62753
Sumber	ID	-6.8	96725
Sumberpucung	ID	-8.2	35285
Sumedang	ID	-6.9	200000
Sumedang Utara	ID	-6.8	100000
Sumenep	ID	-7.0	84656
Sungai Penuh	ID	-2.1	102224
Sungai Raya	ID	0.7	47735
Sungailiat	ID	-1.9	100750
Sunggal	ID	3.6	157914
Surabaya	ID	-7.2	3018022
Surakarta	ID	-7.6	526870
Tabanan	ID	-8.5	33667
Tahuna	ID	3.6	35307
Taliwang	ID	-8.7	55340
Tambolaka	ID	-9.4	35790
Tangerang	ID	-6.2	1927815
Tanggulangin	ID	-7.5	32866
Tanjung	ID	-2.2	37291
Tanjung Balai	ID	1.0	48953
Tanjung Pandan	ID	-2.7	103062
Tanjung Pinang	ID	0.9	227663
Tanjung Selor	ID	2.8	67837
Tanjungagung	ID	-3.9	53117
Tanjungbalai	ID	3.0	190935
Tanjungtiram	ID	4.1	25118
Tarakan	ID	3.3	255310
Tarub	ID	-6.9	75739
Tarutung	ID	2.0	39500
Tasikmalaya	ID	-7.3	770839
Tayu	ID	-6.5	26413
Tebingtinggi	ID	3.3	117530
Tegal	ID	-6.9	297173
Teluk Dalam	ID	0.6	25780
Teluk Nibung	ID	3.0	25146
Teluknaga	ID	-6.1	175155
Teminabuan	ID	-1.4	19491
Terbanggi Besar	ID	-4.9	52566
Ternate	ID	0.8	210836
Timika	ID	-4.6	142909
Tiom	ID	-3.9	21324
Tobelo	ID	1.7	34150
Toli-Toli	ID	1.0	242783
Tomohon	ID	1.3	27624
Tondano	ID	1.3	33317
Tongging	ID	2.9	16000
Trenggalek	ID	-8.1	29083
Trucuk	ID	-7.7	23584
Tual	ID	-5.6	90470
Tuban	ID	-6.9	76242
Tulangan Utara	ID	-7.5	63889
Tulungagung	ID	-8.1	65262
Ubud	ID	-8.5	74800
Ungaran	ID	-7.1	171378
Utan	ID	-6.2	28745
Waingapu	ID	-9.7	35932
Waisai	ID	-0.2	22541
Wamena	ID	-4.1	66080
Wanaraja	ID	-7.2	26240
Wangon	ID	-7.5	35530
Watampone	ID	-4.5	149336
Wedi	ID	-7.7	55300
Welahan	ID	-6.8	26163
Weleri	ID	-7.0	58448
Weru	ID	-6.7	139004
Wiradesa	ID	-6.9	39407
Wongsorejo	ID	-8.0	29193
Wonopringgo	ID	-7.0	38429
Wonosari	ID	-8.0	87454
Wonosobo	ID	-7.4	92990
Yogyakarta	ID	-7.8	375699
An Muileann gCearr	IE	53.5	22667
Athlone	IE	53.4	22869
Balbriggan	IE	53.6	21722
Ballincollig	IE	51.9	18621
Blanchardstown	IE	53.4	16511
Bray	IE	53.2	33512
Carlow	IE	52.8	27351
Carrigaline	IE	51.8	18239
Celbridge	IE	53.3	20288
Cluain Meala	IE	52.4	18369
Cork	IE	51.9	224004
Donaghmede	IE	53.4	15299
Douglas	IE	51.9	26883
Drogheda	IE	53.7	44135
Droichead Nua	IE	53.2	22742
Dublin	IE	53.3	1024027
Dún Laoghaire	IE	53.3	31239
Dundalk	IE	54.0	43112
Ennis	IE	52.8	27923
Finglas	IE	53.4	19768
Galway	IE	53.3	85910
Greystones	IE	53.1	22009
Kilkenny	IE	52.7	21589
Leixlip	IE	53.4	15504
Letterkenny	IE	55.0	22549
Limerick	IE	52.7	102287
Lucan	IE	53.4	15269
Malahide	IE	53.5	16550
Maynooth	IE	53.4	17259
Naas	IE	53.2	20713
Navan	IE	53.7	33886
Portlaoise	IE	53.0	23494
Rathfarnham	IE	53.3	17333
Sandyford	IE	53.3	22288
Sligo	IE	54.3	20608
South Dublin	IE	53.3	301075
Swords	IE	53.5	40776
Tallaght	IE	53.3	81022
Templeogue	IE	53.3	18076
Tralee	IE	52.3	26079
Tullamore	IE	53.3	15598
Waterford	IE	52.3	60079
Wexford	IE	52.3	21524
‘Ar‘ara BaNegev	IL	31.2	17640
‘Ara-‘Ar‘ara	IL	32.5	24904
Acre	IL	32.9	51420
Afula	IL	32.6	44930
Ar Rayna	IL	32.7	15621
Arad	IL	31.3	27967
Ariel	IL	32.1	20540
Ashdod	IL	31.8	226838
Ashkelon	IL	31.7	144073
Bāqa el Gharbīya	IL	32.4	29950
Bat Yam	IL	32.0	129012
Be’er Ya‘aqov	IL	31.9	27768
Beersheba	IL	31.3	186600
Bet She’an	IL	32.5	16800
Bet Shemesh	IL	31.7	124957
Binyamina-Giv‘at ‘Ada	IL	32.5	15847
Binyamina-Giv'at Ada	IL	32.5	15847
Bnei Brak	IL	32.1	214444
Daliyat al Karmel	IL	32.7	25000
Dimona	IL	31.1	36192
Eilat	IL	29.6	52299
El‘ad	IL	32.1	48763
Eṭ Ṭaiyiba	IL	32.3	43957
Eṭ Ṭīra	IL	32.2	26552
Gan Yavne	IL	31.8	23869
Ganei Tikva	IL	32.1	25093
Gedera	IL	31.8	30798
Giv'at Shmuel	IL	32.1	28628
Giv`at H̱ananya	IL	31.8	15500
Givatayim	IL	32.1	60644
Hadera	IL	32.4	97335
Haifa	IL	32.8	285316
Herzliya	IL	32.2	97470
Hod HaSharon	IL	32.2	63175
H̱olon	IL	32.0	196282
H̱ura	IL	31.3	21558
Jaffa	IL	32.1	100000
Jerusalem	IL	31.8	971800
Judeida Makr	IL	32.9	21163
Kadima Zoran	IL	32.3	22490
Kafr Kannā	IL	32.7	22751
Kafr Mandā	IL	32.8	20188
Kafr Qari‘	IL	32.5	19018
Kafr Qāsim	IL	32.1	23823
Karmi’el	IL	32.9	46252
Kfar Saba	IL	32.2	110456
Kfar Yona	IL	32.3	24778
Kiryat Gat	IL	31.6	61817
Kiryat Ono	IL	32.1	39986
Kuseifa	IL	31.2	21079
Lod	IL	31.9	77223
maalot Tarshīhā	IL	33.0	21836
Maghār	IL	32.9	22957
Majd el Kurūm	IL	32.9	15455
Mevasseret Tsiyyon	IL	31.8	24052
Migdal Ha‘Emeq	IL	32.7	25675
Modi‘in Makkabbim Re‘ut	IL	31.9	93277
Modiin Ilit	IL	31.9	76374
Nahariyya	IL	33.0	58096
Nazareth	IL	32.7	77445
Naẕerat ‘Illit	IL	32.7	43556
Nesher	IL	32.8	24148
Ness Ziona	IL	31.9	50351
Netanya	IL	32.3	228204
Netivot	IL	31.4	43732
Ofaqim	IL	31.3	34666
Or Akiva	IL	32.5	18972
Or Yehuda	IL	32.0	36813
Pardés H̱anna Karkur	IL	32.5	44840
Petaẖ Tiqva	IL	32.1	253529
Qalansuwa	IL	32.3	16898
Qiryat Ata	IL	32.8	59030
Qiryat Bialik	IL	32.8	43955
Qiryat HaYovel	IL	31.8	25000
Qiryat Mal’akhi	IL	31.7	25362
Qiryat Motsqin	IL	32.8	43303
Qiryat Shmona	IL	33.2	22512
Qiryat Tiv‘on	IL	32.7	18130
Qiryat Yam	IL	32.8	39897
Ra'anana	IL	32.2	75421
Rahat	IL	31.4	19586
Ramat Gan	IL	32.1	170822
Ramat HaSharon	IL	32.1	47245
Ramla	IL	31.9	76246
Reẖovot	IL	31.9	149392
Rishon LeTsiyyon	IL	32.0	258535
Rosh Ha‘Ayin	IL	32.1	72881
Safed	IL	33.0	36094
Sakhnīn	IL	32.9	31702
Sderot	IL	31.5	27635
Shefar‘am	IL	32.8	42137
Shoham	IL	32.0	20740
Tamra	IL	32.9	25917
Tel Aviv	IL	32.1	432892
Tel Sheva‘	IL	31.2	20204
Tiberias	IL	32.8	44779
Tirat Karmel	IL	32.8	27822
Umm el Faḥm	IL	32.5	56109
West Jerusalem	IL	31.8	400000
Yāfā	IL	32.7	18905
Yavné	IL	31.9	47585
Yehud	IL	32.0	25600
Yehud-Monosson	IL	32.0	29312
Yirkā	IL	33.0	17171
Yoqne‘am ‘Illit	IL	32.6	23796
Zikhron Ya‘aqov	IL	32.6	23206
Douglas	IM	54.1	26218
Abdu Rahiman Nagar	IN	11.1	41993
Abhayāpuri	IN	26.3	15847
Abohar	IN	30.1	145302
Abrama	IN	20.9	21000
Ābu	IN	24.6	24981
Ābu Road	IN	24.5	55599
Achalpur	IN	21.3	112311
Achampet	IN	16.4	20721
Āchāripallam Vāniyakudi	IN	8.2	16822
Achhībal	IN	33.7	17556
Achhnera	IN	27.2	20532
Adampur	IN	29.3	25531
Ādanāttutekkumuri Kizhakku	IN	9.1	22250
Addanki	IN	15.8	28547
Adichānallūr	IN	8.9	27240
Ādilābād	IN	19.7	118526
Adirampattinam	IN	10.3	31066
Adiyanuthu	IN	10.3	17851
Adoni	IN	15.6	184625
Adra	IN	23.5	22159
Adūr	IN	9.2	29652
Afzalgarh	IN	29.4	27753
Afzalpur	IN	17.2	27088
Agar	IN	23.7	37917
Agaram	IN	10.4	15610
Agartala	IN	23.8	400004
Agra	IN	27.2	1430055
Ahilyanagar	IN	19.1	367140
Ahīwāra	IN	21.4	20384
Ahmadpur	IN	18.7	43936
Ahmedabad	IN	23.0	6357693
Ahmedgarh	IN	30.7	31302
Ahor	IN	25.4	16867
Ahraura	IN	25.0	25075
Ahwa	IN	20.8	15004
Airoli	IN	19.2	100000
Aistala	IN	23.2	19425
Aizawl	IN	23.7	293416
Ajaigarh	IN	24.9	16656
Ajānūr	IN	12.3	33079
Ajara	IN	16.1	17257
Ajeetgarh	IN	27.4	15414
Ajmer	IN	26.5	542321
Ajnāla	IN	31.8	21107
Akalkot	IN	17.5	40103
Akalkuva	IN	21.6	17840
Akaltara	IN	22.0	22712
Akbarpur	IN	26.4	36865
Akhnūr	IN	32.9	20756
Akivīdu	IN	16.6	40413
Akkarampalle	IN	13.7	44219
Aklera	IN	24.4	26240
Aklūj	IN	17.9	39972
Akola	IN	20.7	428857
Akot	IN	21.1	92637
Ālampālaiyam	IN	11.4	20286
Aland	IN	17.6	42371
Alandi	IN	18.7	28645
Alandur	IN	13.0	164430
Alang	IN	21.4	18480
Alangad	IN	10.1	47329
Alangāyam	IN	12.6	18327
Ālangulam	IN	8.9	28558
Ālankōd	IN	10.7	33918
Alappuzha	IN	9.5	240991
Alattūr	IN	10.7	26720
Alengād	IN	10.1	47329
Ali	IN	28.5	27169
Alībāg	IN	18.6	20752
Alīganj	IN	27.5	26652
Alīgarh	IN	27.9	753207
Alīpur	IN	28.8	20736
Alīpur Duār	IN	26.5	65232
Alirajpur	IN	22.3	28498
Allapuram	IN	12.9	31211
Allinagaram	IN	10.0	94453
Almora	IN	29.6	32442
Alnāvar	IN	15.4	17228
Along	IN	28.2	18425
Alot	IN	23.8	24115
Ālūr	IN	8.2	15063
Aluva	IN	10.1	24108
Alwar	IN	27.6	322568
Alwaye	IN	10.1	23703
Amalāpuram	IN	16.6	53231
Amalner	IN	21.0	97369
Amaravati	IN	16.5	103000
Amarpātan	IN	24.3	19409
Amarpur	IN	25.0	25336
Ambad	IN	19.6	31553
Ambāh	IN	26.7	47177
Ambaji	IN	24.3	17753
Ambājogāi	IN	18.7	74114
Ambāla	IN	30.4	195153
Ambala Sadar	IN	30.3	104974
Amballūr	IN	10.4	29341
Ambarnath	IN	19.2	253475
Āmbāsa	IN	23.9	16285
Ambasamudram	IN	8.7	35645
Ambattur	IN	13.1	466205
Ambikāpur	IN	23.1	121071
Ambikāpuram	IN	10.8	28592
Ambur	IN	12.8	114608
Amet	IN	25.3	17434
Amīngarh	IN	16.1	15073
Amīnpur	IN	17.5	36452
Amla	IN	21.9	30215
Āmlāgora	IN	22.8	19038
Amlai	IN	23.2	30354
Āmli	IN	20.3	33369
Ammainaickanur	IN	10.2	19257
Amod	IN	22.0	18742
Amravati	IN	20.9	647057
Amreli	IN	21.6	117967
Amritsar	IN	31.6	1159227
Amroha	IN	28.9	176253
Amroli	IN	21.3	17082
Āmta	IN	22.6	16753
Amudālavalasa	IN	18.4	39799
Āmūr	IN	18.8	64023
Anaimalai	IN	10.6	17208
Ānaiyūr	IN	10.0	63917
Anakapalle	IN	17.7	86519
Anakaputhur	IN	13.0	48050
Anand	IN	22.6	209410
Anandpur	IN	21.2	39585
Anantapur	IN	14.7	267161
Anantnag	IN	33.7	150592
Ancharakandy	IN	11.9	23030
Andada	IN	21.7	16730
Andipalayam	IN	11.1	25539
Āndippatti	IN	10.0	27287
Andol	IN	17.8	24645
Anekal	IN	12.7	44260
Angamāli	IN	10.2	34399
Angul	IN	20.8	44386
Anjad	IN	22.0	26289
Anjangaon	IN	21.2	56380
Anjār	IN	23.1	87183
Anklav	IN	22.4	21003
Ankleshwar	IN	21.6	89457
Anklesvar INA	IN	21.6	24789
Ankola	IN	14.7	22249
Annāmalainagar	IN	11.4	16289
Annigeri	IN	15.4	28267
Annur	IN	11.2	20079
Anshing	IN	20.0	19000
Anta	IN	25.1	32377
Anthiyur	IN	11.6	21086
Anūpgarh	IN	29.2	33309
Anuppānadi	IN	9.9	26158
Anūppur	IN	23.1	19899
Anūpshahr	IN	28.4	25306
Aonla	IN	28.3	50011
Arakkonam	IN	13.1	79080
Arāmbāgh	IN	22.9	60639
Aramboli	IN	8.2	22846
Arang	IN	21.2	19091
Ārangaon	IN	19.0	29591
Arantāngi	IN	10.2	40814
Arāria	IN	26.1	79021
Arcot	IN	12.9	55955
Areraj	IN	26.6	26014
Ariyallur	IN	11.1	22558
Ariyalūr	IN	11.1	29144
Ariyānkuppam	IN	11.9	29808
Arkalgūd	IN	12.8	16810
Arni	IN	12.7	63671
Āron	IN	24.4	28010
Aroor	IN	9.9	39214
Arrah	IN	25.6	261430
Arsikere	IN	13.3	53216
Arukutti	IN	9.9	17944
Arumanai	IN	8.4	16283
Arumuganeri	IN	8.6	27266
Aruppukkottai	IN	9.5	87722
Ārvi	IN	21.0	42822
Arwal	IN	25.2	51849
Āsandh	IN	29.5	27125
Āsansol	IN	23.7	504271
Asāra	IN	29.2	15959
Ashoknagar	IN	24.6	81828
Ashoknagar Kalyangarh	IN	22.9	111475
Ashta	IN	23.0	53184
Asifābād	IN	19.4	23059
Āsika	IN	19.6	21428
Āsind	IN	25.7	16611
Atarra	IN	25.3	46168
Āthagarh	IN	20.5	17304
Athani	IN	16.7	47842
Athiyannur	IN	8.4	40712
Atholi	IN	11.4	28213
Atmakūr	IN	15.9	35137
Atraulī	IN	28.0	47512
Attibele	IN	12.8	20532
Attili	IN	16.7	68196
Attimarappatti	IN	8.7	22218
Attingal	IN	8.7	37346
Attur	IN	11.6	61793
Auhammadpur Mājri	IN	28.7	17462
Aurād	IN	18.3	19849
Auraiya	IN	26.5	70508
Aurangabad	IN	19.9	1175116
Aurangābād	IN	24.8	102244
Aurangabad Cantonment	IN	19.9	18051
Ausa	IN	18.2	36118
Avadi	IN	13.1	345996
Avalēpalli	IN	12.8	17859
Avanigadda	IN	16.0	25761
Avaniyāpuram	IN	9.9	89635
Avilala	IN	13.6	24839
Avinashi	IN	11.2	28868
Aya Nagar	IN	28.5	33123
Ayakudi	IN	10.4	27156
Ayanavelikulangara Vadakku	IN	9.0	24268
Āyanchēri	IN	11.6	26293
Āyikudi	IN	9.0	15129
Aymanam	IN	9.6	34470
Ayodhya	IN	26.8	53293
Ayyalur	IN	10.5	17100
Ayyampettāi	IN	10.9	16263
Azamgarh	IN	26.1	116644
Azhikkōd	IN	11.9	25195
Azhiyūr	IN	11.7	30023
Azhoor	IN	8.6	27390
Bābai	IN	22.7	16741
Bābarpur	IN	28.7	37058
Baben	IN	21.1	15610
Baberu	IN	25.5	15607
Babīna	IN	25.2	35538
Bablāi	IN	30.4	26412
Bābra	IN	21.8	25270
Babrāla	IN	28.3	16670
Bacheli	IN	18.7	21435
Bachhraon	IN	28.9	29232
Bāda	IN	26.1	20372
Bada Barabīl	IN	22.1	56870
Bada Malhera	IN	24.6	18335
Badagara	IN	11.6	76493
Bādāmi	IN	15.9	30943
Badāmibāgh	IN	34.1	22214
Baddi	IN	31.0	29911
Bādepalli	IN	16.8	32598
Badgām	IN	34.0	15338
Badi	IN	23.0	19603
Badlapur	IN	19.2	174226
Badnāwar	IN	23.0	20917
Bādshāhpur	IN	28.4	15593
Badūria	IN	22.7	49547
Badvel	IN	14.7	70626
Bagaha	IN	27.1	112634
Bagalkot	IN	16.2	111933
Bagar	IN	28.2	15670
Bagasra	IN	21.5	34521
Bāgbahra	IN	21.0	19529
Bagbera	IN	22.8	78356
Bagdogra	IN	26.7	17372
Bāgepalli	IN	13.8	27011
Bagha Purana	IN	30.7	25206
Bāghpat	IN	28.9	41766
Bagru	IN	26.8	31229
Bagulā	IN	23.3	20999
Bāh	IN	26.9	15359
Bahādurganj	IN	26.3	36993
Bahadurgarh	IN	28.7	170767
Baharampur	IN	24.1	180547
Baheri	IN	28.8	63953
Bahjoi	IN	28.4	33752
Bahraigh	IN	27.6	182218
Bahula	IN	23.7	16264
Baidyabāti	IN	22.8	115504
Baihar	IN	22.1	16650
Baikunthpur	IN	23.3	28431
Bail-Hongal	IN	15.8	49182
Bairāgnia	IN	26.7	42895
Bakarwāla	IN	28.7	18122
Bakhri	IN	25.6	40043
Bakhtiarpur	IN	25.5	47897
Bakhtiyārpur	IN	25.5	34533
Bālāchor	IN	31.1	21631
Bālāghāt	IN	21.8	84261
Balakrishnapuram	IN	10.4	25627
Balāngīr	IN	20.7	98238
Bālāpur	IN	20.7	44594
Balarāmpur	IN	23.1	22847
Balasore	IN	21.5	144373
Balaungi	IN	30.7	15982
Bāli	IN	22.6	296973
Baliguda	IN	20.2	16611
Ballari	IN	15.1	410445
Ballarpur	IN	19.8	92146
Ballia	IN	25.4	47550
Balod	IN	20.7	23648
Baloda Bāzār	IN	21.7	26632
Balotra	IN	25.8	74496
Balrāmpur	IN	27.4	77396
Bālugān	IN	19.7	17645
Bālugaon	IN	20.2	17238
Bālurghāt	IN	25.2	153279
Balussheri	IN	11.4	27363
Bāmaur	IN	26.3	32838
Bāmor Kalān	IN	24.9	27860
Bānapur	IN	19.8	17499
Banat	IN	29.5	21580
Banda	IN	24.0	30923
Bānda	IN	25.5	152218
Bāndīkūi	IN	27.1	44664
Bandipura	IN	34.4	37081
Banga	IN	31.2	20906
Banganapalle	IN	15.3	25325
Bangaon	IN	23.0	111693
Bangarapet	IN	13.0	44849
Bāngarda	IN	22.8	15761
Bāngarda Chhota	IN	22.7	64213
Bāngarmau	IN	26.9	37425
Bangawan	IN	23.2	20873
Bānk	IN	22.7	18534
Bānka	IN	24.9	45977
Bankāpur	IN	14.9	22529
Bānki	IN	20.4	17521
Bankra	IN	22.6	56273
Bānkura	IN	23.2	133966
Banmankhi	IN	25.9	26806
Banmankhi Bazar	IN	25.9	30336
Bannūr	IN	12.3	25455
Bānsbāria	IN	23.0	108474
Bānsdīh	IN	25.9	21457
Bānsi	IN	27.2	39926
Bānswāda	IN	18.4	28384
Bānswāra	IN	23.5	101017
Bāntva	IN	21.5	15291
Bantvāl	IN	12.9	40155
Banūr	IN	30.6	18775
Bāola	IN	22.8	42458
Bāonlī	IN	26.3	15300
Bāpatla	IN	15.9	70777
Bāprola	IN	28.6	52744
Bar Bigha	IN	25.2	41758
Bara Uchāna	IN	29.5	16815
Bārākpur	IN	22.8	148174
Bārāmati	IN	18.2	54415
Bāramūla	IN	34.2	77276
Bārān	IN	25.1	117992
Baranagar	IN	22.6	260072
Barāra	IN	30.2	21545
Bārāsat	IN	22.7	298127
Barauli	IN	26.4	41877
Barauni	IN	25.5	71660
Baraut	IN	29.1	93544
Barbigha	IN	25.2	46075
Barbil	IN	22.1	66540
Barddhamān	IN	23.3	301725
Bārdoli	IN	21.1	60821
Bareilly	IN	28.4	745435
Bareja	IN	22.8	19690
Bareli	IN	23.0	34663
Bareta	IN	29.9	17432
Bargarh	IN	21.3	80625
Bargi	IN	23.0	17588
Bargūr	IN	12.5	16366
Bārh	IN	25.5	61470
Barhiya	IN	25.3	43045
Bāri	IN	26.6	62721
Bari Sādri	IN	24.4	15713
Baripāda	IN	21.9	116849
Barjala	IN	23.6	17998
Barkā Kānā	IN	23.6	18475
Barki Saria	IN	24.2	24134
Bārmer	IN	25.7	96225
Barnagar	IN	23.0	36438
Barnāla	IN	30.4	116449
Baroda	IN	25.5	18437
Barpāli	IN	21.2	20850
Barpeta	IN	26.3	48824
Barpeta Road	IN	26.5	35571
Barshi	IN	18.2	118722
Baruipur	IN	22.4	53128
Bāruni	IN	25.5	84888
Barwāh	IN	22.3	26459
Barwala	IN	22.2	17951
Barwāla	IN	29.4	43384
Barwāni	IN	22.0	55504
Basavakalyan	IN	17.9	69717
Basavana Bāgevādi	IN	16.6	33198
Basi	IN	30.6	26295
Basirhat City	IN	22.7	143007
Basmat	IN	19.3	68846
Basni	IN	27.2	29187
Basoda	IN	23.9	78289
Bāspalli	IN	17.5	27563
Bastī	IN	26.8	115115
Bāsudebpur	IN	21.1	33690
Basukinath	IN	24.4	17123
Baswa	IN	27.1	22515
Batāla	IN	31.8	158621
Bathinda	IN	30.2	285788
Baud	IN	20.8	20424
Bāwal	IN	28.1	16776
Bawāna	IN	28.8	73680
Bawāni Khera	IN	28.9	20289
Bayad	IN	23.2	17886
Bayāna	IN	26.9	38502
Bāzpur	IN	29.2	23900
Beāwar	IN	26.1	151152
Bedi	IN	22.5	21327
Beed	IN	19.0	146709
Begamganj	IN	23.6	34031
Begampur	IN	28.7	53682
Begūn	IN	25.0	20836
Begusarai	IN	25.4	252008
Behat	IN	30.2	18223
Behror	IN	27.9	29531
Bela	IN	25.9	73992
Belagavi	IN	15.9	490045
Beldānga	IN	23.9	27489
Bellampalli	IN	19.1	66660
Belonia	IN	23.3	19996
Belpahar	IN	21.8	38993
Belsand	IN	26.4	20566
Belūr	IN	13.2	22484
Bemetāra	IN	21.7	28536
Bengaluru	IN	13.0	8495492
Benipur	IN	26.1	75317
Beohāri	IN	24.0	24545
Berasia	IN	23.6	30951
Beri Khās	IN	28.7	16727
Bermo	IN	23.8	17401
Betamcherla	IN	15.5	38994
Betma	IN	22.7	15999
Bettiah	IN	26.8	132209
Betūl	IN	21.9	103330
Bewar	IN	27.2	23280
Beypore	IN	11.2	70751
Bhābhar	IN	24.1	21894
Bhabhua	IN	25.0	50179
Bhachāu	IN	23.3	39532
Bhādāsar	IN	28.3	33006
Bhadauni	IN	24.9	20739
Bhadaur	IN	30.5	18561
Bhadgaon	IN	20.7	37214
Bhadohi	IN	25.4	78568
Bhādra	IN	29.1	40662
Bhadrāchalam	IN	17.7	50087
Bhadrak	IN	21.1	121338
Bhadravati	IN	20.1	60565
Bhadrāvati	IN	13.8	163903
Bhadreswar	IN	22.8	121662
Bhāgalpur	IN	25.2	400146
Bhainsdehi	IN	21.6	16400
Bhaisa	IN	19.1	49764
Bhālki	IN	18.0	40333
Bhālswa Jahangirpur	IN	28.7	197148
Bhandāra	IN	21.2	91845
Bhānder	IN	25.7	25204
Bhanjanagar	IN	19.9	20647
Bhānpura	IN	24.5	21013
Bhānpurī	IN	21.1	17270
Bhānvad	IN	21.9	22142
Bharanikāvu Tekku	IN	9.2	15922
Bharatpur	IN	27.2	252838
Bharthana	IN	26.8	41055
Bharūch	IN	21.7	169007
Bharwāri	IN	25.6	16411
Bhātāpāra	IN	21.7	57537
Bhati	IN	28.4	18864
Bhatkal	IN	14.0	32000
Bhātpāra	IN	22.9	483129
Bhattiprolu	IN	16.1	18001
Bhauri	IN	24.7	15312
Bhavāni	IN	11.4	39744
Bhavnagar	IN	21.8	605882
Bhawāni Mandi	IN	24.4	42283
Bhawānīgarh	IN	30.3	22320
Bhawānipatna	IN	19.9	69045
Bhawanipur	IN	26.5	27000
Bhayandar	IN	19.3	809378
Bhāyāvadar	IN	21.9	19458
Bhelai	IN	22.3	27158
Bhetia	IN	22.8	174355
Bhikangaon	IN	21.9	16217
Bhīkhi	IN	30.1	17825
Bhikkiwind Uttār	IN	31.3	20526
Bhikshāndārkovil	IN	10.9	17257
Bhilai	IN	21.2	627734
Bhilai Charoda	IN	21.2	98008
Bhiloda	IN	23.8	16074
Bhilwara	IN	25.3	359483
Bhimavaram	IN	16.5	146961
Bhīmunipatnam	IN	17.9	55082
Bhind	IN	26.6	197585
Bhindār	IN	24.5	17878
Bhinga	IN	27.7	22016
Bhīnmāl	IN	25.0	47932
Bhitarwār	IN	25.8	19096
Bhiwadi	IN	28.2	104921
Bhiwandi	IN	19.3	874032
Bhiwāni	IN	28.8	196057
Bhogpur	IN	31.6	18008
Bhokar	IN	19.2	32899
Bhokardan	IN	20.3	24416
Bholav	IN	21.7	24605
Bhongaon	IN	27.3	29911
Bhongīr	IN	17.5	53339
Bhoom	IN	18.5	18561
Bhopal	IN	23.3	1798218
Bhor	IN	18.1	18982
Bhuban	IN	20.9	22200
Bhubaneswar	IN	20.3	885363
Bhudgaon	IN	16.9	15738
Bhuj	IN	23.3	148834
Bhundsi	IN	28.4	17410
Bhupalpally	IN	18.4	42387
Bhusawal	IN	21.0	187421
Bhusawar	IN	27.0	19946
Bhuwāna	IN	24.6	17665
Biaora	IN	23.9	49093
Bicholim	IN	15.6	16986
Bidar	IN	17.9	216020
Bīdāsar	IN	27.8	35683
Bidhūna	IN	26.8	27158
Bihār Sharīf	IN	25.2	297268
Bihārīganj	IN	25.7	32805
Bihāt	IN	25.4	67952
Bihtā	IN	25.6	47549
Bijaipur	IN	26.1	16964
Bījāpur	IN	18.8	16129
Bijāwar	IN	24.6	20513
Bijaynagar	IN	25.9	32124
Bijbehara	IN	33.8	24590
Bijnor	IN	29.4	84593
Bijuri	IN	23.3	32682
Bikaner	IN	28.0	644406
Bikram	IN	25.4	22486
Bikramganj	IN	25.2	48465
Bilāra	IN	26.2	41710
Bilāri	IN	28.6	29666
Bilāsipāra	IN	26.2	37739
Bilāspur	IN	22.1	365579
Bīlāspur	IN	28.9	39873
Bilgi	IN	16.3	17792
Bilgrām	IN	27.2	27173
Bilhaur	IN	26.8	19333
Bilimora	IN	20.8	510879
Bilsanda	IN	28.2	15538
Bilsi	IN	28.1	26320
Bilthra	IN	26.1	17228
Bīna	IN	24.2	64529
Bindki	IN	26.0	36058
Binika	IN	21.0	15765
Birgaon	IN	21.3	96294
Birmitrapur	IN	22.4	33442
Birpara	IN	26.7	30000
Bīrpur	IN	26.5	19932
Birūr	IN	13.6	23493
Bisālgarh	IN	23.7	21085
Bīsalpur	IN	28.3	68355
Bisauli	IN	28.3	32154
Bishnupur	IN	23.1	64041
Bishrāmpur	IN	24.3	42925
Bissāu	IN	28.2	23227
Biswān	IN	27.5	52516
Biswanath Chariali	IN	26.7	19145
Bobbili	IN	18.6	56819
Bodh Gaya	IN	24.7	38439
Bodhan	IN	18.7	77573
Bodināyakkanūr	IN	10.0	75680
Bodrī	IN	22.0	17481
Bodupāl	IN	17.4	43692
Boisar	IN	19.8	36151
Bokajān	IN	26.0	19877
Bokāro	IN	23.7	564319
Bolārum	IN	17.6	34667
Bolpur	IN	23.7	70998
Bommasandra Industrial Area	IN	12.8	15254
Bongaigaon	IN	26.5	67322
Boothapandi	IN	8.3	15931
Bopal	IN	23.0	37635
Borāwar	IN	27.0	24975
Borgaon	IN	20.7	19759
Boriavi	IN	22.6	19865
Borivli	IN	19.2	609617
Borsad	IN	22.4	63377
Botad	IN	22.2	130327
Boyampālaiyam	IN	11.1	40503
Brāhmana Periya Agrahāram	IN	11.4	24798
Brāhmanān di Bāri	IN	32.6	15453
Brahmapur	IN	19.3	356598
Brajarajnagar	IN	21.8	80403
Bramhapuri	IN	20.6	36025
Budaun	IN	28.0	161555
Budge Budge	IN	22.5	76837
Budhāna	IN	29.3	35442
Budhlāda	IN	29.9	26172
Budhni	IN	22.8	16808
Buguda	IN	19.8	15176
Bulandshahr	IN	28.4	198612
Buldāna	IN	20.5	67431
Būndi	IN	25.4	104919
Būndu	IN	23.2	21054
Bunjwah	IN	33.1	15899
Burāri	IN	28.8	146190
Burhānpur	IN	21.3	210886
Burhar	IN	23.2	19289
Burla	IN	21.5	46698
Buxar	IN	25.6	102861
Byādgi	IN	14.7	30014
Byasanagar	IN	21.0	56946
Byndoor	IN	13.9	20323
Calangute	IN	15.5	17446
Canning	IN	22.3	42132
Chāchaura	IN	24.2	21860
Chāībāsa	IN	22.6	69565
Chākan	IN	18.8	41113
Chakapara	IN	22.6	27320
Chākia	IN	26.4	20686
Chaklāsi	IN	22.7	39581
Chakradharpur	IN	22.7	56531
Chaksu	IN	26.6	33432
Chākuliā	IN	22.5	16306
Chālakilakākara	IN	11.9	17088
Chalāla	IN	21.4	17081
Chalisgaon	IN	20.5	97551
Challakere	IN	14.3	55194
Challapalle	IN	16.1	16841
Chalthan	IN	21.2	21795
Chamba	IN	32.6	21502
Chāmpa	IN	22.0	45256
Chamrajnagar	IN	11.9	69875
Chanaje	IN	18.9	16714
Chānasma	IN	23.7	15932
Chānda	IN	20.0	328351
Chāndāmeta	IN	22.2	16497
Chandannagar	IN	22.9	180623
Chandauli	IN	25.3	25035
Chanderi	IN	24.7	33081
Chandia	IN	23.7	15891
Chandigarh	IN	30.7	970602
Chandili	IN	19.2	18552
Chāndor	IN	20.3	25341
Chāndpur	IN	29.1	73555
Chandrakona	IN	22.7	21855
Chandrapura	IN	23.7	27425
Chanduasi	IN	28.5	112635
Chāndur	IN	19.7	26755
Chāndūr	IN	20.8	19776
Chāndūr Bāzār	IN	21.2	18780
Changanācheri	IN	9.4	51430
Channagiri	IN	14.0	21313
Channapatna	IN	12.7	71942
Channarāyapatna	IN	12.9	40417
Chanod	IN	20.3	18776
Chanpatia	IN	26.9	27095
Chāpar	IN	26.3	20322
Chāpra	IN	25.8	202352
Charipara	IN	23.8	19598
Charkhāri	IN	25.4	24881
Charkhi Dādri	IN	28.6	56337
Charthāwal	IN	29.5	19942
Chas	IN	23.6	141640
Chatrā	IN	24.2	49985
Chaumu	IN	27.2	64417
Chautāpal	IN	17.3	19092
Chavara	IN	9.0	42655
Chekkiād	IN	11.7	24246
Chelamartam	IN	10.1	16844
Chelambra	IN	11.2	34149
Chelora	IN	11.9	20952
Chēmanchēri	IN	11.4	34819
Chemmumiahpet	IN	14.5	31416
Chendamangalam	IN	10.2	29326
Chendrappini	IN	10.4	16404
Chengala	IN	12.5	15588
Chengalam	IN	9.6	16111
Chengalpattu	IN	12.7	65689
Chengam	IN	12.3	26980
Chengamanād	IN	10.2	29576
Chengannūr	IN	9.3	25043
Chennai	IN	13.1	4681087
Chennimalai	IN	11.2	16268
Cheppad	IN	9.2	20052
Cheranellūr	IN	10.1	30594
Cheranmahadevi	IN	8.7	18327
Cheriyamundam	IN	10.9	31212
Cherpulassery	IN	10.9	30000
Cherthala	IN	9.7	45827
Cherukavu	IN	11.2	30126
Cherukunnu	IN	12.0	16111
Cheruthazham	IN	12.1	29348
Cheruvannur	IN	11.2	61614
Chetput	IN	12.5	19827
Chettināyakkanpatti	IN	10.4	17701
Chettipālaiyam	IN	11.2	37620
Chetwayi	IN	10.5	38011
Chevvoor	IN	10.5	16086
Cheyyar	IN	12.7	37802
Chhabra	IN	24.7	32285
Chhala	IN	23.3	17323
Chhanerā	IN	22.0	22052
Chhāpar	IN	27.8	19744
Chhaprauli	IN	29.2	19224
Chharra	IN	27.9	24535
Chhāta	IN	27.7	21260
Chhātāpur	IN	26.2	23425
Chhatarpur	IN	24.9	142128
Chhatrapur	IN	19.4	22027
Chhaya	IN	21.6	47699
Chhibrāmau	IN	27.1	57071
Chhindwāra	IN	22.1	175052
Chhipa Barod	IN	24.6	18837
Chhiri	IN	20.4	18829
Chhota Gobindpur	IN	22.7	31843
Chhota Udepur	IN	22.3	25787
Chhoti Sādri	IN	24.4	18360
Chicholi	IN	21.5	18864
Chidambaram	IN	11.4	62153
Chidawa	IN	28.2	43953
Chik Ballāpur	IN	13.4	63652
Chīka	IN	30.0	38952
Chikhli	IN	20.4	57889
Chikmagalūr	IN	13.3	121484
Chiknāyakanhalli	IN	13.4	24292
Chikodi	IN	16.4	38307
Chilakalūrupet	IN	16.1	101398
Chilla Soroda Bāngar	IN	28.6	83217
Chillupār	IN	26.3	20518
Chimbel	IN	15.5	15289
Chincholi	IN	17.5	20897
Chinna Āndānkovil	IN	11.0	19779
Chinna Salem	IN	11.6	25106
Chinnachowk	IN	14.5	64053
Chinnalapatti	IN	10.3	26285
Chinnamanūr	IN	9.8	42305
Chinnavādampatti	IN	11.1	20122
Chinnūr	IN	18.9	23579
Chintamani	IN	13.4	76068
Chiplūn	IN	17.5	55139
Chīpurupalle	IN	18.3	25898
Chirakkal	IN	11.9	45601
Chīrāla	IN	15.8	92942
Chirkunda	IN	23.7	45508
Chirmiri	IN	23.2	100800
Chitaguppa	IN	17.7	25298
Chītāpur	IN	17.1	31299
Chitarpur	IN	23.6	22837
Chitradurga	IN	14.2	145853
Chitrakoot Dham	IN	25.2	23316
Chittaranjan	IN	23.9	45305
Chittoor	IN	13.2	160722
Chittorgarh	IN	24.9	116406
Chittūr	IN	10.7	32298
Chockli	IN	11.7	33732
Chodavaram	IN	17.8	29000
Chokkanāthapuram	IN	10.0	15625
Choornikkara	IN	10.1	43207
Chopda	IN	21.2	72783
Chōrōd	IN	11.6	38245
Chorwād	IN	21.0	22720
Chotila	IN	22.4	21364
Choudwar	IN	20.5	52999
Chumukedima	IN	25.8	25885
Chunār	IN	25.1	36459
Chunchupally	IN	17.5	19944
Churāchāndpur	IN	24.3	47774
Churi	IN	23.7	24876
Chūru	IN	28.3	120157
Clement Town	IN	30.3	20806
Closepet	IN	12.7	95167
Coimbatore	IN	11.0	2136916
Colachel	IN	8.2	23227
Colgong	IN	25.3	33700
Colonelganj	IN	27.1	25503
Contai	IN	21.8	88702
Coonoor	IN	11.3	45494
Cuddalore	IN	11.8	173636
Cumbum	IN	9.7	68090
Cuncolim	IN	15.2	16623
Curchorem	IN	15.3	22730
Curti	IN	15.4	16385
Cuttack	IN	20.5	610189
Dabhel	IN	20.4	52578
Dabhoi	IN	22.2	56253
Daboh	IN	26.0	18298
Dabra	IN	25.9	61277
Dabwāli	IN	29.9	62113
Dādri	IN	28.6	70609
Dāhānu	IN	20.0	50287
Dahegām	IN	23.2	42632
Dākor	IN	22.8	25658
Dalkola	IN	25.9	15285
Dalli Rājhara	IN	20.6	44363
Dalsingh Sarai	IN	25.7	23862
Dalūpura	IN	28.6	154791
Dam Dam	IN	22.6	122719
Daman	IN	20.4	44282
Dāmnagar	IN	21.7	17766
Damoh	IN	23.8	139561
Damua	IN	22.2	24663
Dandeli	IN	15.3	52295
Danta	IN	27.3	15594
Dāpoli	IN	17.8	15713
Dārāsuram	IN	10.9	15326
Darbhanga	IN	26.2	296039
Dārjiling	IN	27.0	123797
Darsi	IN	15.8	33418
Dārwha	IN	20.3	25791
Daryāpur	IN	20.9	36463
Dāsna	IN	28.7	27926
Dasnapur	IN	19.7	22216
Dasūya	IN	31.8	25192
Dātāganj	IN	28.0	24562
Datia	IN	25.7	100284
Dattāpur	IN	20.8	21763
Daudnagar	IN	25.0	52364
Daund	IN	18.5	49450
Dausa	IN	26.9	85960
Davangere	IN	14.5	435128
Davorlim	IN	15.3	15350
Dayal Pur	IN	28.7	20589
Deesa	IN	24.3	111160
Deglur	IN	18.5	54493
Dehradun	IN	30.3	522081
Dehu Road	IN	18.7	48961
Delhi	IN	28.7	11034555
Delhi Cantonment	IN	28.6	110351
Denkanikota	IN	12.5	24252
Deoband	IN	29.7	88171
Deogarh	IN	21.5	22390
Deoghar	IN	24.5	203123
Deolali	IN	19.5	30997
Deolāli	IN	19.9	54027
Deoli	IN	28.5	169122
Deoraniān	IN	28.6	19788
Deori	IN	22.1	17265
Deori Khās	IN	23.4	25632
Deoria	IN	26.5	129570
Depālpur	IN	22.9	17474
Dera Colliery Township	IN	21.0	15787
Dera Māndi	IN	28.4	16725
Dergaon	IN	26.7	20059
Desāīganj	IN	20.6	28781
Deshnoke	IN	27.8	18470
Deūlgaon Rāja	IN	20.0	30827
Devadanapatti	IN	10.1	19285
Devadurga	IN	16.4	28929
Devakottai	IN	9.9	51865
Devanahalli	IN	13.2	28051
Devarkonda	IN	16.7	29731
Devarshola	IN	11.5	24954
Devgadh Bāriya	IN	22.7	21030
Devgarh	IN	25.5	17604
Dewas	IN	23.0	289550
Dhāka	IN	26.7	42063
Dhamanagar	IN	20.9	22920
Dhāmnod	IN	22.2	32093
Dhāmpur	IN	29.3	49973
Dhamtari	IN	20.7	101677
Dhanaula	IN	30.3	19920
Dhanaura	IN	29.0	28285
Dhanbad	IN	23.8	1196214
Dhandhuka	IN	22.4	32475
Dhanera	IN	24.5	29578
Dhanpuri	IN	23.2	45156
Dhār	IN	22.6	93917
Dharampur	IN	20.5	24178
Dharampuri	IN	22.1	16363
Dharamsala	IN	32.2	30764
Dharangaon	IN	21.0	35375
Dharapuram	IN	10.7	72291
Dharashiv	IN	18.2	112085
Dhārāvi	IN	19.1	700000
Dhāri	IN	21.3	29346
Dhāriwāl	IN	32.0	20604
Dharmābād	IN	18.9	33741
Dharmadam	IN	11.8	30804
Dharmanagar	IN	24.4	40595
Dharmapuram	IN	8.1	17476
Dharmapuri	IN	12.1	68619
Dharmavaram	IN	14.4	121874
Dharmkot	IN	30.9	19057
Dhārni	IN	21.6	15761
Dhāruhera	IN	28.2	30344
Dhārūr	IN	18.8	20417
Dhaulpur	IN	26.7	133075
Dhaurahra	IN	28.0	20098
Dhekiajuli	IN	26.7	21579
Dhenkānāl	IN	20.7	67414
Dhing	IN	26.5	20826
Dholka	IN	22.7	80945
Dhone	IN	15.4	59272
Dhoraji	IN	21.7	84545
Dhrāngadhra	IN	23.0	75578
Dhrol	IN	22.6	26496
Dhubri	IN	26.0	63388
Dhulagari	IN	22.6	21080
Dhule	IN	20.9	375559
Dhuliān	IN	24.7	77070
Dhupgāri	IN	26.6	41168
Dhūri	IN	30.4	55225
Diamond Harbour	IN	22.2	41802
Dibai	IN	28.2	37873
Dibrugarh	IN	27.5	145488
Dīdwāna	IN	27.4	53749
Dīg	IN	27.5	44999
Digboi	IN	27.4	21736
Dighwāra	IN	25.7	32741
Diglipur	IN	13.3	42877
Digras	IN	20.1	44767
Dimāpur	IN	25.9	135860
Dīnānagar	IN	32.1	23976
Dinapore	IN	25.6	152940
Dinapur Cantonment	IN	25.6	28723
Dinapur Nizamat	IN	25.6	182429
Dīndārpur	IN	28.6	35856
Dindigul	IN	10.4	292512
Dindori	IN	22.9	21323
Dīnhāta	IN	26.1	42381
Diphu	IN	25.8	61797
Dirba	IN	30.1	16952
Diu	IN	20.7	23991
Doda	IN	33.1	21605
Doddaballapura	IN	13.3	93105
Dohad	IN	22.8	118846
Dombivali	IN	19.2	1247327
Domchānch	IN	24.5	15809
Dondaicha	IN	21.3	46767
Dongargarh	IN	21.2	37372
Dooru Verinag	IN	33.6	22968
Dorāha	IN	30.8	25424
Dornakal	IN	17.4	15350
Dowleswaram	IN	16.9	44637
Dubrājpur	IN	23.8	35087
Dugda	IN	23.7	22740
Dukli	IN	23.8	16941
Duliajan	IN	27.4	28626
Duliajan Oil Town	IN	27.4	28626
Dum Duma	IN	27.6	21706
Dumjor	IN	22.6	17972
Dumka	IN	24.3	47663
Dumra	IN	26.6	15778
Dumraon	IN	25.6	53618
Dūngarpur	IN	23.8	47706
Durg	IN	21.2	268806
Durgapur	IN	23.5	518872
Durgāpur	IN	20.0	18561
Dwārka	IN	22.2	38873
Dyāne	IN	20.6	49192
Edacchēri	IN	11.7	26819
Edaicode	IN	8.4	25378
Edakkazhiyūr	IN	10.6	17335
Edappāl	IN	10.8	32550
Edattala	IN	10.1	77811
Edavai	IN	8.8	25994
Edavilangu	IN	10.2	20363
Egra	IN	21.9	32832
Elamanchili	IN	17.5	27265
Elamkunnapuzha	IN	10.0	26997
Elampalloor	IN	9.0	33959
Elandakuttai	IN	11.4	16160
Elayavur	IN	11.9	33853
Electronic City Phase I	IN	12.9	76348
Ellakkudi	IN	10.8	16244
Ellenabad	IN	29.5	37680
Elumalai	IN	9.9	15746
Elūr	IN	10.1	31468
Eluru	IN	16.7	218020
Emmiganūr	IN	15.8	95149
Erāmala	IN	11.7	34658
Erandol	IN	20.9	31071
Erannoli	IN	11.8	25818
Erāttupetta	IN	9.7	34814
Eravattūr	IN	11.6	17016
Erode	IN	11.3	521891
Erraguntla	IN	14.6	32574
Eruvādi	IN	8.4	18067
Eruvatti	IN	11.8	16905
Etah	IN	27.6	131023
Etāwa	IN	24.2	55185
Etāwah	IN	26.8	257448
Etmadpur	IN	27.2	22697
Ettumanoor	IN	9.7	26993
Ettumānūr	IN	9.7	40438
Ezhome	IN	12.0	19261
Ezhudesam	IN	8.3	24657
Ezhupunna	IN	9.8	27528
Faizpur	IN	21.2	26602
Fālākāta	IN	26.5	20119
Fālna	IN	25.3	24839
Farakka	IN	24.8	21834
Faridabad	IN	28.4	1414050
Farīdkot	IN	30.7	87695
Farīdpur	IN	28.2	71783
Farrukhābād	IN	27.4	241152
Farrukhnagar	IN	17.1	45675
Fatehābād	IN	29.5	70777
Fatehganj West	IN	28.5	23810
Fatehgarh Chūriān	IN	31.9	18051
Fatehnagar	IN	24.8	22812
Fatehpur	IN	25.9	166480
Fatehpur Sīkri	IN	27.1	30026
Fatwa	IN	25.5	50961
Fazilka	IN	30.4	76492
Ferokh	IN	11.2	32122
Fīrozābād	IN	27.2	306409
Firozpur	IN	30.9	110313
Fīrozpur Jhirka	IN	27.8	24750
Forbesganj	IN	26.3	50475
Fort Gloster	IN	22.5	18350
French Rocks	IN	12.5	20399
Fyzābād	IN	26.8	153047
Gadag	IN	15.4	172612
Gadag-Betageri	IN	15.4	172813
Gādarwāra	IN	22.9	47604
Gaddi Annaram	IN	17.4	53622
Gadhada	IN	22.0	29872
Gadhinglaj	IN	16.2	27185
Gadhra	IN	22.7	18801
Gadkhol	IN	21.6	25332
Gadwāl	IN	16.2	63177
Gairtganj	IN	23.4	18184
Gajendragarh	IN	15.7	32359
Gajraula	IN	28.8	50380
Gajuwaka	IN	17.7	258944
Gajwel	IN	17.8	24961
Ganaur	IN	29.1	35603
Ganderbal	IN	34.2	28233
Gandevi	IN	20.8	16827
Gāndhīdhām	IN	23.1	247992
Gandhinagar	IN	23.2	292797
Gangākher	IN	19.0	49891
Gangāpur	IN	26.5	120115
Gangārāmpur	IN	25.4	65316
Gangavati	IN	15.4	114642
Gangoh	IN	29.8	59519
Gangolli	IN	13.7	15200
Gangtok	IN	27.3	100286
Ganguwa	IN	29.1	25847
Ganj Dundwāra	IN	27.7	46314
Gannavaram	IN	16.5	19410
Garhākota	IN	23.8	32726
Garhchiroli	IN	20.2	54152
Garhmuktesar	IN	28.8	37043
Garhshankar	IN	31.2	16955
Garhwa	IN	24.2	46059
Gariadhar	IN	21.5	35692
Garot	IN	24.3	15122
Gaurela	IN	22.8	18165
Gauribidanur	IN	13.6	37947
Gauripur	IN	26.1	25124
Gaya	IN	24.8	474093
Gevrai	IN	19.3	33562
Ghantapada	IN	20.9	15169
Gharaunda	IN	29.5	37816
Gharonda Neemka Bangar	IN	28.6	37876
Gharroli	IN	28.6	92540
Ghātāl	IN	22.7	54658
Ghātampur	IN	26.2	40435
Ghātanji	IN	20.1	21293
Ghatkesar	IN	17.5	19763
Ghātsīla	IN	22.6	40624
Ghāziābād	IN	28.7	1199191
Ghazīpur	IN	25.6	103095
Ghogardīha	IN	26.3	18257
Ghorabandha	IN	22.8	20718
Ghosī	IN	26.1	39138
Ghoti Budrukh	IN	19.7	24838
Ghugus	IN	19.9	32654
Ghulewadi	IN	19.6	21860
Giddalūr	IN	15.4	35150
Giddarbāha	IN	30.2	45370
Gil	IN	30.8	28884
Gingee	IN	12.3	27045
Giridih	IN	24.2	114533
Goālpāra	IN	26.2	53430
Gobārdānga	IN	22.9	43808
Gobichettipalayam	IN	11.5	59523
Gobindgarh	IN	30.7	82266
Gobindpur	IN	22.6	27066
Godda	IN	24.8	48480
Godhra	IN	22.8	143644
Godoli	IN	17.7	22517
Gogri Jamālpur	IN	25.4	37753
Gohad	IN	26.4	58939
Gohāna	IN	29.1	65708
Gokak	IN	16.2	79121
Gokalpur	IN	28.7	121870
Gokarna	IN	14.6	25851
Gokavaram	IN	17.3	16389
Gola Gokarannāth	IN	28.1	58986
Golāghāt	IN	26.5	41989
Gomoh	IN	23.9	31495
Gondā City	IN	27.1	133583
Gondal	IN	22.0	112197
Gondiā	IN	21.5	132813
Goniāna Mandi	IN	30.3	15208
Gooty	IN	15.1	48658
Gopālganj	IN	26.5	67339
Gopavaram	IN	14.8	22936
Gorai	IN	19.3	29107
Gorakhpur	IN	26.8	674246
Gorantla	IN	14.0	24586
Gorāya	IN	31.1	16462
Gormi	IN	26.6	20841
Gotan	IN	26.7	17700
Gotegaon	IN	23.0	28074
Gothara	IN	28.1	16933
Govardhan	IN	27.5	20044
Goyerkāta	IN	26.7	66358
Greater Noida	IN	28.5	293908
Gubbi	IN	13.3	18446
Gudalur	IN	11.5	49535
Gudivāda	IN	16.4	118167
Gudiyatham	IN	12.9	93973
Gūdūr	IN	14.2	74851
Gūduvāncheri	IN	12.8	44098
Gulābpura	IN	25.9	27215
Gulāothi	IN	28.6	46647
Guledagudda	IN	16.1	33851
Gulgam	IN	34.6	15587
Gumia	IN	23.8	48141
Gumlā	IN	23.0	51264
Gummidipundi	IN	13.4	18891
Guna	IN	24.6	180935
Gundlupēt	IN	11.8	28105
Gundupālaiyam	IN	11.9	300104
Gunnaur	IN	28.2	20980
Guntakal	IN	15.2	126270
Guntur	IN	16.3	670073
Gunupur	IN	19.1	28870
Gurdaspur	IN	32.0	77928
Gurmatkāl	IN	16.9	20614
Gursahāiganj	IN	27.1	40214
Gursarāi	IN	25.6	25191
Guru Har Sahāi	IN	30.7	17192
Gurugram	IN	28.5	886519
Guruvāyūr	IN	10.6	21416
Guskhara	IN	23.5	33780
Guwahati	IN	26.2	962334
Gwalior	IN	26.2	1054420
Gyānpur	IN	25.3	200000
Hābra	IN	22.8	139297
Hadagalli	IN	15.0	27967
Hadgāon	IN	19.5	27433
Hāflong	IN	25.2	43756
Hailākāndi	IN	24.7	33637
Hājīpur	IN	25.7	147688
Hājo	IN	26.2	15977
Haldaur	IN	29.3	18686
Haldia	IN	22.1	170695
Haldwani	IN	29.2	139497
Hālīsahar	IN	22.9	128172
Haliyal	IN	15.3	24238
Hālol	IN	22.5	64265
Haludbani	IN	22.8	25360
Halvad	IN	23.0	32024
Hamīrpur	IN	26.0	34144
Handiā	IN	25.4	17861
Hāngal	IN	14.8	28159
Hānsi	IN	29.1	86770
Hanumana	IN	24.8	16771
Hanumāngarh	IN	29.6	155687
Hāpur	IN	28.7	242920
Harda	IN	22.3	74268
Hardoī	IN	27.4	122635
Haridwar	IN	29.9	186079
Harihar	IN	14.5	83219
Hārij	IN	23.7	20253
Haripād	IN	9.3	15588
Harpālpur	IN	25.3	18529
Harpanahalli	IN	14.8	47039
Harsūd	IN	22.1	16736
Harūr	IN	12.1	25469
Hasanpur	IN	28.7	57481
Hashtsāl	IN	28.6	176877
Hāsimāra	IN	26.7	40000
Hassan	IN	13.0	155006
Hastināpur	IN	29.2	24093
Hāt Piplia	IN	22.8	17419
Hāthras	IN	27.6	126882
Hatta	IN	24.1	32465
Hatti	IN	16.2	16278
Hāveri	IN	14.8	67102
Hazāribāgh	IN	24.0	153595
Hebbagodi	IN	12.8	34827
Heli Mandi	IN	28.3	20906
Hilsa	IN	25.3	51052
Himatnagar	IN	23.6	81137
Hinakallu	IN	12.3	23162
Hindaun	IN	26.7	105452
Hindoria	IN	23.9	16001
Hindupur	IN	13.8	151677
Hinganghāt	IN	20.5	101805
Hingoli	IN	19.7	85103
Hinjilicut	IN	19.5	24671
Hīrākud	IN	21.5	30207
Hirekerūr	IN	14.5	19191
Hiriyūr	IN	13.9	56416
Hisar	IN	29.2	307024
Hisua	IN	24.8	32585
Hodal	IN	27.9	50143
Hojāi	IN	26.0	36869
Holalkere	IN	14.0	15783
Holenarasipura	IN	12.8	29974
Homnābād	IN	17.8	44483
Honnāli	IN	14.2	17928
Honnavar	IN	14.3	19109
Hosadurga	IN	13.8	28370
Hosapete	IN	15.3	206167
Hoshiārpur	IN	31.5	168653
Hoskote	IN	13.1	56980
Hosūr	IN	12.7	229528
Howli	IN	26.4	18301
Howrah	IN	22.6	1027672
Hubballi	IN	15.3	943788
Hudkeshwar Buzurg	IN	21.1	24499
Hugli	IN	22.9	177005
Hukeri	IN	16.2	22988
Hukumpeta	IN	17.0	16985
Hungund	IN	16.1	20877
Hunsūr	IN	12.3	50865
Hupari	IN	16.6	28953
Husainābād	IN	24.5	29241
Husainpur	IN	31.3	15575
Hutagalli	IN	12.3	18308
Hyderabad	IN	17.4	6993262
Ibrāhīmpatnam	IN	16.6	29432
Icchannūr	IN	11.4	40697
Ichalkaranji	IN	16.7	287353
Ichchāpuram	IN	19.1	36493
Ichhāwar	IN	23.0	15221
Idaiyarpālaiyam	IN	11.0	83908
Idangansālai	IN	11.6	33245
Idappadi	IN	11.6	54823
Idar	IN	23.8	42306
Igatpuri	IN	19.7	35461
Ilaiyankudi	IN	9.6	24767
Ilkal	IN	16.0	60242
Imphal	IN	24.8	277196
Inam Maniyachi	IN	9.2	18258
Indāpur	IN	18.3	26752
Indargarh	IN	25.9	23045
Indergarh	IN	26.9	17366
Indi	IN	17.2	38217
Indore	IN	22.7	1994397
Indri	IN	29.9	17487
Injambakkam	IN	12.9	23346
Iramallūr	IN	10.1	33829
Irimbiliyam	IN	10.9	30635
Iringal	IN	11.6	25894
Irinjālakuda	IN	10.3	29208
Irivēri	IN	11.9	17231
Iroopara	IN	8.6	23113
Irugūr	IN	11.0	25691
Islāmnagar	IN	28.3	29144
Islāmpur	IN	26.3	55691
Itanagar	IN	27.1	59490
Itārsi	IN	22.6	100574
Jabalpur	IN	23.2	1081677
Jadcherla	IN	16.8	17958
Jadugora	IN	22.7	18563
Jāfarābād	IN	28.7	54601
Jagādhri	IN	30.2	124894
Jagalūr	IN	14.5	17257
Jagatsinghapur	IN	20.3	33631
Jagdalpur	IN	19.1	125463
Jagdīshpur	IN	26.7	31029
Jagdīspur	IN	25.5	32447
Jaggaiahpet	IN	16.9	53530
Jaggayyapeta	IN	16.9	41180
Jagiroad	IN	26.1	17739
Jagraon	IN	30.8	65305
Jagtiāl	IN	18.8	103930
Jahānābād	IN	25.2	103202
Jahāngīrābād	IN	28.4	57363
Jahāzpur	IN	25.6	20586
Jaigaon	IN	26.8	158664
Jainagar	IN	26.6	21782
Jaipur	IN	26.9	3046163
Jais	IN	26.3	25726
Jaisalmer	IN	26.9	67604
Jaisingpur	IN	16.8	48510
Jaitāran	IN	26.2	22621
Jaito	IN	30.5	37377
Jaitpur	IN	28.5	59330
Jājmau	IN	26.4	652831
Jājpur	IN	20.8	42157
Jalakandapuram	IN	11.7	16184
Jalālābad	IN	29.6	25302
Jalālābād	IN	30.6	39525
Jalālī	IN	27.9	18177
Jalalpore	IN	20.9	17325
Jalālpur	IN	26.3	31388
Jalandhar	IN	31.3	868929
Jalandhar Cantonment	IN	31.3	47845
Jalārpet	IN	12.6	40959
Jālaun	IN	26.1	55299
Jalda	IN	22.2	15789
Jalesar	IN	27.5	38614
Jaleshwar	IN	21.8	25747
Jalgaon	IN	21.0	460228
Jalgaon Jamod	IN	21.1	28276
Jalladiampet	IN	12.9	19100
Jālna	IN	19.8	285577
Jalochi	IN	18.2	19346
Jalor	IN	25.3	54081
Jalpāiguri	IN	26.5	107832
Jāmadoba	IN	23.7	34774
Jāmai	IN	22.2	22587
Jamālpur	IN	25.3	105434
Jāmbai	IN	11.5	16522
Jambusar	IN	22.1	43344
Jamjodhpur	IN	21.9	25892
Jamkhandi	IN	16.5	68938
Jāmkhed	IN	18.7	34017
Jammalamadugu	IN	14.8	46069
Jammu	IN	32.7	576198
Jammu Cantonment	IN	32.7	28396
Jamnagar	IN	22.5	600943
Jāmner	IN	20.8	46762
Jamshedpur	IN	22.8	1339438
Jāmtāra	IN	24.0	29415
Jamūī	IN	24.9	87357
Jāmul	IN	21.3	25878
Jāmuria	IN	23.7	160242
Jandiāla	IN	31.2	25631
Jandiāla Gurū	IN	31.6	29232
Jangaon	IN	17.7	52394
Jangipur	IN	24.5	82548
Jānjgīr	IN	22.0	32833
Jānsath	IN	29.3	19467
Jaora	IN	23.6	74907
Jāridih	IN	23.8	31882
Jarwal	IN	27.2	17576
Jasdan	IN	22.0	48483
Jashpur Nagar	IN	22.9	28301
Jasidih	IN	24.5	16338
Jaspur	IN	29.3	42524
Jaswantnagar	IN	26.9	27777
Jatani	IN	20.2	63697
Jatāra	IN	25.0	17499
Jaunpur	IN	25.8	169572
Jāwad	IN	24.6	17129
Jawaharnagar	IN	17.5	44562
Jayamkondacholapuram	IN	11.2	33945
Jaynagar Majilpur	IN	22.2	25922
Jetpur	IN	21.8	118302
Jevargi	IN	17.0	25686
Jewar	IN	28.1	29316
Jeypore	IN	18.9	84830
Jhābua	IN	22.8	35753
Jhadeshwar	IN	21.7	28148
Jhajha	IN	24.8	40646
Jhajjar	IN	28.6	48424
Jhālāwār	IN	24.6	66919
Jhalidā	IN	23.4	18057
Jhālod	IN	23.1	28720
Jhālrapātan	IN	24.5	37506
Jhālu	IN	29.3	20356
Jhanjhārpur	IN	26.3	31283
Jhānsi	IN	25.5	412927
Jhārgrām	IN	22.5	57796
Jharia	IN	23.7	86938
Jharoda Kalān	IN	28.7	19578
Jharoda Mazra Burāri	IN	28.7	22878
Jharsuguda	IN	21.9	97730
Jhīnjhak	IN	26.6	23499
Jhinjhāna	IN	29.5	19711
Jhumri Telaiya	IN	24.4	87867
Jhunjhunūn	IN	28.1	118473
Jhūsi	IN	25.4	16642
Jigani	IN	12.8	17036
Jilādiguda	IN	17.3	27461
Jīnd	IN	29.3	167592
Jining	IN	28.2	20684
Jintūr	IN	19.6	44291
Jirapur	IN	24.0	21724
Jīwanpur	IN	28.7	43054
Joda	IN	22.0	46631
Jodhpur	IN	26.3	1056191
Jodiya Bandar	IN	22.7	15788
Jogbani	IN	26.4	39281
Jogipet	IN	17.8	18494
Jora	IN	26.3	42153
Jora Khurd	IN	26.5	32087
Jorhat	IN	26.8	126736
Jowai	IN	25.4	28430
Jugiāl	IN	32.4	15210
Jugsālai	IN	22.8	49660
Jūjūvādi	IN	12.8	32474
Jūnāgadh	IN	21.5	319462
Jūnāgarh	IN	19.9	19656
Junnar	IN	19.2	25997
Kabilpor	IN	21.0	15699
Kabnur	IN	16.7	38146
Kabrāi	IN	25.4	24771
Kachhwa	IN	25.2	15381
Kadachira	IN	11.8	18979
Kadakkavoor	IN	8.7	25362
Kadamakudi	IN	10.1	16295
Kadapa	IN	14.5	344893
Kadayal	IN	8.4	21665
Kadayanallur	IN	9.1	90364
Kadi	IN	23.3	81404
Kādiganpalli	IN	12.5	22714
Kadikkād	IN	10.7	19147
Kādīpur	IN	28.8	18369
Kadiri	IN	14.1	89429
Kadod	IN	21.2	16747
Kadodara	IN	21.2	27336
Kadungalūr	IN	10.1	39666
Kadūr	IN	13.6	34151
Kāgal	IN	16.6	34106
Kagaznāgār	IN	19.3	57583
Kaij	IN	18.7	30704
Kaikalapettai	IN	13.0	23910
Kaikalūr	IN	16.6	20763
Kailāras	IN	26.3	25920
Kailāshahar	IN	24.3	22405
Kaimganj	IN	27.6	32858
Kaimori	IN	23.4	20154
Kaimur	IN	24.1	19343
Kaipamangalam	IN	10.3	35626
Kairāna	IN	29.4	80432
Kaithal	IN	29.8	144915
Kaithoon	IN	25.1	24260
Kakching	IN	24.5	32138
Kakdwip	IN	21.9	19368
Kākināda	IN	17.0	384182
Kakkalapalle	IN	14.6	30128
Kakkanad	IN	10.0	25531
Kakkodi	IN	11.3	42866
Kākori	IN	26.9	18332
Kakrāla	IN	27.9	35690
Kalaburagi	IN	17.3	543147
Kāladi	IN	10.8	25872
Kalakkādu	IN	8.5	30921
Kalamassery	IN	10.1	71038
Kalamb	IN	19.0	27287
Kalamnūri	IN	19.7	24784
Kalānaur	IN	28.8	23319
Kālānwāli	IN	29.8	27355
Kālappatti	IN	11.1	39586
Kālāvad	IN	22.2	28314
Kalavoor	IN	9.6	29564
Kalāyat	IN	29.7	18660
Kalghatgi	IN	15.2	16917
Kalher	IN	19.2	15573
Kālimpong	IN	27.0	43000
Kalinjur	IN	13.0	19828
Kāliyāganj	IN	25.6	51748
Kālka	IN	30.8	34134
Kallakkurichchi	IN	11.7	40449
Kallakurichi	IN	11.7	1682687
Kallam	IN	18.6	25713
Kallamchavadi	IN	13.0	30702
Kalleribhāgam	IN	9.1	21723
Kallidaikurichi	IN	8.7	26398
Kalliyasshēri	IN	12.0	31122
Kalliyoor	IN	8.4	40816
Kallukuttam	IN	8.2	19093
Kallūr Tekkumuri	IN	10.2	17480
Kallūr Vadakummuri	IN	10.3	25259
Kalmeshwar	IN	21.2	19578
Kālna	IN	23.2	53964
Kalol	IN	23.2	134426
Kālol	IN	22.6	25929
Kalpatta	IN	11.6	31580
Kālpi	IN	26.1	44339
Kalugumalai	IN	9.1	15423
Kalwākurti	IN	16.7	28060
Kalyān	IN	19.2	1262255
Kalyandurg	IN	14.5	32328
Kalyani	IN	23.0	93184
Kāmākhyānagar	IN	20.9	16810
Kamal Pur Majra Burari	IN	28.7	43086
Kamalāpuram	IN	15.3	25552
Kamalganj	IN	27.3	16222
Kāman	IN	27.7	38040
Kāmāreddi	IN	18.3	80315
Kāmārhāti	IN	22.7	332965
Kamaruddinnagar	IN	28.7	25126
Kamatgi	IN	16.1	15620
Kāmayakkavundanpatti	IN	9.7	16134
Kammivapettai	IN	11.8	18745
Kampli	IN	15.4	39307
Kāmthi	IN	21.2	86793
Kanakapura	IN	12.5	54014
Kanayannur	IN	10.0	851406
Kanchanpur	IN	24.0	15341
Kanchipuram	IN	12.8	221715
Kānchrāpāra	IN	23.0	136954
Kandahār	IN	18.9	24843
Kandalloor	IN	9.2	19925
Kandamkunnu	IN	11.9	16025
Kandāri	IN	21.1	16353
Kāndhla	IN	29.3	43387
Kāndi	IN	24.0	54848
Kāndla	IN	23.0	25845
Kandukūr	IN	15.2	57246
Kangayam	IN	11.0	32147
Kangeyanallur	IN	13.0	15177
Kanhān	IN	21.2	22945
Kanhangad	IN	12.3	125564
Kanhirode	IN	11.9	15353
Kanigiri	IN	15.4	25045
Kanigiri U	IN	15.4	37420
Kanjari	IN	22.6	17881
Kanjiramkulam	IN	8.4	19902
Kankauli	IN	16.3	16398
Kānke	IN	23.4	17560
Kānker	IN	20.3	37442
Kannad	IN	20.3	42056
Kannamangalam	IN	11.1	41260
Kannampālaiyam	IN	11.0	15868
Kannānendal	IN	10.0	31095
Kannānkurichchi	IN	11.7	19765
Kannapuram	IN	12.0	18459
Kannauj	IN	27.1	76714
Kanniyākumāri	IN	8.1	22453
Kannod	IN	22.7	17744
Kannur	IN	11.9	62836
Kanpur	IN	26.5	2823249
Kanpur Cantonment	IN	26.5	108534
Kansad	IN	21.1	28327
Kansāpur	IN	30.1	18909
Kānt	IN	27.8	24430
Kantābānji	IN	20.5	21819
Kantai	IN	26.2	25051
Kānth	IN	29.1	24883
Kanuru	IN	16.3	43696
Kānūru	IN	16.5	49006
Kapadvanj	IN	23.0	49308
Kāpas Herd	IN	28.5	74073
Kapasan	IN	24.9	20869
Kappiyara	IN	8.2	15998
Kāpren	IN	25.4	20748
Kapurthala Town	IN	31.4	98916
Karād	IN	17.3	55663
Kāraikāl	IN	10.9	86838
Kāraikkudi	IN	10.1	181851
Kāraippudūr	IN	11.1	28602
Kārakkād	IN	10.6	39098
Karāla	IN	28.7	35730
Kāramadai	IN	11.2	35166
Karamsad	IN	22.5	35285
Karamuck	IN	10.5	15129
Kāranja	IN	20.5	67907
Karanjiā	IN	21.8	22865
Karanpur	IN	29.8	21604
Karauli	IN	26.5	82960
Karāwalnagar	IN	28.7	224281
Kardhān	IN	30.3	18662
Kareli	IN	22.9	29929
Karera	IN	25.5	28705
Kargil	IN	34.6	16338
Karhal	IN	27.0	26693
Kariapatti	IN	9.7	18191
Karīmganj	IN	24.9	56854
Karīmnagar	IN	18.4	289821
Karingal	IN	8.2	16691
Karjan	IN	22.0	30405
Karjat	IN	18.9	34554
Kārkala	IN	13.2	25800
Karmāla	IN	18.4	23199
Karnāl	IN	29.7	302140
Kāro	IN	23.8	39305
Karol Bāgh	IN	28.7	505241
Kartārpur	IN	31.4	26701
Karthikappally	IN	9.3	19021
Karumālūr	IN	10.1	29805
Karumāndi Chellipālaiyam	IN	11.3	23868
Karumattampatti	IN	11.1	35062
Karungappalli	IN	9.1	25336
Karur	IN	11.0	234191
Karuva	IN	9.0	25432
Karuvanthuruthy	IN	11.2	21952
Karwar	IN	14.8	77139
Kasāra	IN	19.6	15611
Kāsaragod	IN	12.5	54172
Kasba	IN	25.9	30421
Kāsganj	IN	27.8	99462
Kashipur	IN	29.2	103138
Kāsībugga	IN	18.8	57507
Kāsipālaiyam	IN	11.3	73425
Kasrāwad	IN	22.1	22750
Kataiya	IN	26.6	20193
Katangi	IN	23.4	19040
Katghora	IN	22.5	22690
Katheru	IN	17.0	23572
Kathhāra	IN	23.8	22080
Kathlāl	IN	22.9	22071
Kāthor	IN	21.3	15311
Kathua	IN	32.4	59866
Katihar	IN	25.5	240838
Katirur	IN	11.8	31087
Kātol	IN	21.3	43267
Kātoya	IN	23.6	78408
Kātpādi	IN	13.0	38833
Kātrās	IN	23.8	57349
Kattanam	IN	9.2	19764
Kāttatturai	IN	8.3	17271
Kāttipparutti	IN	10.9	40318
Kattivākkam	IN	13.2	36617
Kattumannarkoil	IN	11.3	27294
Kattur	IN	10.4	18017
Kāvali	IN	14.9	90099
Kavanur	IN	13.0	54986
Kāveripatnam	IN	12.4	15006
Kavisuryanagar	IN	19.6	17430
Kawardha	IN	22.0	46657
Kayalpattinam	IN	8.6	40588
Kayamkulam	IN	9.2	68634
Kedia	IN	23.8	16054
Keevallur	IN	11.9	20440
Keezhkulam	IN	8.2	17327
Keirao Bitra	IN	24.7	24900
Kekri	IN	26.0	41890
Kemrī	IN	28.8	26726
Kenda	IN	23.2	15131
Kendrāparha	IN	20.5	47006
Keonjhargarh	IN	21.6	60590
Kērkandi	IN	11.4	23229
Keru	IN	26.2	38429
Kerūr	IN	16.0	19731
Kesariyā	IN	26.3	18984
Keshod	IN	21.3	76193
Keshorai Pātan	IN	25.3	24627
Kesinga	IN	20.2	19239
Khāchrod	IN	23.4	34191
Khada	IN	27.2	16350
Khadki	IN	18.6	75654
Khagaria	IN	25.5	49982
Khagaul	IN	25.6	51577
Khair	IN	27.9	30173
Khaira	IN	19.8	31699
Khairābād	IN	27.5	42125
Khairāgarh	IN	21.4	22564
Khairtal	IN	27.8	38298
Khajoori Khas	IN	28.7	76640
Khajuraho Group of Monuments	IN	24.8	25662
Khalāri	IN	23.7	20010
Khali Kachigam	IN	20.4	18434
Khalīlābād	IN	26.8	45321
Khamaria	IN	23.2	15019
Khambhāliya	IN	22.2	41734
Khambhāt	IN	22.3	99164
Khāmgaon	IN	20.7	94604
Khammam	IN	17.2	196283
Khānāpur	IN	15.6	19309
Khanapuram Haveli	IN	17.3	53442
Khandela	IN	27.6	29044
Khandwa	IN	21.8	200738
Khaniādhāna	IN	25.0	15877
Khanna	IN	30.7	128137
Khāpa	IN	21.4	15175
Khapat	IN	21.7	16744
Kharagpur	IN	22.3	219665
Kharakvasla	IN	18.4	78684
Kharar	IN	30.7	74460
Khardah	IN	22.7	128346
Kharghar	IN	19.0	80612
Khargone	IN	21.8	116150
Kharhiāl	IN	20.3	15087
Khariar Road	IN	20.9	18967
Kharkhauda	IN	28.9	25051
Kharsia	IN	22.0	18939
Khārupatia	IN	26.5	18599
Khatauli	IN	29.3	64731
Khātegaon	IN	22.6	25413
Khatīma	IN	28.9	15714
Khātra	IN	23.0	16484
Khed	IN	17.7	16892
Kheda	IN	22.8	25575
Khedbrahma	IN	24.0	29402
Khekra	IN	28.9	42408
Kherālu	IN	23.9	21843
Kheri	IN	27.9	26327
Kheri Nāngal	IN	29.4	18195
Kherli	IN	27.3	17634
Khetia	IN	21.7	15744
Khetri	IN	28.0	18209
Khilchipur	IN	24.0	18928
Khirkiya	IN	22.2	22737
Khongapani	IN	23.2	17400
Khoni	IN	19.3	26016
Khopoli	IN	18.8	71141
Khordha	IN	20.2	46205
Khowai	IN	24.1	20046
Khuldābād	IN	20.0	15749
Khunti	IN	23.1	36390
Khurai	IN	24.0	51108
Khurja	IN	28.3	105909
Khusropur	IN	25.5	15731
Khūtār	IN	28.2	15618
Kichha	IN	28.9	34904
Kidarakulam	IN	8.6	29624
Kīl Bhuvanagiri	IN	11.4	21956
Kilakarai	IN	9.2	38355
Kilapavoor	IN	8.9	22231
Kīlattingal	IN	8.7	15185
Killannur	IN	10.6	20339
Kim	IN	21.4	18638
Kinwat	IN	19.6	28454
Kiphire	IN	25.9	16487
Kirandul	IN	18.6	19053
Kiraoli	IN	27.1	21024
Kirāri Sulemānnagar	IN	28.7	283211
Kīratpur	IN	29.5	60223
Kishanganj	IN	26.1	105782
Kishangarh	IN	26.6	154886
Kishtwār	IN	33.3	20553
Kithor	IN	28.9	25262
Kizhake Chālakudi	IN	10.3	49525
Kizhariyūr	IN	11.5	15116
Kizhuparamba	IN	11.3	22062
Kizhuvalam-Koonthalloor	IN	8.7	30770
Koāth	IN	25.3	18890
Koch Bihār	IN	26.3	78737
Kochi	IN	9.9	633553
Kodaikānāl	IN	10.2	36501
Kodamthuruth	IN	9.8	21295
Kodār	IN	17.0	64234
Kodarma	IN	24.5	24633
Kodīnar	IN	20.8	41492
Kodoli	IN	17.7	26106
Kodungallūr	IN	10.2	60190
Kodur	IN	11.0	45459
Koduvayur	IN	10.7	20703
Koelwār	IN	25.6	25494
Kohima	IN	25.7	99039
Koipādi	IN	12.6	18121
Kokōtamangalam South	IN	9.7	17047
Kokrajhar	IN	26.4	34136
Kolaccheri	IN	12.0	17095
Kolar	IN	23.2	87882
Kolār	IN	13.1	138462
Kolāras	IN	25.2	19781
Kolasib	IN	24.2	25000
Kolavallúr	IN	11.8	19817
Kolhāpur	IN	16.7	549236
Kolkata	IN	22.6	4631392
Kollam	IN	8.9	367107
Kollancode	IN	8.3	38385
Kollegāl	IN	12.2	57149
Kollivāyal	IN	11.5	21943
Komalapuram	IN	9.5	47126
Kombai	IN	9.8	15960
Kompalli	IN	17.5	15575
Konārka	IN	19.9	16834
Konch	IN	26.0	52773
Kondagaon	IN	19.6	30921
Kondalampatti	IN	11.6	20318
Kondapalle	IN	16.6	38714
Kondasamudram	IN	12.9	21335
Kondli	IN	28.6	38207
Kondotty	IN	11.1	28794
Konnagar	IN	22.7	76082
Konnūr	IN	16.2	19386
Koothanallur	IN	10.7	25423
Koothappar	IN	10.8	15943
Koovappady	IN	10.2	29339
Kopāganj	IN	26.0	33539
Kopali	IN	22.8	43256
Kopargaon	IN	19.9	65273
Kopawor	IN	34.5	21771
Koppal	IN	15.3	70698
koppana Agrahara	IN	12.9	20622
Koraput	IN	18.8	47468
Koratagere	IN	13.5	15265
Koratla	IN	18.8	66504
Koratti	IN	10.3	17618
Korba	IN	22.3	419146
Koregaon	IN	18.6	25846
Korochi	IN	16.7	20420
Korwai	IN	24.1	15136
Kosamba	IN	21.5	33221
Kosi	IN	27.8	52492
Kosigi	IN	15.9	15455
Kot Kapūra	IN	30.6	91979
Kota	IN	25.2	1001694
Kotā	IN	22.3	18405
Kotagiri	IN	11.4	28848
Kotamangalam	IN	10.1	38837
Kotapārh	IN	19.1	16326
Kotdwāra	IN	29.7	27009
Kōtekāra	IN	12.8	16505
Kothakota	IN	16.4	19042
Kothanallur	IN	8.3	17662
Kotharia	IN	22.2	53794
Kotivakkam	IN	13.0	20217
Kotkapura	IN	30.6	80741
Kotma	IN	23.2	31756
Kotputli	IN	27.7	49202
Kottagūdem	IN	17.6	79819
Kottaikādu	IN	12.3	28172
Kottaikuppam	IN	12.0	31726
Kōttakkal	IN	11.0	44382
Kottangara	IN	8.9	44402
Kottappally	IN	11.6	21169
Kottārakara	IN	9.0	29788
Kottayam	IN	9.6	55374
Kōttayam	IN	11.8	19176
Kottur	IN	10.5	26627
Kottūru	IN	14.8	26289
Kottuvalli	IN	10.1	42922
Kovilpatti	IN	9.2	95057
Kovūr	IN	14.5	35600
Kovvūr	IN	17.0	40379
Koyilandy	IN	11.4	71873
Koynanagar	IN	17.4	28091
Kozhikode	IN	11.2	550440
Krishnagiri	IN	12.5	71323
Krishnanagar	IN	23.4	145926
Krishnāpuram	IN	9.2	26705
Krishnarājāsāgara	IN	12.4	35805
Krishnarājpet	IN	12.7	25946
Kuchāman	IN	27.1	61969
Kuchera	IN	27.0	23468
Kuchinda	IN	21.7	15576
Kuda	IN	25.9	16108
Kudachi	IN	16.6	23154
Kudāl	IN	16.0	16015
Kudali	IN	11.9	15236
Kudappanakkunnu	IN	8.6	41583
Kūdligi	IN	14.9	26680
Kūdlu	IN	12.5	26235
Kuju	IN	23.7	21356
Kukatpally	IN	17.5	341709
Kukshi	IN	22.2	28331
Kulasegaram	IN	8.4	17267
Kulasēkarapuram	IN	9.1	26907
Kulathummal	IN	8.5	40448
Kulattuppālaiyam	IN	10.8	17819
Kulgam	IN	33.6	23584
Kulittalai	IN	10.9	27910
Kullattūr	IN	12.9	27374
Kulpahār	IN	25.3	18976
Kulti	IN	23.7	305405
Kulu	IN	32.0	19831
Kumārapālaiyam	IN	11.5	15706
Kumarapalayam	IN	11.4	195071
Kumārapuram	IN	9.3	26943
Kumbakonam	IN	11.0	167155
Kumbalam	IN	9.9	29193
Kumbalangy	IN	9.9	42367
Kumbhrāj	IN	24.4	19707
Kumhāri	IN	21.3	38334
Kūmher	IN	27.3	23540
Kumta	IN	14.4	36719
Kunda	IN	25.7	24948
Kundapura	IN	13.6	30444
Kundarkhi	IN	28.7	27197
Kundgol	IN	15.3	18726
Kundla	IN	21.3	76809
Kundli	IN	28.9	21633
Kunigal	IN	13.0	34155
Kuniyamuttūr	IN	11.0	95924
Kunnamangalam	IN	11.3	47396
Kunnamkulam	IN	10.6	63903
Kunnatnād	IN	10.0	22881
Kunnimangalam	IN	12.1	18965
Kunnummal	IN	11.7	18031
Kuppam	IN	12.7	21963
Kūrāli	IN	30.8	31060
Kurandvād	IN	16.7	22372
Kurduvādi	IN	18.1	23131
Kurichchi	IN	11.0	123667
Kurikuppi	IN	15.2	22560
Kurinjippādi	IN	11.6	39514
Kurnool	IN	15.8	460184
Kurseong	IN	26.9	46427
Kurumathur	IN	12.0	18641
Kurumbapet	IN	11.9	32871
Kuruvattūr	IN	11.3	34241
Kurwai	IN	24.1	15487
Kushālnagar	IN	12.5	15326
Kushinagar	IN	26.7	274403
Kushtagi	IN	15.8	24878
Kusum Pur	IN	28.6	17028
Kuthalam	IN	11.1	16125
Kutiatodu	IN	9.8	23669
Kutiyāna	IN	21.6	16877
Kuttampuzha	IN	10.2	25436
Kuttikkāttūr	IN	11.3	25929
Kuttippuram	IN	10.8	25750
Kuttuparamba	IN	11.8	29619
Kuzhithurai	IN	8.3	21307
Kyathampalle	IN	19.7	42275
L.A.Sagaram	IN	13.9	19904
Lādnūn	IN	27.7	65575
Lādwa	IN	30.0	28887
Lahār	IN	26.2	35674
Lāharpur	IN	27.7	55911
Laitumkhrah	IN	25.6	27219
Lākheri	IN	25.7	29572
Lakhīmpur	IN	27.9	140223
Lakhipur	IN	26.0	15633
Lakhnādon	IN	22.6	17302
Lakhyabad	IN	23.7	33162
Lakkanahalli	IN	12.1	39697
Laksar	IN	29.8	19270
Lakshmeshwar	IN	15.1	36754
Lal Bahadur Nagar	IN	17.3	261987
Lalganj	IN	25.8	23124
Lālganj	IN	25.9	37098
Lālgola	IN	24.4	28442
Lalgudi	IN	10.9	23740
Lalitpur	IN	24.7	126475
Lālpettai	IN	11.3	16561
Lālpur	IN	22.2	15076
Lālru	IN	30.5	21394
Lālsot	IN	26.6	34363
Lanka	IN	25.9	36805
Lar	IN	26.2	26688
Lāsalgaon	IN	20.1	17360
Lātehār	IN	23.7	26981
Lateri	IN	24.1	18844
Lāthi	IN	21.7	22745
Latur	IN	18.4	382940
Laungowāl	IN	30.2	21880
Lauri	IN	25.1	22002
Lāwar Khās	IN	29.1	19556
Lawngtlai	IN	22.5	20830
Laxmangarh	IN	27.8	53392
Leh	IN	34.2	37475
Lehragaga	IN	29.9	22588
Leteri	IN	24.1	15519
Libāspur	IN	28.8	44375
Limbdi	IN	22.6	42769
Lingiādīh	IN	22.1	22209
Lingsugūr	IN	16.2	35411
Lochapada	IN	19.3	16377
Loha	IN	18.9	24125
Lohāra	IN	20.4	22664
Lohārdagā	IN	23.4	57411
Lonand	IN	18.0	18723
Lonar	IN	20.0	23416
Lonavla	IN	18.8	58562
Longowal	IN	30.2	23851
Loni	IN	28.8	516082
Lormi	IN	22.3	15156
Losal	IN	27.4	28504
Luckeesarai	IN	25.2	99979
Lucknow	IN	26.8	2472011
Ludhiana	IN	30.9	1618879
Lumding Railway Colony	IN	25.7	31347
Lūnāvāda	IN	23.1	36954
Lunglei	IN	22.9	57011
Māchai	IN	15.8	18073
Mācherla	IN	16.5	57290
Māchhīwāra	IN	30.9	24916
Machhlīshahr	IN	25.7	25247
Machilīpatnam	IN	16.2	192827
Madambakkam	IN	12.9	17058
Madanapalle	IN	13.6	180180
Madattukkulam	IN	10.6	20620
Mādāyi	IN	12.0	35888
Maddūr	IN	12.6	28754
Madgaon	IN	15.3	87650
Madhapar	IN	23.2	32293
Madhavaram	IN	13.1	119105
Madhepura	IN	25.9	54472
Madhira	IN	16.9	22716
Madhuban	IN	26.4	17510
Madhubani	IN	26.4	75736
Madhugiri	IN	13.7	29159
Madhupur	IN	24.3	55238
Madhurampur Dehri	IN	25.0	137231
Madhyamgram	IN	22.7	161126
Madikeri	IN	12.4	33540
Madipakkam	IN	13.0	35752
Madukkarai	IN	10.9	30357
Madukkūr	IN	10.5	16266
Madurai	IN	9.9	1465625
Maduraivayal	IN	13.1	19208
Madurāntakam	IN	12.5	30796
Maduravoyal	IN	13.1	86195
Māgadi	IN	13.0	27605
Maghar	IN	26.8	17011
Mahabalipuram	IN	12.6	15172
Mahād	IN	18.1	27536
Mahādula	IN	21.3	21481
Mahālingpur	IN	16.4	36055
Maham	IN	29.0	20484
Mahārāganj	IN	27.1	30548
Mahārājgani	IN	26.1	24282
Mahārājpur	IN	25.0	23328
Mahāsamund	IN	21.1	54413
Mahbūbābād	IN	17.6	42851
Mahbūbnagar	IN	16.7	190400
Mahē	IN	11.7	41816
Mahemdāvād	IN	22.8	35368
Mahendragarh	IN	28.3	29128
Mahesāna	IN	23.6	190753
Maheshtala	IN	22.5	448317
Maheshwar	IN	22.2	24411
Mahgawān	IN	26.5	21335
Mahiari	IN	22.6	17051
Mahīshādal	IN	22.2	17988
Mahmudābād	IN	27.3	45921
Mahna	IN	30.2	27733
Mahnar Bazar	IN	25.6	48293
Mahobā	IN	25.3	89170
Maholi	IN	27.7	19343
Mahudha	IN	22.8	17722
Mahuva	IN	21.1	98519
Mahwa	IN	27.0	24846
Maihar	IN	24.3	40192
Maināguri	IN	26.6	29459
Mainpuri	IN	27.2	94619
Mairwa	IN	26.2	23565
Maithon	IN	23.8	18830
Majalgaon	IN	19.2	49453
Majhiāon Kalān	IN	24.3	18349
Makhdumpur	IN	25.1	31994
Makrāna	IN	27.0	94487
Makronia	IN	23.8	23861
Maksi	IN	23.3	20094
Mākum	IN	27.5	16923
Malajkhand	IN	22.1	34176
Malakanagiri	IN	18.4	31007
Malakpur Kohi Rangpur	IN	28.5	23726
Malappuram	IN	11.0	101386
Malavalli	IN	12.4	38129
Malayinkeezhu	IN	8.5	37350
Malda	IN	25.0	170039
Malegaon	IN	20.5	481228
Māler Kotla	IN	30.5	135424
Malīhābād	IN	26.9	16649
Māliya	IN	23.1	15964
Malkajgiri	IN	17.4	150000
Malkapur	IN	17.3	32000
Malkāpur	IN	20.9	67740
Mallasamudram	IN	11.5	18820
Malout	IN	30.2	81406
Malpe	IN	13.3	23496
Mālpura	IN	26.3	36028
Mālūr	IN	13.0	40050
Mālvan	IN	16.1	18858
Māmidālapādu	IN	15.9	26694
Mamsapuram	IN	9.5	18635
Mamun	IN	32.3	32689
Manakunnam	IN	9.9	39538
Manali	IN	13.2	35248
Manalur	IN	10.5	17757
Manamadurai	IN	9.7	32257
Manapparai	IN	10.6	40510
Manāsa	IN	24.5	26551
Mānāvadar	IN	21.5	30850
Manaveli	IN	11.9	15666
Manāwar	IN	22.2	30393
Manchar	IN	19.0	18876
Mancherial	IN	18.9	89935
Māndal	IN	25.4	23478
Māndalgarh	IN	25.2	21569
Mandamarri	IN	19.0	66176
Mandapam	IN	9.3	18427
Mandapeta	IN	16.9	56063
Mandāwa	IN	28.1	23335
Mandāwar	IN	29.5	21339
Mandi	IN	31.7	28217
Mandi Dabwāli	IN	30.0	52873
Mandideep	IN	23.1	59654
Mandlā	IN	22.6	55133
Mandoli	IN	28.7	120417
Mandsaur	IN	24.1	141667
Māndvi	IN	22.8	51376
Mandya	IN	12.5	137358
Manendragarh	IN	23.2	33071
Maner	IN	25.6	40068
Mānesar	IN	28.4	23448
Mangalagiri	IN	16.4	107197
Mangalam	IN	13.7	19318
Mangaldai	IN	26.4	25989
Mangaluru	IN	12.9	499487
Mangalvedha	IN	17.5	21824
Mangattidam	IN	11.8	18627
Manglaur	IN	29.8	46395
Mango	IN	22.8	223805
Māngrol	IN	21.1	69779
Mangrūl Pīr	IN	20.3	30983
Mani Mājra	IN	30.7	15489
Maniar	IN	26.0	20462
Manihāri	IN	25.3	26629
Manipal	IN	13.3	34370
Māniyūr	IN	11.6	21820
Manjeri	IN	11.1	97102
Manjhanpur	IN	25.5	16939
Mankāchar	IN	25.5	31091
Manmād	IN	20.3	80058
Mannachanallur	IN	10.9	25931
Mannanchōri	IN	9.6	32139
Mannarai	IN	11.1	17261
Mannārakkāt	IN	11.0	50921
Mannargudi	IN	10.7	66999
Manoharpur	IN	27.3	28928
Mānsa	IN	30.0	82956
Manthani	IN	18.7	15661
Manuguru	IN	17.9	32539
Mānvi	IN	16.0	46465
Manwath	IN	19.3	32488
Mappilaiurani	IN	8.8	40035
Mapusa	IN	15.6	40122
Maradu	IN	9.9	44704
Mārahra	IN	27.7	18873
Maraimalainagar	IN	12.8	81872
Marakkanam	IN	12.2	22034
Marampilly	IN	10.1	23272
Māranchēri	IN	10.7	35011
Marattakara	IN	10.5	15817
Marayur	IN	10.3	25000
Margherita	IN	27.3	26914
Marhaura	IN	26.0	29932
Mariāhu	IN	25.6	22248
Mariāni	IN	26.7	23640
Mārkāpur	IN	15.7	71092
Marthandam	IN	8.3	20938
Martūru	IN	10.2	18890
Marutharōd	IN	10.8	24963
Masaurhi Buzurg	IN	25.4	59803
Mātābhānga	IN	26.3	22642
Mathur	IN	13.2	27674
Mathura	IN	27.5	330511
Mattanur	IN	11.9	47078
Mattigiri	IN	12.7	23129
Mau	IN	25.9	246050
Mau Aimma	IN	25.7	20123
Maudaha	IN	25.7	37844
Mauganj	IN	24.7	26420
Maur	IN	30.1	31849
Maval	IN	18.8	15612
Māvelikara	IN	9.3	28300
Mavoor	IN	11.3	29781
Mawāna	IN	29.1	76973
Mawlai-Mawïong	IN	25.6	55012
Māyābandar	IN	12.9	23912
Mayāng Imphāl	IN	24.6	24239
Mayiladuthurai	IN	11.1	86660
Mayyanād	IN	8.8	40039
Mechcheri	IN	11.8	25676
Medak	IN	18.0	46880
Medchal	IN	17.6	35611
Meddappakkam	IN	12.9	45356
Medininagar	IN	24.0	78396
Medinīpur	IN	22.4	153349
Meenambakkam	IN	13.0	24334
Meerpet	IN	17.3	32013
Meerut	IN	29.0	1223184
Mehidpur	IN	23.5	34362
Mehkar	IN	20.2	45248
Mehndāwal	IN	27.0	25495
Mehsi	IN	26.4	25995
Melmadai	IN	9.9	43797
Melur	IN	10.0	40017
Memāri	IN	23.2	44448
Mendarda	IN	21.3	17166
Mennānyam	IN	11.6	15768
Mēppādam	IN	9.3	17067
Merta	IN	26.6	46070
Merta Road	IN	26.7	16905
Methukummal	IN	8.3	19417
Metpalle	IN	18.8	50902
Mettupalayam	IN	11.3	69213
Mettur	IN	11.8	56743
Mharal Bk	IN	19.2	29462
Mhaswad	IN	17.6	24120
Mhow	IN	22.6	81702
Mihona	IN	26.3	16935
Milak	IN	28.6	28505
Milavittan	IN	8.8	45863
Mīnād	IN	8.9	29716
Mīnjūr	IN	13.3	28337
Mir Pur Turk	IN	28.7	19098
Mīrānpur	IN	29.3	27390
Mīrānpur Katra	IN	28.0	29626
Mirganj	IN	26.4	26240
Mīrganj	IN	28.5	15335
Miryalaguda	IN	16.9	104918
Mirzāpur	IN	25.1	220029
Misrikh	IN	27.4	15007
Mīthepur	IN	28.5	69837
Modāsa	IN	23.5	67648
Modīnagar	IN	28.8	475843
Moga	IN	30.8	163397
Mohali	IN	30.7	166864
Moirāng	IN	24.5	19893
Mokameh	IN	25.4	60678
Mokēri	IN	11.8	19684
Mokokchūng	IN	26.3	35913
Molakālumuru	IN	14.7	15797
Molārband	IN	28.5	91402
Mon	IN	26.7	26328
Monoharpur	IN	22.1	23362
Moonak	IN	29.8	18141
Moonniyur	IN	11.1	55535
Moothakunnam	IN	10.2	27458
Morādābād	IN	28.8	721139
Moram	IN	17.8	18371
Morampudi	IN	17.0	15346
Morār	IN	26.2	48464
Moreh	IN	24.3	16847
Morena	IN	26.5	200482
Morigaon	IN	26.2	29164
Morinda	IN	30.8	24022
Mormugao	IN	15.4	102345
Morsi	IN	21.3	37333
Morvi	IN	22.8	210451
Morwa	IN	22.9	20168
Mothīhāri	IN	26.6	126158
Motipur	IN	26.3	28572
Mubarakpur	IN	26.1	53263
Mudalgi	IN	16.3	29128
Mūdbidri	IN	13.1	30632
Muddebihāl	IN	16.3	34217
Mudgal	IN	16.0	22731
Mudhol	IN	16.3	52199
Mudkhed	IN	19.2	23517
Mugalivakkam	IN	13.0	25117
Muhamma	IN	9.6	25861
Muhammadābād	IN	25.6	33186
Mukandgarh	IN	28.0	18469
Mukandpur	IN	28.7	57135
Mukeriān	IN	32.0	29841
Mukher	IN	18.7	28647
Mūkondapalli	IN	12.8	39245
Muktsar	IN	30.5	116747
Mūl	IN	20.1	25449
Mulakumūd	IN	8.3	19538
Mulamthuruthy	IN	9.9	25852
Mūlanūr	IN	10.8	15223
Mulavukad	IN	10.0	21833
Mulbāgal	IN	13.2	57276
Mulgund	IN	15.3	18928
Mūlki	IN	13.1	17274
Mūllānpur	IN	30.9	16356
Mullānwāla	IN	31.1	16183
Multai	IN	21.8	29976
Mulugu	IN	18.2	297671
Muluppilagadu	IN	11.8	23709
Mumbai	IN	19.1	12691836
Mundargi	IN	15.2	24919
Munderi	IN	11.9	21676
Mundgod	IN	15.0	18866
Mūndka	IN	28.7	54541
Mundra	IN	22.8	20338
Mūndwa	IN	27.1	17465
Mungaoli	IN	24.4	26192
Mungeli	IN	22.1	36450
Munger	IN	25.4	213303
Munnar	IN	10.1	68000
Murādābād Pahāri	IN	28.6	21502
Murādnagar	IN	28.8	89482
Murbād	IN	19.3	18725
Murlīganj	IN	25.9	28691
Murshidābād	IN	24.2	39557
Murtajāpur	IN	20.7	40295
Murudeshwara	IN	14.1	17938
Murugampālaiyam	IN	11.1	26349
Murwāra	IN	23.8	221883
Mushābani	IN	22.5	32761
Musiri	IN	11.0	30209
Mussoorie	IN	30.5	25753
Mustafābād	IN	28.7	127167
Muthukulam	IN	9.2	20740
Muthupet	IN	10.4	21722
Muthutala	IN	10.8	24861
Muttanampālaiyam	IN	11.1	26014
Muttayyāpuram	IN	8.7	32494
Mūvattupula	IN	10.0	29664
Muvattupuzha	IN	10.0	30397
Muzaffarnagar	IN	29.5	349706
Muzaffarpur	IN	26.1	354462
Mysuru	IN	12.3	920550
Nābha	IN	30.4	67972
Nabīnagar	IN	24.6	23984
Nādāpuram	IN	11.7	40230
Nādbai	IN	27.2	26411
Nadiād	IN	22.7	225071
Nadim Tiruvuru	IN	17.1	18567
Naduvannūr	IN	11.5	25979
Naduvattam	IN	10.9	21273
Nagalapuram	IN	13.4	34026
Nāgamangala	IN	12.8	17776
Nagaon	IN	26.4	121628
Nagapattinam	IN	10.8	102905
Nagar	IN	27.4	25572
Nāgar Karnūl	IN	16.5	29439
Nagari	IN	13.3	62253
Nāgaur	IN	27.2	105218
Nāgāvaram	IN	17.5	30502
Nagda	IN	23.5	103501
Nāgercoil	IN	8.2	224849
Nagīna	IN	29.4	76593
Nāgod	IN	24.6	22568
Nagpur	IN	21.1	2405665
Nāhan	IN	30.6	28899
Naharlagun	IN	27.1	36158
Nahorkatiya	IN	27.3	18937
Naihāti	IN	22.9	253221
Nailā	IN	22.0	40561
Naini Tāl	IN	29.4	42309
Nainpur	IN	22.4	24914
Nainwa	IN	25.8	19485
Najafgarh	IN	28.6	1365000
Najībābād	IN	29.6	84006
Nakodar	IN	31.1	36973
Nakrekal	IN	17.2	29126
Naksalbāri	IN	26.7	57283
Nakūr	IN	29.9	23084
Nal Khera	IN	23.8	16690
Nalambūr	IN	13.1	21973
Nalbāri	IN	26.4	27839
Nalco	IN	20.9	19644
Naldurg	IN	17.8	18341
Nalgonda	IN	17.1	154326
Nalhāti	IN	24.3	25878
Nallavila	IN	8.2	16138
Nalloor	IN	8.3	17989
Nallūr	IN	11.1	70115
Nāmagiripettai	IN	11.5	22098
Nāmakkal	IN	11.2	55997
Nambiyūr	IN	11.4	16379
Nambol	IN	24.7	22512
Namminikara	IN	10.4	18067
Nāmrup	IN	27.2	18432
Nanauta	IN	29.7	18738
Nanded	IN	19.2	550564
Nāndgaon	IN	20.3	24209
Nandigāma	IN	16.8	38219
Nandikotkūr	IN	15.9	45343
Nandri	IN	26.3	20827
Nāndūra	IN	20.8	44419
Nandurbar	IN	21.4	111037
Nandyāl	IN	15.5	211424
Nangal	IN	31.4	48497
Nangavaram	IN	10.9	17629
Nangli	IN	31.7	20440
Nangli Sakrawat	IN	28.6	37706
Nāngloi Jāt	IN	28.7	205596
Nani Daman	IN	20.4	62000
Nanjangūd	IN	12.1	50598
Nānjikkottai	IN	10.7	32689
Nanminda	IN	11.4	27316
Nannambra	IN	11.0	40543
Nānpāra	IN	27.9	46280
Napāsar	IN	28.0	21750
Naraina	IN	26.8	17048
Naraingarh	IN	30.5	22832
Naraini	IN	25.2	15077
Nārāinpur	IN	19.7	22106
Narakal	IN	10.0	23760
Nāranammālpuram	IN	8.8	17094
Narasannapeta	IN	18.4	26280
Narasapur	IN	16.4	59306
Narasaraopet	IN	16.2	117489
Narasimhanaickenpalayam	IN	11.1	17858
Narasingapuram	IN	11.6	23084
Narauli	IN	28.5	17945
Naraura	IN	28.2	22432
Nāravārikuppam	IN	13.2	20946
Nārāyankher	IN	18.0	15610
Nārāyanpet	IN	16.7	41752
Naregal	IN	15.6	17403
Narela	IN	28.9	800000
Nargund	IN	15.7	36291
Narkatiāganj	IN	27.1	49507
Narkher	IN	21.5	21127
Narmadapuram	IN	22.7	117988
Narnaul	IN	28.0	74581
Nārnaund	IN	29.2	17242
Naroli	IN	20.3	16260
Nārsala	IN	21.1	17330
Narsampet	IN	17.9	30963
Narsimhapur	IN	22.9	59966
Narsinghgarh	IN	23.7	32329
Narsīpatnam	IN	17.7	33757
Narwāna	IN	29.6	62090
Narwar	IN	25.6	19385
Nashik	IN	20.0	1486053
Nasīrābād	IN	26.3	51747
Nāspur	IN	18.8	31244
Nāsriganj	IN	25.1	23819
Nasrullāhganj	IN	22.7	23788
Nāteputa	IN	17.9	17930
Natham	IN	10.2	23660
Nāthdwāra	IN	24.9	42016
Nattakam	IN	9.5	38599
Nattappettai	IN	12.8	19883
Naubatpur	IN	25.5	25011
Naugachhia	IN	25.4	49069
Nautanwa	IN	27.4	32587
Navadwīp	IN	23.4	111123
Navalgund	IN	15.6	24613
Navalpattu	IN	10.8	16788
Navāpur	IN	21.2	34207
Navi Mumbai	IN	19.0	2600000
Navsari	IN	20.9	171109
Nāwa	IN	27.0	22088
Nawābganj	IN	26.9	79246
Nawāda	IN	24.9	98029
Nawalgarh	IN	27.9	63948
Nawanshahr	IN	31.1	46024
Nawāpāra	IN	21.0	29315
Naya Gaon	IN	30.8	50869
Nayāgarh	IN	20.1	17030
Nāyanakulam	IN	10.0	23284
Nāyudupet	IN	13.9	45769
Nazareth	IN	8.6	16584
Neb Sarai	IN	28.5	15640
Nedumangād	IN	8.6	60161
Nedumbassery	IN	10.2	29706
Nedumpana	IN	8.9	29454
Neduva	IN	11.1	35996
Neelagiri	IN	10.8	16197
Neelankarai	IN	12.9	76600
Neem ka Thana	IN	27.7	36231
Nelamangala	IN	13.1	37232
Nellikkuppam	IN	11.8	46678
Nellimarla	IN	18.2	20498
Nellore	IN	14.4	547621
Nepānagar	IN	21.5	32611
Ner	IN	20.5	29302
Neral	IN	19.0	18429
Nerkunram	IN	13.1	59790
Nerupperichchal	IN	11.2	53579
New Delhi	IN	28.6	317797
Neyveli	IN	11.6	179150
Neyyāttinkara	IN	8.4	88104
Ngūr	IN	23.5	32734
Nichlaul	IN	27.3	17567
Nidadavole	IN	16.9	44173
Nihtaur	IN	29.3	48389
Nilagiri	IN	21.5	17264
Nilakottai	IN	10.2	22197
Nilambūr	IN	11.3	46366
Nilanga	IN	18.1	36172
Nildoh	IN	21.1	38157
Nīlēshwar	IN	12.3	25405
Nilithi	IN	28.7	43371
Nīlokheri	IN	29.8	17938
Nimach	IN	24.5	128561
Nīmāj	IN	26.1	20424
Nimāparha	IN	20.1	19289
Nīmbāhera	IN	24.6	61949
Nipāni	IN	16.4	62865
Nirmal	IN	19.1	88433
Nirmāli	IN	26.3	20189
Nīsang	IN	29.7	17438
Nithari	IN	28.7	50464
Nivāri	IN	25.3	23724
Niwai	IN	26.4	37765
Niz-Hajo	IN	26.2	15188
Nizāmābād	IN	18.7	311152
Noāmundi	IN	22.2	17954
Nohar	IN	29.2	49835
Nohsa	IN	25.6	16680
Noida	IN	28.6	293908
Nokha	IN	27.6	62699
Nongpoh	IN	25.9	17055
Nongstoin	IN	25.5	28742
Nongthymmai	IN	25.6	38004
North Guwāhāti	IN	26.2	17516
North Lakhimpur	IN	27.2	59841
Nowgong	IN	25.1	40580
Nowrangapur	IN	19.2	1220946
Nowrozabad	IN	23.4	21883
Nūh	IN	28.1	16260
Nūrpur	IN	29.1	39077
Nūzvīd	IN	16.8	58590
Obra	IN	24.4	56110
Ochira	IN	9.1	28412
Od	IN	22.6	23250
Oddanchathiram	IN	10.5	30064
Okha	IN	22.5	62052
Olavanna	IN	11.2	43895
Omalur	IN	11.7	16279
Ongallur-I	IN	10.8	16998
Ongallur-II	IN	10.8	26273
Ongole	IN	15.5	208344
Ooty	IN	11.4	233426
Orai	IN	26.0	158265
Othukkungal	IN	11.0	39139
Ottakkadai	IN	10.0	15152
Ottapalam	IN	10.8	53792
Ozar	IN	20.1	51297
Pāchchal	IN	12.5	16789
Pachgaon	IN	16.7	22353
Pachor	IN	23.7	27396
Pāchora	IN	20.7	59609
Pachperwa	IN	27.5	15056
Pacode	IN	8.3	24050
Padam	IN	33.5	25000
Padampur	IN	29.7	18454
Pādiyanallūr	IN	13.2	23819
Padmanābhapuram	IN	8.2	21342
Padmapur	IN	21.0	17625
Padra	IN	22.2	46660
Padrauna	IN	26.9	47181
Pahāsu	IN	28.2	18854
Painkulam	IN	8.3	23630
Paippad	IN	9.4	21338
Paithan	IN	19.5	41536
Pākāla	IN	13.4	24680
Pakridayal	IN	26.6	29582
Pakur	IN	24.6	45840
Palai	IN	9.7	22056
Pālaiyam	IN	10.7	15336
Pālaiyampatti	IN	9.5	18576
Palakkad	IN	10.8	132728
Pālakkodu	IN	12.3	20959
Palakollu	IN	16.5	81199
Palangarai	IN	11.2	17248
Palani	IN	10.5	70467
Pālanpur	IN	24.2	141592
Palappallam	IN	8.2	18589
Palāsa	IN	18.8	65833
Palavakkam	IN	13.0	26766
Palavansathu	IN	12.9	22176
Palayad	IN	11.6	18141
Pālda	IN	22.7	18697
Palera	IN	25.0	17493
Pālghar	IN	19.7	72335
Pāli	IN	25.8	230075
Paliā Kalān	IN	28.4	38547
Pālitāna	IN	21.5	64497
Pālkonda	IN	18.6	29378
Palladam	IN	11.0	42225
Pallappatti	IN	10.7	30624
Pallāvaram	IN	13.0	233984
Pallichal	IN	8.4	53861
Pallikal	IN	11.1	46962
Pallikaranai	IN	12.9	43493
Pallikonda	IN	12.9	23067
Pallikunnu	IN	11.9	27820
Pallipalayam	IN	11.4	40140
Pallippatti	IN	11.9	26492
Pallipuram	IN	9.8	28276
Palmaner	IN	13.2	54035
Pāloncha	IN	17.6	75224
Palugal	IN	8.4	18276
Palwal	IN	28.1	131926
Palwal Rural	IN	28.1	23072
Palwancha	IN	17.6	80199
Pāmban	IN	9.3	30926
Pammal	IN	13.0	75870
Pāmpur	IN	34.0	21680
Pāmūru	IN	15.1	20000
Panachikkad	IN	9.5	43595
Panāgar	IN	23.3	27932
Pānakkudi	IN	8.3	29895
Panangad	IN	10.3	15630
Panayāttur Vadakkumbhāgam	IN	9.0	25607
Panchkula	IN	30.7	211355
Pānchla	IN	22.5	23526
Pandaria	IN	22.2	16165
Pāndharkawada	IN	20.0	31094
Pandharpur	IN	17.7	98923
Pāndhurnā	IN	21.6	45479
Pandit Deen Dayal Upadhyaya Nagar	IN	25.3	109650
Pandua	IN	23.1	28205
Pānihāti	IN	22.7	378705
Panipat	IN	29.4	295970
Panipat Taraf Ansar	IN	29.4	42877
Panipat Taraf Makhdum Zadgan	IN	29.4	67998
Panipat Taraf Rajputan	IN	29.4	28803
Panjim	IN	15.5	70991
Panna	IN	24.7	59091
Panniyannūr	IN	11.7	22308
Panoor	IN	11.8	17438
Panruti	IN	11.8	60323
Panth Pīplia	IN	24.2	15070
Pantheeramkavu	IN	11.2	24537
Panvel	IN	19.0	195373
Pāonta Sāhib	IN	30.4	25183
Papanasam	IN	10.9	17548
Pāppākurichchi	IN	10.8	24023
Pāppinisshēri	IN	12.0	35134
Pappinivattom	IN	10.3	15336
Parādīp Garh	IN	20.3	85868
Paralakhemundi	IN	18.8	87152
Paramagudi	IN	9.5	95579
Paramathi Velur	IN	11.2	25012
Paranda	IN	18.3	18758
Parangipettai	IN	11.5	25541
Parappur	IN	11.0	36270
Parāsia	IN	22.2	42786
Pārassāla	IN	8.3	34096
Paravai	IN	10.0	20042
Paravūr Tekkumbhāgam	IN	8.8	38946
Parbhani	IN	19.3	307170
Pārdi	IN	20.5	28495
Parīchhatgarh	IN	29.0	18990
Pariyāpuram	IN	11.0	22766
Pariyāram	IN	12.1	20405
Parli Vaijnāth	IN	18.9	94863
Parola	IN	20.9	37666
Partūr	IN	19.6	35883
Parūr	IN	10.1	31503
Pārvatipuram	IN	18.8	53844
Parvatsar	IN	26.9	15405
Pasan	IN	23.2	28447
Pasān	IN	22.8	30928
Pāsighāt	IN	28.1	25581
Pasthal	IN	19.8	18194
Patāmundai	IN	20.6	36528
Pātan	IN	23.9	133737
Patancheru	IN	17.5	46821
Pataudi	IN	28.3	20418
Patdi	IN	23.2	17725
Pathalgaon	IN	22.6	16613
Pathanāmthitta	IN	9.3	38285
Pathānkot	IN	32.3	174306
Pāthardi	IN	19.2	27211
Pāthardih	IN	23.7	45276
Patharia	IN	23.9	21026
Pathirappally	IN	9.5	27445
Pāthri	IN	19.3	37648
Patiāla	IN	30.3	446246
Patiriyat	IN	11.8	18008
Patna	IN	25.6	1684297
Patnāgarh	IN	20.7	21024
Patran	IN	30.0	27963
Patrātu	IN	23.7	32899
Pattamadai	IN	8.7	16625
Pattāmbi	IN	10.8	28632
Pattan	IN	34.2	19538
Patti	IN	31.3	40976
Pattiyūrgrāmam	IN	9.2	23460
Pattukkottai	IN	10.4	73135
Pāttyam	IN	11.8	20161
Pātūr	IN	20.5	21747
Patuvilāyi	IN	11.9	20598
Pauri	IN	30.2	26514
Pāvugada	IN	14.1	32063
Pawāyan	IN	28.1	25708
Pawni	IN	20.8	23450
Payakaraopeta	IN	17.4	27001
Payyanur	IN	12.1	72111
Pedana	IN	16.3	30721
Peddanāyakkanpālaiyam	IN	11.7	17678
Peddapalli	IN	18.6	41171
Peddāpuram	IN	17.1	49477
Pehlādpur Bāngar	IN	28.8	22968
Pehowa	IN	30.0	39101
Pen	IN	18.7	37852
Penha de França	IN	15.5	15342
Pennādam	IN	11.4	19494
Pennāgaram	IN	12.1	17480
Penugonda	IN	16.7	23654
Penukonda	IN	14.1	20220
Peralassery	IN	11.8	16821
Perambalur	IN	11.2	49648
Peranāmpattu	IN	12.9	51271
Peravurani	IN	10.3	22084
Peringathur	IN	11.7	40292
Peringottupulam	IN	11.0	36602
Perinjanam	IN	10.3	21012
Perintalmanna	IN	11.0	49723
Periya Semūr	IN	11.4	55282
Periyakottai	IN	10.6	17356
Periyakulam	IN	10.1	42976
Periyanayakkanpalaiyam	IN	11.2	25930
Periyapatti	IN	11.2	15690
Perumanna	IN	11.3	35460
Perumbaikad	IN	9.6	42839
Perumbavoor	IN	10.1	28110
Perumpāvūr	IN	10.1	27105
Perunād	IN	8.9	35173
Perundurai	IN	11.3	24930
Perungudi	IN	13.0	43111
Perunkalattu	IN	12.9	37342
Peruvallur	IN	11.1	34941
Pethāpur	IN	23.3	23497
Petlād	IN	22.5	55330
Petlāwad	IN	23.0	15174
Phagwāra	IN	31.2	100146
Phalauda	IN	29.2	18545
Phalodi	IN	27.1	49914
Phaltan	IN	18.0	53202
Phaphūnd	IN	26.6	16675
Phek	IN	25.7	15118
Phillaur	IN	31.0	24688
Phirangipuram	IN	16.3	17335
Phulbāni	IN	20.5	37371
Phulera	IN	26.9	26091
Phulpur	IN	25.5	22886
Phulwari Sharif	IN	25.6	81740
Phusro	IN	23.8	185555
Pichor	IN	25.2	18127
Pidugurālla	IN	16.5	63103
Pihānī	IN	27.6	30369
Pilāni	IN	28.4	29741
Pīleru	IN	13.7	41489
Pilibangan	IN	29.4	37288
Pīlibhīt	IN	28.6	131008
Pilkhua	IN	28.7	74212
Pimpri	IN	18.6	1284606
Pimpri-Chinchwad	IN	18.6	1727692
Pināhat	IN	26.9	19511
Pinarāyi	IN	11.8	16801
Pindwāra	IN	24.8	24487
Pinjaur	IN	30.8	35912
Pīpār	IN	26.4	36810
Pipariā	IN	22.8	48826
Pipili	IN	20.1	17623
Pipraich	IN	26.8	15856
Pipri	IN	20.8	23661
Pīpri	IN	19.8	23047
Piranvādi	IN	15.8	17874
Piravam	IN	9.9	28254
Pirāyiri	IN	10.8	41359
Piriyāpatna	IN	12.3	16685
Piro	IN	25.3	33785
Pirthīpur	IN	25.2	26883
Pīrzādagūda	IN	17.4	32586
Pithampur	IN	22.6	126200
Pithāpuram	IN	17.1	54859
Pithorāgarh	IN	29.6	47571
Podaturpet	IN	13.3	35000
Podili	IN	15.6	31145
Pokaran	IN	26.9	23554
Polasara	IN	19.7	23119
Polavaram	IN	17.2	43710
Polichalur	IN	13.0	21906
Pollachi	IN	10.7	90180
Polūr	IN	12.5	28123
Ponda	IN	15.4	22664
Ponmana	IN	9.0	29139
Ponmundam	IN	11.0	25855
Ponnāni	IN	10.8	105512
Ponneri	IN	13.3	31025
Ponnur	IN	16.1	59913
Ponnūru	IN	16.1	57170
Poonamalle	IN	13.0	60607
Poranki	IN	16.5	25545
Porathissery	IN	10.4	16768
Porbandar	IN	21.6	152760
Porsa	IN	26.7	39669
Port Blair	IN	11.7	112050
Porur	IN	13.0	46690
Pottaneri Nallakavundanpatti	IN	11.8	25133
Pottanūr	IN	11.1	18455
Powai	IN	19.1	20000
Prāntij	IN	23.4	23596
Pratāpgarh	IN	24.0	42079
Prayagraj	IN	25.4	1073438
Proddatūr	IN	14.8	177797
Puducherry	IN	11.9	657209
Pudukkottai	IN	10.4	117630
Pudunagaram	IN	10.7	17892
Pudupattanam	IN	12.5	21151
Pudūr	IN	11.4	17240
Pudusseri	IN	10.8	16629
Pudussery West	IN	10.8	20140
Pugalūr	IN	11.1	23408
Pujali	IN	22.5	37047
Pukhrāyān	IN	26.2	22555
Pul Pehlad	IN	28.5	69657
Pūlakkōd	IN	11.3	29872
Pulgaon	IN	20.7	35238
Pulivendla	IN	14.4	65706
Puliyankannu	IN	12.9	20171
Puliyankudi	IN	9.2	66034
Pulwama	IN	33.9	20071
Pūnāhāna	IN	27.9	24734
Punalūr	IN	9.0	47263
Punāsa	IN	22.2	350000
Pūnch	IN	33.8	28197
Pūndri	IN	29.8	33484
Pune	IN	18.5	3124458
Punganūru	IN	13.4	54746
Punjai Puliyampatti	IN	11.4	18967
Punnayūr	IN	10.7	19387
Pupri	IN	26.5	15129
Purāini	IN	25.1	30829
Pūranpur	IN	28.5	39988
Puri	IN	19.8	200564
Pūrna	IN	19.2	36433
Purnia	IN	25.8	282248
Puruliya	IN	23.3	122533
Purushottampur	IN	19.5	15366
Purwā	IN	26.5	22220
Pusad	IN	19.9	73046
Pushkar	IN	26.5	21626
Pūth Kalān	IN	28.7	96002
Puthencruz	IN	10.0	22378
Puthenvelikara	IN	10.2	33372
Puthuppally	IN	9.6	29635
Puthuppariyāram	IN	10.8	30895
Puthūr	IN	10.5	17430
Puttankulam	IN	8.8	29447
Puttūr	IN	13.4	54092
Pūvātūparamba	IN	11.3	27598
Puzhal	IN	13.2	31665
Puzhathi	IN	11.9	35212
Qadian	IN	31.8	23632
Quthbullapur	IN	17.5	225816
R.S. Pora	IN	32.6	15197
Rabkavi	IN	16.5	73835
Rabkavi-Banhatti	IN	16.5	77004
Rādhanpur	IN	23.8	39558
Raebareli	IN	26.2	186433
Rafiganj	IN	24.8	35536
Rāghogarh	IN	24.4	63873
Raghunathpur	IN	23.5	22802
Rahata	IN	19.7	22335
Rāhatgarh	IN	23.8	31537
Rahimatpur	IN	17.6	17633
Rāhon	IN	31.1	15676
Rāhuri	IN	19.4	38813
Rāichūr	IN	16.2	234073
Rāiganj	IN	25.6	170252
Raigarh	IN	21.9	150019
Rāikot	IN	30.6	28734
Raipur	IN	21.2	1027264
Rāipur	IN	30.3	27702
Raipur Domana	IN	32.8	20238
Rairangpur	IN	22.3	34929
Raisen	IN	23.3	44162
Rāisinghnagar	IN	29.5	29626
Rāj-Nāndgaon	IN	21.1	163114
Raja Pur Khurd	IN	28.6	19312
Rājākhera	IN	26.9	33666
Rajākheri	IN	23.9	24232
Rajakilpakkam	IN	12.9	37906
Rājaldesar	IN	28.0	27419
Rajamahendravaram	IN	17.0	376333
Rajaori	IN	33.4	29486
Rajapalayam	IN	9.5	130442
Rajauli	IN	24.6	30170
Rajgangpur	IN	22.2	51362
Rājgarh	IN	28.6	59193
Rājgīr	IN	25.0	41587
Rājgurunagar	IN	18.9	25146
Rājkot	IN	22.3	1390640
Rājmahal	IN	25.1	22514
Rājpīpla	IN	21.9	35392
Rajpur	IN	21.9	20947
Rajpur Sonarpur	IN	22.4	424368
Rajpura	IN	30.5	92301
Rājsamand	IN	25.1	67798
Rājula	IN	21.0	38489
Rājūra	IN	19.8	29668
Rakkiyapālaiyam	IN	11.1	18749
Rāmachandrapuram	IN	16.8	43657
Rāmachandrapuran	IN	17.5	15381
Rāmachettipālaiyam	IN	11.0	17809
Ramagundam	IN	18.8	242979
Rāman	IN	30.0	22553
Ramanathapuram	IN	9.4	65314
Ramanattukara	IN	11.2	35937
Ramanayyapeta	IN	16.9	28369
Ramapuram	IN	13.0	52295
Rāmāpuram	IN	13.1	31169
Rāmavarappādu	IN	16.5	22222
Rāmdurg	IN	15.9	34800
Rameswaram	IN	9.3	44856
Rāmganj Mandi	IN	24.6	41328
Rāmgarh	IN	23.6	88781
Rāmgundam	IN	18.8	452261
Rāmjībanpur	IN	22.8	18318
Rāmnagar	IN	29.4	51244
Rampachodavaram	IN	17.4	25074
Rāmpur	IN	28.8	296418
Rampur Hat	IN	24.2	53468
Rāmpura	IN	30.3	45639
Rampura Phul	IN	30.3	51023
Rāmtek	IN	21.4	23404
Rānāghāt	IN	23.2	70984
Rānāvāv	IN	21.7	46018
Ranchi	IN	23.3	1120374
Ranebennur	IN	14.6	106406
Rangāpāra	IN	26.8	18739
Rangat	IN	12.5	38824
Rangia	IN	26.4	27889
Rāni Khera	IN	28.7	16402
Rānia	IN	29.5	25123
Rāniganj	IN	17.4	217910
Rānīganj	IN	23.6	131261
Rānikhet	IN	29.6	19873
Rānipet	IN	12.9	264330
Rānīpur	IN	25.3	18820
Ranjangaon S	IN	19.8	42877
Rānpur	IN	22.4	16944
Rāpar	IN	23.6	28407
Rasapūdipalem	IN	17.7	1728128
Rasipuram	IN	11.5	50244
Rasrā	IN	25.9	31876
Ratangarh	IN	28.1	71124
Ratanpur	IN	22.3	24636
Rāth	IN	25.6	61728
Ratia	IN	29.7	37152
Ratlām	IN	23.3	264914
Ratnagiri	IN	17.0	76229
Rātu	IN	23.4	22379
Raurkela Industrial Township	IN	22.2	216410
Raval	IN	21.9	19777
Rāver	IN	21.2	27039
Rāvu	IN	22.6	36055
Rāwatbhāta	IN	24.9	37699
Rāwatsār	IN	29.3	35102
Raxaul	IN	27.0	55536
Rāya	IN	27.6	20008
Rayachoti	IN	14.1	91234
Rāyadrug	IN	14.7	61749
Rāyagada	IN	19.2	71208
Raybag	IN	16.5	18736
Rāzām	IN	18.4	42197
Rāzampeta	IN	14.2	54050
Reddipālaiyam	IN	13.1	29511
Reengus	IN	27.4	26139
Reethapuram	IN	8.2	21177
Rehli	IN	23.6	30329
Remuna	IN	21.5	33378
Renigunta	IN	13.7	26031
Renukūt	IN	24.2	62413
Renwāl	IN	27.2	29201
Reoti	IN	25.9	23819
Repalle	IN	16.0	50866
Resubelpara	IN	25.9	19595
Revelganj	IN	25.8	39039
Rewa	IN	24.5	235654
Rewāri	IN	28.2	143021
Richha	IN	28.7	19459
Rijokri	IN	28.5	19148
Rishīkesh	IN	30.1	66390
Rishra	IN	22.7	117014
Risod	IN	20.0	34136
Robertsganj	IN	24.7	37855
Robertsonpet	IN	13.0	162230
Roha	IN	18.4	90000
Rohini	IN	28.7	860000
Rohtak	IN	28.9	374292
Ron	IN	15.7	23311
Roorkee	IN	29.9	103894
Ropar	IN	31.0	56038
Rosera	IN	25.8	31155
Roshanpura	IN	28.6	57217
Rourkela	IN	22.2	273317
Rūdarpur	IN	26.4	30873
Rudrapur	IN	29.0	154554
Rura	IN	26.5	15908
Rusera	IN	25.8	28781
Sabalgarh	IN	26.2	40333
Sachīn	IN	21.1	28102
Sadābād	IN	27.4	36093
Sadalgi	IN	16.6	23790
Sadasivpet	IN	17.6	47920
Sādatpur Gujran	IN	28.7	97641
Sādpalli	IN	17.2	31857
Sādri	IN	25.2	27390
Sadulshahar	IN	29.9	24980
Safidon	IN	29.4	34728
Safīpur	IN	26.7	24801
Sāgar	IN	14.2	54550
Sagauli	IN	26.8	38815
Sāgwāra	IN	23.7	29439
Sahāranpur	IN	30.0	484873
Saharsa	IN	25.9	156540
Sahaspur	IN	29.1	24452
Sahaswān	IN	28.1	60953
Sahāwar	IN	27.8	22201
Sāhibābād Daulotpur	IN	28.7	54773
Sāhibganj	IN	25.2	95890
Saidpur	IN	25.5	22904
Saiha	IN	22.5	25110
Saint Thomas Mount	IN	13.0	43795
Sainthia	IN	23.9	43221
Saiyad-ul-ajaib	IN	28.5	17914
Sakleshpur	IN	12.9	24931
Saknepalli	IN	18.9	32385
Sakri	IN	21.0	21764
Saktī	IN	22.0	21955
Sālamedu	IN	11.9	20854
Salangaippālaiyam	IN	11.4	15609
Salāya	IN	22.3	33246
Salem	IN	11.7	917414
Saligram	IN	13.5	15123
Sālūmbar	IN	24.1	16557
Sālūr	IN	18.5	50206
Sāmalāpuram	IN	11.1	20691
Samālka	IN	28.5	17076
Samālkha	IN	29.2	39710
Sāmalkot	IN	17.1	56864
Samāna	IN	30.2	54072
Samāstipur	IN	25.9	67925
Sāmba	IN	32.6	26893
Sambalpur	IN	21.5	189366
Sambhal	IN	28.6	196109
Sāmbhar	IN	26.9	22828
Sāmbūrvadakara	IN	9.0	16709
Samdari	IN	25.8	17915
Sāmpla	IN	28.8	20563
Samrāla	IN	30.8	19678
Samthar	IN	25.8	21582
Samurou	IN	24.7	16582
Sānand	IN	23.0	95890
Sanaur	IN	30.3	21201
Sanāwad	IN	22.2	38740
Sānchor	IN	24.8	32875
Sancoale	IN	15.4	21923
Sāndi	IN	27.3	25008
Sandīla	IN	27.1	53182
Sandūr	IN	15.1	37431
Sānehwāl	IN	30.8	22484
Sangamner	IN	19.6	67309
Sangāreddi	IN	17.6	72344
Sangariā	IN	29.8	38638
Sāngaria	IN	26.2	22853
Sāngli	IN	16.9	601214
Sangod	IN	24.9	21846
Sāngola	IN	17.4	34321
Sangrūr	IN	30.2	88615
Sanjan	IN	20.2	15544
Sankagiri	IN	11.5	29467
Sankarankovil	IN	9.2	57277
Sankarapatti	IN	10.0	26536
Sankaraperi	IN	8.8	19844
Sankeshwar	IN	16.3	34637
Sānkrāil	IN	22.5	27523
Santrampur	IN	23.2	19465
Sānwer	IN	23.0	16150
Saoner	IN	21.4	32498
Sarāi Ākil	IN	25.4	17443
Sarāi Mīr	IN	26.0	17849
Saraipali	IN	21.3	20043
Sāram	IN	23.8	15212
Sarangpore	IN	21.6	16671
Sārangpur	IN	23.6	37435
Sarapāka	IN	17.7	22149
Sarauli	IN	28.5	20923
Sardārshahr	IN	28.4	95911
Sardhana	IN	29.1	49857
Sardulgarh	IN	29.7	19219
Sarigam INA	IN	20.3	19903
Sarjamda	IN	22.7	23788
Sarkhej	IN	23.0	30341
Sārni	IN	22.1	86141
Sarwar	IN	26.2	20372
Sasarām	IN	24.9	147408
Sāsvad	IN	18.3	31821
Sātalkheri	IN	24.7	15617
Satānā	IN	20.6	37701
Satara	IN	17.7	120195
Sathupalli	IN	17.2	40000
Sathyamangalam	IN	11.5	37816
Satna	IN	24.6	282977
Sattenapalle	IN	16.4	56721
Sattur	IN	9.4	31856
Satyāmangala	IN	13.0	18002
Saugor	IN	23.8	274556
Saunda	IN	23.7	81915
Saundatti	IN	15.8	41215
Sausar	IN	21.7	27459
Sāvantvādi	IN	15.9	23851
Savanūr	IN	15.0	40567
Savarkundla	IN	21.3	78354
Sāvda	IN	21.2	20584
Sāvli	IN	22.6	18467
Sawai Madhopur	IN	26.0	121106
Sawar	IN	25.8	20000
Sayan	IN	21.3	15324
Sāyla	IN	22.5	15376
Secunderabad	IN	17.5	204182
Sedam	IN	17.2	39341
Sehore	IN	23.2	109118
Selu	IN	19.5	46915
Senapparetti	IN	11.0	22447
Sendamangalam	IN	11.3	19750
Sendhwa	IN	21.7	56485
Seohāra	IN	29.2	46546
Seondha	IN	26.2	23140
Seoni	IN	22.1	102343
Seoni Chhapāra	IN	22.4	15371
Seoni Mālwa	IN	22.5	30100
Seppa	IN	27.4	18350
Serchhīp	IN	23.3	21158
Serilingampalle	IN	17.5	150525
Settiyārpatti	IN	9.4	17520
Settūr	IN	9.4	20228
Sevilimedu	IN	12.8	23454
Shādīpur Julāna	IN	29.1	18755
Shafi Pur Ranhola	IN	28.7	31944
Shāhābād	IN	27.6	73606
Shāhāda	IN	21.5	61376
Shahbazpur	IN	26.3	38000
Shahdol	IN	23.3	89289
Shāhganj	IN	26.0	26510
Shāhgarh	IN	24.3	16300
Shāhi	IN	28.6	16064
Shāhjānpur	IN	27.9	320434
Shāhpur	IN	16.7	53366
Shāhpura	IN	27.4	33895
Shahuwadi	IN	16.9	180322
Shājāpur	IN	23.4	69263
Shaktinagar	IN	16.4	17088
Shāmgarh	IN	24.2	24637
Shāmli	IN	29.4	97966
Shamsābād	IN	27.0	31009
Shamshabad	IN	17.3	32583
Shāntipur	IN	23.2	149983
Shegaon	IN	20.8	59672
Shehera	IN	23.0	19175
Sheikhpura	IN	25.1	62927
Shella	IN	25.2	54039
Shendurjana	IN	21.5	21748
Shenkottai	IN	9.0	26823
Sheoganj	IN	25.1	28053
Sheohar	IN	26.5	28116
Sheopur	IN	25.7	71951
Sherghāti	IN	24.6	40666
Sherkot	IN	29.3	57361
Shertallai	IN	9.7	45474
Shiggaon	IN	15.0	28207
Shikaripura	IN	14.3	36015
Shikārpūr	IN	28.3	34649
Shikohābād	IN	27.1	99678
Shillong	IN	25.6	143229
Shimla	IN	31.1	173503
Shiraguppi	IN	16.6	25000
Shirdi	IN	19.8	36004
Shirhatti	IN	15.2	17610
Shirpur	IN	21.3	76905
Shīshgarh	IN	28.7	23471
Shivaji Nagar	IN	18.5	1000000
Shivamogga	IN	13.9	322650
Shivpur Charcha	IN	23.3	23514
Shivpuri	IN	25.4	179977
Sholapur	IN	17.7	997281
Sholavandan	IN	10.0	22578
Sholinganallur	IN	12.9	35602
Sholinghur	IN	13.1	30856
Shopian	IN	33.7	16360
Shōranūr	IN	10.8	43533
Shorāpur	IN	16.5	51398
Shrīgonda	IN	18.6	31134
Shrirampur	IN	19.6	89282
Shrīrāmpur	IN	22.8	226317
Shrīrangapattana	IN	12.4	25061
Shrivardhan	IN	18.1	15123
Shujālpur	IN	23.4	51225
Shyamnagar	IN	22.8	441956
Sibsāgar	IN	27.0	62104
Siddhapur	IN	23.9	61867
Siddipet	IN	18.1	66737
Sidhaulī	IN	27.3	22193
Sidhi	IN	24.4	54331
Sidlaghatta	IN	13.4	51159
Sihor	IN	21.7	54547
Sihorā	IN	23.5	44048
Sijua	IN	23.8	31537
Sikandarābād	IN	28.5	73379
Sikandarpur	IN	26.0	24177
Sikandra Rao	IN	27.7	42229
Sīkar	IN	27.6	244497
Sikka	IN	22.4	28814
Silao	IN	25.1	25674
Silapathar	IN	27.6	25662
Sīlappādi	IN	10.4	17824
Silchar	IN	24.8	178865
Siliguri	IN	26.7	515574
Sillod	IN	20.3	58230
Silvāni	IN	23.3	18623
Silvassa	IN	20.3	98265
Simdega	IN	22.6	42944
Simga	IN	21.6	16027
Sindgi	IN	16.9	37226
Sindhnūr	IN	15.8	75837
Sindi	IN	20.7	20956
Sindkhed Raja	IN	20.0	16434
Singampunari	IN	10.2	18143
Singānallūr	IN	11.0	31239
Singānuram	IN	18.8	20061
Singāpur	IN	17.5	24457
Singarāyakonda	IN	15.2	19400
Singrauli	IN	24.2	220257
Singur	IN	22.8	19402
Sinnar	IN	19.8	65299
Sir Muttra	IN	26.5	17988
Sīra	IN	13.7	57928
Sirālkoppa	IN	14.4	16864
Siraspur	IN	28.8	30445
Sirgittī	IN	22.0	18428
Sirhind	IN	30.6	60847
Sirka	IN	23.6	19871
Sīrkāzhi	IN	11.2	34927
Sirohi	IN	24.9	39229
Sironj	IN	24.1	52460
Sirsa	IN	29.5	182534
Sirsāganj	IN	27.1	29034
Sirsi	IN	14.6	62882
Sirsilla	IN	18.4	83186
Siruguppa	IN	15.6	52492
Sirumugai	IN	11.3	20066
Sirūr	IN	18.8	37111
Sisauli	IN	30.1	22479
Siswā Bāzār	IN	27.1	19939
Sītāmarhi	IN	26.6	67818
Sītāpur	IN	27.6	164435
Sitārganj	IN	28.9	24225
Sithurajapuram	IN	9.4	16860
Siuliban	IN	23.7	24202
Siuri	IN	23.9	64659
Sivaganga	IN	9.8	42785
Sivagiri	IN	9.3	23040
Sivagirippatti	IN	10.5	17306
Sivakasi	IN	9.4	234704
Siwān	IN	26.2	135066
Siwāna	IN	25.7	22067
Siwāni	IN	28.9	19143
Sohāgpur	IN	22.7	25040
Sohna	IN	28.2	36552
Sojat	IN	25.9	43023
Sojītra	IN	22.5	19403
Solan	IN	30.9	40283
Solsumba	IN	20.2	18796
Somandepalle	IN	14.0	18895
Sōmēshvara	IN	12.8	24066
Someshwar	IN	13.5	22137
Sompeta	IN	18.9	18778
Sonāmukhi	IN	23.3	28334
Sonāri	IN	27.0	19810
Sonepur	IN	25.7	37776
Songadh	IN	21.2	26515
Sonīpat	IN	29.0	289333
Sonkach	IN	23.0	16545
Sonpet	IN	19.0	15765
Sopur	IN	34.3	71292
Sorada	IN	19.8	15117
Soro	IN	21.3	32531
Soron	IN	27.9	28683
Soyāgaon	IN	20.6	34341
Soygaon	IN	20.6	23320
Soyībug	IN	34.1	104000
Sreekaryam	IN	8.5	23528
Sri Dūngargarh	IN	28.1	53294
Sri Ganganagar	IN	29.9	237780
Sri Mādhopur	IN	27.5	31366
Srikakulam	IN	18.3	137944
Srikalahasti	IN	13.8	80056
Srīkandamangalam	IN	9.7	23681
Srinagar	IN	34.1	1206419
Srīnagar	IN	30.2	20216
Srīnivāspur	IN	13.3	26793
Srīperumbūdūr	IN	13.0	24864
Sriramnagar	IN	18.3	18893
Srīrāmnagar	IN	17.3	19550
Srirāmpur	IN	22.9	18682
Srīsailain	IN	16.1	24142
Srisailam Project RFC Township	IN	16.1	21452
Srivaikuntam	IN	8.6	15847
Srīvardhan	IN	18.0	15279
Srivilliputhur	IN	9.5	75396
Srvanampatti	IN	11.1	32920
Suār	IN	29.0	28941
Sūjāngarh	IN	27.7	183808
Sujānpur	IN	32.3	28270
Suket	IN	24.6	22319
Sūleswaranpatti	IN	10.6	20104
Sullya	IN	12.6	19958
Sultan Pur	IN	28.5	15160
Sultan Pur Majra	IN	28.7	181554
Sultānganj	IN	25.2	52892
Sultanpur	IN	31.2	16877
Sultānpur	IN	26.3	110368
Sulur	IN	11.0	27909
Sūlūru	IN	13.7	38065
Sumbal	IN	34.2	15041
Sumerpur	IN	25.2	39132
Sunabeda	IN	18.7	50394
Sunām	IN	30.1	69069
Sundakkāmpālaiyam	IN	10.6	16459
Sundarnagar	IN	31.5	25338
Sundergarh	IN	22.1	45036
Sunel	IN	24.4	15840
Supaul	IN	26.1	65437
Sūrajgarh	IN	28.3	21666
Surajpur	IN	23.2	20189
Sūrampatti	IN	11.3	41782
Sūrandai	IN	9.0	35272
Surat	IN	21.2	4591246
Suratgarh	IN	29.3	70536
Surendranagar	IN	22.7	179628
Suriānwān	IN	25.5	19157
Suriāpet	IN	17.1	111729
Sūryampālaiyam	IN	11.4	28585
Suryaraopeta	IN	17.0	24112
Susner	IN	23.9	16432
Sutrāpāra	IN	20.8	26132
Tādepalle	IN	16.5	64149
Tadepalligudem	IN	16.8	112655
Tādigadapa	IN	16.5	17462
Tādikombu	IN	10.4	18838
Tadpatri	IN	14.9	108171
Taj Pul	IN	28.5	68796
Tājpur	IN	29.2	17529
Takhatgarh	IN	25.3	17285
Takhatpur	IN	22.1	19968
Tāki	IN	22.6	40113
Talāja	IN	21.4	29948
Talakkād	IN	10.9	35820
Talakkolattur	IN	11.4	29388
Talala	IN	21.1	21060
Talattala	IN	8.9	37517
Tālcher	IN	20.9	40841
Talegaon Dābhāde	IN	18.7	56435
Taleigao	IN	15.5	17148
Talikkulam	IN	10.4	25507
Tālīkota	IN	16.5	31693
Taliparamba	IN	12.0	72465
Talod	IN	23.4	18298
Taloda	IN	21.6	26363
Talwandi Bhai	IN	30.9	17285
Talwandi Sābo	IN	30.0	20589
Talwāra	IN	31.9	24752
Tambaram	IN	12.9	174787
Tamenglong	IN	25.0	19363
Tamlūk	IN	22.3	48646
Tammampatti	IN	11.4	21503
Tanakpur	IN	29.1	16905
Tānālūr	IN	11.0	47976
Tānda	IN	29.0	44822
Tāndā	IN	26.5	88073
Tāndoni	IN	10.9	53854
Tandur	IN	17.2	65115
Tangla	IN	26.7	17183
Tanuku	IN	16.8	77962
Tāoru	IN	28.2	22599
Tapa	IN	30.3	23248
Tarakeswar	IN	22.9	30475
Tāramangalam	IN	11.7	30222
Tarāna	IN	23.3	24908
Taranagar	IN	24.0	15481
Tārānagar	IN	28.7	32640
Tarikere	IN	13.7	37848
Tarn Taran	IN	31.5	66847
Tarsadi	IN	21.5	29305
Tāsgaon	IN	17.0	37945
Tattānkuttai	IN	11.4	24708
Teghra	IN	25.5	56234
Tehri	IN	30.4	27611
Tekāri	IN	24.9	21324
Tekkalakote	IN	15.5	26224
Tekkali	IN	18.6	28631
Telhāra	IN	21.0	21146
Teliamura	IN	23.8	21032
Tellicherry	IN	11.7	97201
Teni	IN	10.0	1034724
Tennala	IN	11.0	56546
Teonthar	IN	25.0	17039
Terdāl	IN	16.5	26411
Tevāram	IN	9.9	16079
Tezpur	IN	26.6	75540
Tezu	IN	27.9	18184
Thaikkattussery	IN	9.8	20874
Thakurdwara	IN	29.2	39860
Thākurganj	IN	26.4	18348
Thān	IN	22.6	42508
Thāna Bhawan	IN	29.6	33498
Thandla	IN	23.0	15756
Thāne	IN	19.2	1841488
Thānesar	IN	30.0	155152
Thanjavur	IN	10.8	291067
Thanneermukkom	IN	9.7	31525
Thara	IN	24.0	18060
Tharād	IN	24.4	27954
Tharangambadi	IN	11.0	23191
Thāsra	IN	22.8	18337
Thazhecode	IN	11.3	25116
Thekkumkara	IN	10.3	15258
Thenali	IN	16.2	164937
Thenhippalam	IN	11.1	32045
Thenkasi	IN	9.0	70545
Thimiri	IN	12.8	16246
Thirunavaya	IN	10.9	24790
Thiruthani	IN	13.2	44781
Thiruthuraipoondi	IN	10.5	24404
Thiruvaiyaru	IN	10.9	16164
Thiruvananthapuram	IN	8.5	788271
Thiruvankulam	IN	9.9	23160
Thiruvarur	IN	10.8	58777
Thodiyoor	IN	9.1	25884
Thodupuzha	IN	9.9	52045
Thoothukudi	IN	8.8	410760
Thorapadi	IN	12.9	16700
Thottada	IN	11.8	40818
Thoubāl	IN	24.6	45947
Thrissur	IN	10.5	315957
Thuraiyur	IN	11.1	32439
Tifrā	IN	22.1	30465
Tighri	IN	28.5	46974
Tijāra	IN	27.9	24747
Tīkamgarh	IN	24.7	79106
Tikkotti	IN	11.5	27051
Tikri Kalān	IN	28.7	16313
Tilda Newra	IN	21.6	36682
Tilhar	IN	28.0	57043
Tilpat	IN	28.5	20514
Timurni	IN	22.4	22359
Tindal	IN	11.3	15440
Tindivanam	IN	12.2	72796
Tinnanūr	IN	13.1	37095
Tinsukia	IN	27.5	116322
Tiptūr	IN	13.3	60957
Tirāwari	IN	29.8	25944
Tirkadavūr	IN	8.9	39285
Tirorā	IN	21.4	25181
Tīrthahalli	IN	13.7	15422
Tiruchanur	IN	13.6	22963
Tiruchchendur	IN	8.5	32171
Tiruchengode	IN	11.4	95335
Tiruchirappalli	IN	10.8	1022518
Tirukkalikkunram	IN	12.6	29391
Tirukkoyilur	IN	12.0	30212
Tirumala	IN	13.7	18013
Tirumangalam	IN	9.8	51194
Tirumeshi	IN	13.1	19733
Tirumuruganpūndi	IN	11.2	31528
Tirunāgeswaram	IN	11.0	15082
Tirunelveli	IN	8.7	1435844
Tirupati	IN	13.6	295323
Tirupati NMA	IN	13.6	37968
Tirupattur	IN	12.5	64125
Tiruppālai	IN	10.0	19305
Tirupparangunram	IN	9.9	50004
Tiruppur	IN	11.1	963173
Tiruppuvanam	IN	9.8	24554
Tirur	IN	10.9	56058
Tirūrangādi	IN	11.0	56632
Tiruttangal	IN	9.5	55362
Tiruvalla	IN	9.4	57223
Tiruvallur	IN	13.1	56074
Tiruvankod	IN	8.2	18723
Tiruvannamalai	IN	12.2	145278
Tiruvattār	IN	8.3	18985
Tiruverumbūr	IN	10.8	23156
Tiruvottiyūr	IN	13.2	249446
Tisaiyanvilai	IN	8.3	23702
Titabor Town	IN	26.6	17920
Titāgarh	IN	22.7	127751
Titlāgarh	IN	20.3	34067
Tittagudi	IN	11.4	22894
Todabhim	IN	26.9	22977
Todaraisingh	IN	26.0	23559
Tohāna	IN	29.7	63871
Tondalam	IN	11.5	44590
Tondi	IN	9.7	18465
Tonk	IN	26.2	165294
Torūr	IN	17.6	19100
Toshām	IN	28.9	15559
Trajpar	IN	22.8	16637
Trāl	IN	33.9	17844
Trikarpūr North	IN	12.1	18210
Trikarpūr South	IN	12.1	22991
Trikonavattam	IN	8.9	41609
Triparappu	IN	8.4	22401
Triprangod	IN	10.8	41167
Tripunittura	IN	9.9	69390
Trittāla	IN	10.8	27796
Tudiyalūr	IN	11.1	33924
Tuensang	IN	26.3	36774
Tufānganj	IN	26.3	20420
Tuljāpur	IN	18.0	35596
Tulsīpur	IN	27.5	22486
Tumkūr	IN	13.3	307359
Tumsar	IN	21.4	44869
Tūndla	IN	27.2	50939
Tūnēri	IN	11.7	23421
Tuni	IN	17.4	53425
Tura	IN	25.5	74858
Turaiyūr	IN	11.1	32134
Tuvāgudi	IN	10.7	38887
Tyāgadurgam	IN	11.7	18605
Ubaidullāhganj	IN	23.0	22845
Udaipur	IN	24.6	451100
Udaipura	IN	23.1	18236
Udaipurwati	IN	27.7	29236
Udalguri	IN	26.8	15935
Udangudi	IN	8.4	19738
Udgīr	IN	18.4	103550
Udhampur	IN	32.9	84015
Udumalaippettai	IN	10.6	61133
Udupi	IN	13.3	165000
Ugrākheri	IN	29.4	24440
Ujhāni	IN	28.0	56309
Ujjain	IN	23.2	515215
Ukhrul	IN	25.1	27187
Ulhasnagar	IN	19.2	516584
Uliyazhathura	IN	8.6	28230
Ullagaram	IN	13.0	53322
Ullal	IN	12.8	59116
Ulliyeri	IN	11.5	32509
Uluberiya	IN	22.5	235345
Ulundurpet	IN	11.7	23734
Umarga	IN	17.8	35477
Umargām	IN	20.2	27859
Umaria	IN	23.5	33114
Umarkhed	IN	19.6	47458
Umarkot	IN	19.7	28993
Umarsera	IN	20.4	21752
Umbri	IN	20.7	20262
Umred	IN	20.9	53971
Umreth	IN	22.7	33762
Un	IN	23.9	30671
Ūn	IN	29.6	15007
Una	IN	20.8	58528
Unamaucheri	IN	12.9	29122
Unchagao	IN	16.7	31238
Unchahra	IN	24.4	18442
Undera	IN	22.3	16902
Unhel	IN	23.3	15837
Unjha	IN	23.8	57108
Unnamalaikadai	IN	8.3	23656
Unnāo	IN	26.5	161671
Upleta	IN	21.7	58775
Uppal Kalan	IN	17.4	118259
Urakam	IN	11.1	29157
Uran	IN	18.9	30439
Uravakonda	IN	14.9	35565
Urmar	IN	31.7	23419
Urun-Islāmpur	IN	17.1	67391
Usehat	IN	27.8	15068
Usilampatti	IN	10.0	35219
Utnūr	IN	19.4	16005
Utraula	IN	27.3	28437
Uttamapālaiyam	IN	9.8	29050
Ūttangarai	IN	12.3	18470
Uttarkāshi	IN	30.7	17123
Uttiramerūr	IN	12.6	25194
Ūttukuli	IN	10.7	16354
V.S.K.Valasai (Dindigul-Dist.)	IN	10.3	17865
Vāda	IN	19.7	16750
Vadakakarai	IN	10.2	20571
Vadakāncheri	IN	10.7	15674
Vadakarai Kīl Pidāgai	IN	9.0	20821
Vadakkanandal	IN	11.8	23034
Vadakkēkkād	IN	10.7	15811
Vadakku Valliyūr	IN	8.4	29417
Vadakku Viravanallur	IN	8.7	19689
Vadāli	IN	23.9	20646
Vadamadurai	IN	10.4	18015
Vadanappally	IN	10.5	30657
Vādāsinor	IN	23.0	39330
Vadavalli	IN	11.0	39873
Vadgaon	IN	20.4	40884
Vadipatti	IN	10.1	26830
Vadlapūdi	IN	14.3	17881
Vadnagar	IN	23.8	27790
Vadodara	IN	22.3	1822221
Vāghodia	IN	22.3	16604
Vagholi	IN	18.6	33479
Vaijāpur	IN	19.9	41296
Vaikam	IN	9.7	23234
Vakkam	IN	8.7	19267
Valabhīpur	IN	21.9	18663
Valasaravakkam	IN	13.0	47378
Valavanur	IN	11.9	16745
Vallabh Vidyanagar	IN	22.5	32581
Vallam	IN	10.7	16758
Valparai	IN	10.3	90353
Valsād	IN	20.6	139764
Valvachatottam	IN	8.3	16965
Vandalūr	IN	12.9	16852
Vandavāsi	IN	12.5	31530
Vandiyūr	IN	9.9	28646
Vaniyambadi	IN	12.7	95061
Vāniyamkulam	IN	10.8	16085
Vapi	IN	20.4	163630
Vapi INA	IN	20.4	34162
Varam	IN	11.9	17008
Varanasi	IN	25.3	1164404
Varangaon	IN	21.0	44067
Varappuzha	IN	10.1	26750
Varkala	IN	8.7	43276
Vasco da Gama	IN	15.4	100485
Vasind	IN	19.4	20561
Vaso	IN	22.7	15934
Vāsudevanallūr	IN	9.2	21361
Vathirairuppu	IN	9.6	16784
Vattalkundu	IN	10.2	22928
Vattiyūrkāvu	IN	8.5	47187
Vayalār	IN	9.7	25094
Vazhakkala	IN	10.0	51242
Vāzhakulam	IN	10.1	18358
Vazhapadi	IN	11.7	17559
Vazhayur	IN	11.2	36909
Vedaraniyam	IN	10.4	34266
Vejalpur	IN	22.7	121610
Velampālaiyam	IN	11.1	87427
Vellakkinar	IN	11.1	15998
Vellakkovil	IN	10.9	40359
Vellalūr	IN	11.0	24872
Vellore	IN	12.9	484690
Vellūr	IN	8.6	22816
Velur	IN	11.1	25012
Vemalwāda	IN	18.5	33706
Venganoor	IN	8.4	35963
Vengara	IN	11.1	48600
Vengattūr	IN	13.1	23292
Vengikkal	IN	12.3	18244
Vengola Kizhakkumbāgam	IN	10.1	32697
Venkatagiri	IN	14.0	52688
Vepagunta	IN	17.8	26881
Verāval	IN	20.9	171121
Verukulambu	IN	8.3	19730
Vetapālem	IN	15.8	38671
Vettaikkaranpudur	IN	10.6	18128
Vettanād	IN	8.6	27140
Vettavalam	IN	12.1	15506
Vettūr	IN	8.7	37219
Vidisha	IN	23.5	155951
Vidyavihar	IN	28.4	15644
Vijalpor	IN	20.9	81245
Vijāpur	IN	23.6	35118
Vijayapura	IN	16.8	327427
Vijayapuram	IN	9.6	29248
Vijayapuri North	IN	16.6	15887
Vijayawada	IN	16.5	1143232
Vikārābād	IN	17.3	53143
Vikramasingapuram	IN	8.7	47241
Vilāngudi	IN	9.9	30884
Vilankurichi	IN	11.1	24235
Vilappil	IN	8.5	36212
Vilattikulam	IN	9.1	15277
Vilavoorkkal	IN	8.5	31761
Villianur	IN	11.9	34383
Villiappally	IN	11.6	34502
Villukuri	IN	8.2	15304
Villupuram	IN	11.9	97380
Vinnamāla	IN	13.9	20924
Vinukonda	IN	16.1	62550
Virajpet	IN	12.2	17246
Vīrakeralam	IN	11.0	23841
Viramgām	IN	23.1	55821
Vīrapāndi	IN	11.1	50301
Vīrappanchathiram	IN	11.4	84453
Virār	IN	19.5	1222390
Vīrarāghavapuram	IN	13.1	64698
Viratnagar	IN	27.4	20568
Vīrnūr	IN	11.8	16665
Virudhachalam	IN	11.5	73585
Virudunagar	IN	9.6	73273
Virugambakkam	IN	13.0	21376
Visakhapatnam	IN	17.7	1063178
Vīsāvadar	IN	21.3	19515
Vishāram	IN	12.9	44786
Visnagar	IN	23.7	76753
Viswanatham	IN	9.4	25555
Vite	IN	17.3	48289
Vittal	IN	12.8	17618
Vizianagaram	IN	18.1	228720
Vriddhāchalam	IN	11.5	61498
Vrindāvan	IN	27.6	60195
Vuyyūru	IN	16.4	36755
Vyāra	IN	21.1	39789
Vypīn	IN	10.0	23717
Wadgaon	IN	16.8	25651
Wadgaon Kolhati	IN	19.8	65620
Wādi	IN	17.1	37988
Wai	IN	18.0	36025
Walajapet	IN	12.9	47498
Waluj Buzurg	IN	19.8	20220
Walwadi	IN	20.9	29636
Wānādongri	IN	21.1	37667
Wani	IN	20.1	58840
Wānkāner	IN	22.6	47814
Wanparti	IN	16.4	60949
Warangal	IN	18.0	704570
Wārāseonī	IN	21.8	27494
Wardha	IN	20.7	113759
Wāri	IN	21.2	54048
Wāris Alīganj	IN	25.0	35243
Warora	IN	20.2	46532
Warud	IN	21.5	47817
Wāshīm	IN	20.1	78387
Wazīrganj	IN	28.2	19372
Weir	IN	27.0	19385
Wellington	IN	11.4	20254
Williamnagar	IN	25.5	24597
Wokha	IN	26.1	54010
Yadagirigutta	IN	17.6	15232
Yadgir	IN	16.8	74294
Yamjāl	IN	17.3	15689
Yamuna Nagar	IN	30.1	217071
Yanam	IN	16.7	55626
Yanamalakuduru	IN	16.5	34177
Yāval	IN	21.2	36706
Yavatmāl	IN	20.4	128175
Yelahanka	IN	13.1	116447
Yellandu	IN	17.6	43787
Yellāpur	IN	15.0	20452
Yeola	IN	20.0	49826
Yerkhera	IN	21.2	15727
Zahirābād	IN	17.7	71166
Zaidpur	IN	26.8	33397
Zamānia	IN	25.4	32008
Zerakpur	IN	30.7	95553
Ziauddin Pur	IN	28.7	68993
Zira	IN	31.0	37498
Zunheboto	IN	26.0	29499
‘Afak	IQ	32.1	35536
'Ākra	IQ	36.7	105370
‘Alī al Gharbī	IQ	32.5	19711
‘Anah	IQ	34.4	27000
‘Anat al Qadīmah	IQ	34.5	19719
‘Aqrah	IQ	36.8	23000
Abū al-Kahṣīb	IQ	30.4	357771
Abu Gharaq	IQ	32.5	108212
Abū Ghurayb	IQ	33.3	900000
Ad Dujayl	IQ	33.8	26362
Al ‘Amārah	IQ	31.8	323302
Al ‘Azīzīyah	IQ	32.9	44751
Al Diwaniyah	IQ	32.0	318801
Al Fallūjah	IQ	33.3	190159
Al Fāw	IQ	30.0	104569
Al Hārithah	IQ	30.6	92395
Al Ḩayy	IQ	32.2	78272
Al Hillah	IQ	32.5	455700
Al Hindīyah	IQ	32.5	139578
Al Madīnah	IQ	31.0	255000
Al Maḩāwīl	IQ	32.7	31200
Al Maḩmūdīyah	IQ	33.1	350000
Al Mawşil al Jadīdah	IQ	36.3	2065597
Al Miqdādīyah	IQ	34.0	155968
Al Mishkhāb	IQ	31.8	23189
Al Qā’im	IQ	34.4	74100
Al Qurnah	IQ	31.0	134174
Al-'Alam	IQ	34.7	25662
Al-Hamdaniya	IQ	36.3	50000
Al-Kut	IQ	32.5	315162
Al-Musayab	IQ	32.8	101873
Al-Qāsim	IQ	32.3	93546
An Nu‘mānīyah	IQ	32.6	110000
Ar Rumaythah	IQ	31.5	47248
Ar Ruţbah	IQ	33.0	22370
As Samawah	IQ	31.3	152890
Aş Şuwayrah	IQ	32.9	77200
Ash Shāmīyah	IQ	32.0	57661
Ash Sharqāt	IQ	35.5	160000
Ash Shaţrah	IQ	31.4	182175
Az Zubayr	IQ	30.4	122676
Baghdad	IQ	33.3	7216000
Baḥarkah	IQ	36.3	130518
Balad	IQ	34.0	42088
Baqubah	IQ	33.8	152550
Basrah	IQ	30.5	1326564
Batifa	IQ	37.2	28000
Bayjī	IQ	34.9	173677
Baynjiwayn	IQ	35.6	27116
Derbendîxan	IQ	35.1	54896
Dêrelûk Devera Nihêliya	IQ	37.1	44448
Dihok	IQ	36.9	340900
Erbil	IQ	36.2	1612700
Habhab	IQ	33.8	21373
Ḩadīthah	IQ	34.1	30925
Hajiawa	IQ	36.2	80000
Halabja	IQ	35.2	57333
Ḩarir	IQ	36.6	32171
Hīt	IQ	33.6	31901
Jamjamāl	IQ	35.5	42593
Karbala	IQ	32.6	1218732
Kelar	IQ	34.6	250000
Khalīfān	IQ	36.6	19891
Khāliş	IQ	33.8	70046
Khānaqīn	IQ	34.3	175000
Khasnahzān	IQ	36.2	146639
Kifrī	IQ	34.7	30143
Kirkuk	IQ	35.5	1031000
Koysinceq	IQ	36.1	44987
Kufa	IQ	32.1	110000
Mandalī	IQ	33.7	29785
Mosul	IQ	36.3	1683000
Nāḩiyat al Fuhūd	IQ	31.0	21551
Nāḩiyat al Iskandarīyah	IQ	32.9	100600
Nāḩiyat ash Shināfīyah	IQ	31.6	22643
Nahiyat Ghammas	IQ	31.7	30909
Najaf	IQ	32.0	482576
Nasiriyah	IQ	31.1	558400
Pīrmām	IQ	36.4	38686
Qal‘at Şāliḩ	IQ	31.5	39698
Qal‘at Sukkar	IQ	31.9	110000
Qeładizê	IQ	36.2	140688
Ramadi	IQ	33.4	223500
Rānyah	IQ	36.3	114173
Ṟuwandiz	IQ	36.6	22943
Saddat al Hindīyah	IQ	32.7	35720
Sadr City	IQ	33.4	1211849
Şafwān	IQ	30.1	22929
Sāmarrā’	IQ	34.2	158508
Shaqlāwah	IQ	36.4	32599
Shelādiz	IQ	37.0	50000
Shūrash	IQ	35.5	29960
Simele	IQ	36.9	152512
Sīnah	IQ	36.8	128776
Sinjār	IQ	36.3	38294
Soran	IQ	36.7	91589
Sulaymaniyah	IQ	35.6	878146
Sumayl	IQ	36.9	152512
Tallkayf	IQ	36.5	23524
Tāzah Khūrmātū	IQ	35.3	21788
Tikrīt	IQ	34.6	42477
Ţūz Khūrmātū	IQ	34.9	120712
Umm Qaşr	IQ	30.0	107620
Xebat	IQ	36.3	148047
Zaxo	IQ	37.1	95052
'Alī Ābād-e Katūl	IR	36.9	52838
‘Ālī Shahr	IR	28.9	23178
‘Anbarābād	IR	28.5	18185
‘Eyn-e Do	IR	31.3	17653
Āb Pakhsh	IR	29.4	18913
Abadan	IR	30.3	231476
Abadeh	IR	31.2	59116
Ābādeh	IR	28.8	59116
Abarkūh	IR	31.1	27524
Ābdānān	IR	33.0	23946
Abhar	IR	36.1	69889
Abrīsham	IR	32.6	20000
Ābyek	IR	36.0	60107
Aghajari	IR	30.7	21785
Ahar	IR	38.5	100641
Ahram	IR	28.9	15198
Ahvaz	IR	31.3	841145
Ajab Shīr	IR	37.5	29675
Aleshtar	IR	33.9	27701
Alīgūdarz	IR	33.4	89268
Alvand	IR	36.2	90000
Amīr Kolā	IR	36.6	30478
Amlash	IR	37.1	15444
Āmol	IR	36.5	237528
Anār	IR	30.9	15532
Andīmeshk	IR	32.5	135116
Andīsheh	IR	35.7	116062
Āq Qalā	IR	37.0	35116
Arāk	IR	34.1	503647
Ārān Bīdgol	IR	34.1	65404
Ardabīl	IR	38.2	410753
Ardakān	IR	32.3	58834
Ardestān	IR	33.4	16058
Arsanjān	IR	29.9	17706
Asadābād	IR	34.8	55703
Ashkez̄ar	IR	32.0	19123
Āshkhāneh	IR	37.6	25104
Āstāneh-ye Ashrafīyeh	IR	37.3	44941
Āstārā	IR	38.4	39065
Āzādshahr	IR	37.1	47590
Āz̄arshahr	IR	37.8	44887
Aznā	IR	33.5	47489
Bābol	IR	36.6	202796
Bābolsar	IR	36.7	48051
Bāfq	IR	31.6	45453
Bāft	IR	29.2	34517
Bāgh-e Malek	IR	31.5	26343
Bāghestān	IR	35.6	83934
Bahār	IR	34.9	28645
Bahārestān	IR	32.5	106433
Bam	IR	29.1	99268
Bandar Abbas	IR	27.2	352173
Bandar-e Anzalī	IR	37.5	118564
Bandar-e Deylam	IR	30.1	25730
Bandar-e Deyr	IR	27.8	24083
Bandar-e Emam Khomeyni	IR	30.4	78353
Bandar-e Gaz	IR	36.8	20742
Bandar-e Genāveh	IR	29.6	52750
Bandar-e Kangān	IR	27.8	60187
Bandar-e Khamīr	IR	27.0	15320
Bandar-e Kong	IR	26.6	19213
Bandar-e Lengeh	IR	26.6	30435
Bandar-e Māhshahr	IR	30.6	162797
Bandar-e Torkaman	IR	36.9	53970
Bāneh	IR	36.0	110218
Bāqershahr	IR	35.5	65388
Baravāt	IR	29.1	22761
Bardaskan	IR	35.3	28233
Bardsīr	IR	29.9	25152
Behbahān	IR	30.6	122604
Behshahr	IR	36.7	94702
Bīdestān	IR	36.2	18060
Bījār	IR	35.9	50014
Bīrjand	IR	32.9	196982
Bojnūrd	IR	37.5	192041
Bonāb	IR	37.3	80359
Borāzjān	IR	29.3	110567
Borūjen	IR	32.0	57071
Borūjerd	IR	33.9	251958
Boshrūyeh	IR	33.9	15318
Bostānābād	IR	37.8	21734
Būkān	IR	36.5	193501
Būmahen	IR	35.7	79034
Bushehr	IR	29.0	165377
Chabahar	IR	25.3	47287
Chahār Dangeh	IR	35.6	49950
Chahārbāgh	IR	35.8	48828
Chālūs	IR	36.7	107490
Chamgordān	IR	32.4	15574
Chamrān	IR	30.7	33505
Charām	IR	30.8	15218
Chenārān	IR	36.6	53879
Choghādak	IR	29.0	18702
Damāvand	IR	35.7	29144
Dāmghān	IR	36.2	67694
Dārāb	IR	28.8	70232
Dārān	IR	33.0	20078
Dargaz	IR	37.4	36762
Darreh Shahr	IR	33.1	24961
Dastgerd	IR	32.8	17775
Dehāqān	IR	31.9	17945
Dehdasht	IR	30.8	57036
Dehlorān	IR	32.7	46002
Delījān	IR	34.0	33508
Dezful	IR	32.4	264709
Dīvāndarreh	IR	35.9	34007
Dīzīcheh	IR	32.4	18935
Dogonbadan	IR	30.4	96728
Dorcheh Pīāz	IR	32.6	37462
Dorūd	IR	33.5	121638
Dowlatābād	IR	32.8	33607
Eqbālīyeh	IR	36.2	55066
Eqlīd	IR	30.9	44341
Esfarāyen	IR	37.1	59490
Eshtehārd	IR	35.7	29993
Eslāmābād-e Gharb	IR	34.1	90559
Eslamshahr	IR	35.6	450000
Estahbān	IR	29.1	36410
Evaz	IR	27.8	19987
Eyvān	IR	33.8	31299
Falāvarjān	IR	32.6	49843
Fardīs	IR	35.8	181174
Farrāshband	IR	28.9	20320
Farrokh Shahr	IR	32.3	32391
Fārsān	IR	32.3	30504
Fasā	IR	28.9	98061
Fāẕelābād	IR	36.9	19461
Ferdows	IR	34.0	28965
Ferdowsīyeh	IR	35.6	34221
Fereydūn Kenār	IR	36.7	34097
Ferūnābād	IR	35.5	21682
Fīrūzābād	IR	28.8	65417
Fīrūzkūh	IR	35.8	17453
Fūlād Shahr	IR	32.5	88426
Fūman	IR	37.2	35841
Gālīkesh	IR	37.3	23394
Galūgāh	IR	36.7	21352
Garmdarreh	IR	35.7	22726
Garmsār	IR	35.2	48672
Gaz-e Borkhar	IR	32.8	24433
Gerāsh	IR	27.7	34469
Germī	IR	39.0	28967
Golbahār	IR	36.6	36877
Goldasht	IR	32.6	25235
Golestān	IR	35.5	240000
Golpāyegān	IR	33.5	58936
Gomīshān	IR	37.1	19191
Gonābād	IR	34.4	43465
Gonbad-e Kāvūs	IR	37.3	151910
Gorgān	IR	36.8	244937
Gorjī-ye Soflá	IR	36.4	15163
Gotvand	IR	32.2	24216
Hādīshahr	IR	38.8	34346
Hafshejān	IR	32.2	21352
Haftkel	IR	31.4	15802
Ḩājjīābād	IR	28.3	23309
Hamadān	IR	34.8	528256
Ḥamīdiyeh	IR	31.5	22057
Harsīn	IR	34.3	57647
Ḩasanābād	IR	35.4	43922
Hashtgerd	IR	36.0	55640
Hashtpar	IR	37.8	45305
Hashtrūd	IR	37.5	20572
Hendījān	IR	30.2	29015
Hoveyzeh	IR	31.5	19481
Īlām	IR	33.6	140940
Īlkhchī	IR	37.9	16574
Iranshahr	IR	27.2	131232
Isfahan	IR	32.7	1547164
Īstgāh-e Rāh Āhan-e Garmsār	IR	35.2	49491
Īz̄eh	IR	31.8	119399
Jahrom	IR	28.5	141634
Jājarm	IR	37.0	19580
Jālq	IR	27.6	18098
Jam	IR	27.8	31436
Jask	IR	25.6	16680
Javānrūd	IR	34.8	54354
Jīroft	IR	28.7	130429
Jūybār	IR	36.6	32924
Kabūdarāhang	IR	35.2	19216
Kahnūj	IR	27.9	52624
Kahrīzak	IR	35.3	37527
Kalāleh	IR	37.4	33700
Kamālshahr	IR	35.9	141669
Kāmyārān	IR	34.8	57077
Kangāvar	IR	34.5	51352
Karahrūd	IR	34.1	29721
Karaj	IR	35.8	1448075
Kashan	IR	34.0	304487
Kāshān	IR	34.0	304487
Kāshmar	IR	35.2	131517
Katālem va Sādāt Shahr	IR	36.9	20716
Kavār	IR	29.2	31711
Kāzerūn	IR	29.6	112360
Kelīshād va Sūdarjān	IR	32.6	25635
Kerman	IR	30.3	577514
Kermanshah	IR	34.3	621100
Khabarābād	IR	35.5	17267
Khalkhāl	IR	37.6	51024
Khānsār	IR	33.2	21883
Khāsh	IR	28.2	69603
Kherāmeh	IR	29.5	18477
Khomām	IR	37.4	20897
Khomeyn	IR	33.6	77425
Khomeynī Shahr	IR	32.7	277334
Khonj	IR	27.9	19217
Khorramabad	IR	33.5	329825
Khorramdarreh	IR	36.2	50528
Khorramshahr	IR	30.4	330606
Khosrowshahr	IR	37.9	21972
Khowrzūq	IR	32.8	29154
Khūrmūj	IR	28.7	40722
Khūy	IR	38.6	198845
Khvāf	IR	34.6	33189
Kīsh	IR	26.6	39853
Konārak	IR	25.4	43258
Kord Kūy	IR	36.8	39881
Kūhdasht	IR	33.5	89091
Kūt-e ‘Abdollāh	IR	31.2	56252
Lāhījān	IR	37.2	101073
Lālī	IR	32.3	18473
Lamerd	IR	27.3	29380
Langarūd	IR	37.2	68148
Lār	IR	27.7	62045
Lavāsān	IR	35.8	18146
Līkak	IR	30.9	19857
Lordegān	IR	31.5	40528
Mādavān	IR	30.7	18078
Mahābād	IR	36.8	168393
Mahājerān	IR	34.1	20346
Maḩallāt	IR	33.9	43245
Māhān	IR	30.1	19423
Māhdāsht	IR	35.7	62910
Mahdishahr	IR	35.7	21000
Maḩmūdābād	IR	36.6	31844
Maḩmūdābād Nemūneh	IR	36.3	21982
Mahrīz	IR	31.6	34237
Maku	IR	39.3	46581
Makū	IR	27.8	46581
Malārd	IR	35.7	56745
Malāyer	IR	34.3	170237
Malekābād	IR	35.8	15296
Malekān	IR	37.1	27431
Māmūnīyeh	IR	35.3	21814
Manjīl	IR	36.7	15630
Manūjān	IR	27.4	15634
Marāgheh	IR	37.4	262604
Marand	IR	38.4	124191
Marīvān	IR	35.5	136654
Marvdasht	IR	29.9	148858
Māsāl	IR	37.4	17901
Mashhad	IR	36.3	2307177
Masjed Soleymān	IR	31.9	100497
Mehestan	IR	36.0	85200
Meshgīn Shahr	IR	38.4	74109
Meshkīn Dasht	IR	35.7	62005
Meybod	IR	32.3	51874
Mīāndoāb	IR	37.0	134425
Mīāneh	IR	37.4	106291
Mīnāb	IR	27.1	97986
Mīnūdasht	IR	37.2	30085
Mobārakeh	IR	32.3	69449
Moḩammad Shahr	IR	35.8	119418
Moḩammadīyeh	IR	36.2	90513
Mojtame‘-e Maskūnī-ye Nāmjū	IR	35.5	22990
Morteẕá Gerd	IR	35.6	15506
Nā’īn	IR	32.9	27379
Nahāvand	IR	34.2	76250
Najafābād	IR	32.6	235281
Najafshahr	IR	29.4	20164
Nakhl-e Taqī	IR	27.5	18837
Naqadeh	IR	37.0	81598
Nasīm Shahr	IR	35.6	200393
Nasimshahr	IR	35.6	200393
Nasir Abaad	IR	35.6	28644
Nasirshahr	IR	35.5	28644
Naţanz	IR	33.5	43977
Naz̧arābād	IR	36.0	213388
Nehbandān	IR	31.5	18304
Nekā	IR	36.7	60991
Neyrīz	IR	29.2	45506
Neyshābūr	IR	36.2	220929
Nīkshahr	IR	26.2	17000
Nowshahr	IR	36.6	40000
Nūr	IR	36.6	26947
Nūrābād	IR	34.1	65547
Omīdīyeh	IR	30.8	67427
Orūmīyeh	IR	37.6	577307
Oshnavīyeh	IR	37.0	50661
Oskū	IR	37.9	18459
Ovrīn	IR	35.5	17577
Pādegān-e Manjīl	IR	36.7	17396
Pākdasht	IR	35.5	236319
Parand	IR	35.5	97464
Pardīs	IR	35.7	114249
Pārsābād	IR	39.6	102996
Pārsiān	IR	27.2	18045
Pāsārgād	IR	30.2	29825
Pāveh	IR	35.0	25771
Piranshahr	IR	36.7	168393
Pīshīn	IR	26.1	16011
Pīshvā	IR	35.3	53856
Poldasht	IR	39.3	42170
Poldokhtar	IR	33.2	26352
Qā’em Shahr	IR	36.5	204953
Qā’emīyeh	IR	29.9	26918
Qā’en	IR	33.7	42323
Qahderījān	IR	32.6	29392
Qarah Ẕīā’ od Dīn	IR	38.9	26767
Qarchak	IR	35.4	251834
Qaşr-e Qand	IR	26.2	37722
Qaşr-e Shīrīn	IR	34.5	18473
Qazvin	IR	36.3	333635
Qeshm	IR	26.9	25000
Qīāmdasht	IR	35.5	36446
Qīdar	IR	36.1	34921
Qīr	IR	28.5	20010
Qods	IR	35.7	309605
Qom	IR	34.6	900000
Qorveh	IR	35.2	87953
Qūchān	IR	37.1	111752
Rafsanjān	IR	30.4	147680
Rāmhormoz	IR	31.3	74285
Rāmsar	IR	36.9	35997
Rāmshīr	IR	30.9	25009
Rasht	IR	37.3	594590
Ravānsar	IR	34.7	24527
Rāvar	IR	31.3	40167
Rehnān	IR	32.7	49143
Reẕvānshahr	IR	37.5	19519
Robāţ Karīm	IR	35.5	105393
Rūdān	IR	27.4	36121
Rūdehen	IR	35.7	28533
Rūdsar	IR	37.1	47502
Sa‘ādat Shahr	IR	30.1	17131
Sa‘īdābād	IR	35.7	16212
Şabbāshahr	IR	35.6	53971
Sabzevar	IR	36.2	243700
Ṣafādasht	IR	35.7	32476
Şafāshahr	IR	30.6	26933
Sahand	IR	38.0	82494
Şaḩneh	IR	34.5	35508
Ṣāleḥīeh	IR	35.5	58683
Salmās	IR	38.2	81606
Sanandaj	IR	35.3	349176
Saqqez	IR	36.2	165258
Sarāb	IR	37.9	45031
Sarakhs	IR	36.5	46499
Sarāvān	IR	27.4	60014
Sardasht	IR	36.2	46412
Sardrūd	IR	38.0	29739
Sari	IR	36.6	255396
Sarpol-e Z̄ahāb	IR	34.5	45481
Sarvestān	IR	29.3	18187
Sāveh	IR	35.0	220762
Sedeh Lanjān	IR	32.4	19101
Semīrom	IR	31.4	26942
Semnan	IR	35.6	124826
Seyah Cheshmeh	IR	39.1	17804
Shabestar	IR	38.2	22181
Shādegān	IR	30.6	41733
Shāhedshahr	IR	35.6	25544
Shāhīn Dezh	IR	36.7	41442
Shāhīn Shahr	IR	32.9	173329
Shahr-e Bābak	IR	30.1	51620
Shahr-e Kord	IR	32.3	129153
Shahr-e Ṣadrā	IR	29.8	122226
Shahrak-e ‘Alā’īn	IR	35.6	21594
Shahrak-e Mohandesī-ye Zerā‘ī	IR	35.8	16104
Shahrak-e Pardīsān	IR	34.6	100000
Shahrak-e Qods	IR	35.8	29774
Shahrak-e Ţāleqānī	IR	30.8	25808
Shahre Jadide Andisheh	IR	35.7	116062
Shahreẕā	IR	32.0	134952
Shahrīār	IR	35.7	309607
Shahrud	IR	36.4	165000
Shāl	IR	35.9	15290
Sharīfābād	IR	36.2	20347
Shāzand	IR	33.9	21181
Sheybān	IR	31.4	36374
Shiraz	IR	29.6	1249942
Shīrvān	IR	37.4	82790
Showţ	IR	39.2	25381
Shūsh	IR	32.2	77148
Shūshtar	IR	32.0	101878
Sīāhkal	IR	37.2	19924
Sīmīn Shahr	IR	37.0	17205
Sirjan	IR	29.5	199704
Sonqor	IR	34.8	44256
Şowme‘eh Sarā	IR	37.3	47083
Surian	IR	30.5	20000
Sūsangerd	IR	31.6	51431
Tabas	IR	33.6	49993
Tabriz	IR	38.1	1424641
Tafresh	IR	34.7	16493
Taft	IR	31.7	18464
Tajrīsh	IR	35.8	86000
Takāb	IR	36.4	51541
Tākestān	IR	36.1	71499
Tāybād	IR	34.7	37513
Tehran	IR	35.7	7153309
Tīrān	IR	32.7	21703
Tonekābon	IR	36.8	37501
Torbat-e Ḩeydarīyeh	IR	35.3	140019
Torbat-e Jām	IR	35.2	58928
Ţorqabeh	IR	36.3	20998
Tūyserkān	IR	34.6	50455
Vaḩīdīyeh	IR	35.7	33249
Varāmīn	IR	35.3	225628
Varnāmkhvāst	IR	32.4	18700
Veys	IR	31.5	15312
Yasuj	IR	30.7	96786
Yazd	IR	31.9	477905
Zābol	IR	31.0	121989
Zahedan	IR	29.5	551980
Zanjan	IR	36.7	357471
Zarand	IR	30.8	58983
Zarqān	IR	29.8	32261
Zarrīn Shahr	IR	32.4	55817
Zīr Āb	IR	36.2	16191
Akureyri	IS	65.7	19219
Hafnarfjörður	IS	64.1	31525
Keflavík	IS	64.0	15930
Kópavogur	IS	64.1	40040
Reykjanesbær	IS	64.0	19724
Reykjavík	IS	64.1	118918
Abano Terme	IT	45.4	18224
Abbiategrasso	IT	45.4	32784
Acerra	IT	40.9	59910
Aci Castello	IT	37.6	17588
Aci Catena	IT	37.6	24663
Acilia-Castel Fusano-Ostia Antica	IT	41.8	129362
Acireale	IT	37.6	49477
Acquaviva delle Fonti	IT	40.9	20536
Acqui Terme	IT	44.7	17828
Adelfia	IT	41.0	16756
Adrano	IT	37.7	34446
Adriano	IT	45.5	17508
Afragola	IT	40.9	64470
Agrigento	IT	37.3	32514
Agropoli	IT	40.3	17335
Alba	IT	44.7	24923
Albano Laziale	IT	41.7	26684
Albenga	IT	44.0	17103
Albignasego	IT	45.3	16477
Alcamo	IT	38.0	44431
Alessandria	IT	44.9	92104
Alghero	IT	40.6	34261
Alpignano	IT	45.1	16598
Altamura	IT	40.8	70539
Ancona	IT	43.6	89994
Andria	IT	41.2	99784
Angri	IT	40.7	31632
Anzio	IT	41.5	45403
Aosta	IT	45.7	35261
Aprilia	IT	41.6	74977
Arcella	IT	45.4	44000
Arcore	IT	45.6	16690
Ardea	IT	41.6	17078
Arenella	IT	40.9	67634
Arese	IT	45.6	19138
Arezzo	IT	43.5	100734
Ariccia	IT	41.7	17487
Arpino	IT	40.9	17760
Arzano	IT	40.9	34933
Arzignano	IT	45.5	21247
Ascoli Piceno	IT	42.9	41741
Assemini	IT	39.3	25257
Asti	IT	44.9	74348
Augusta	IT	37.2	30723
Aurora	IT	45.1	20001
Avellino	IT	40.9	48104
Aversa	IT	41.0	52974
Avezzano	IT	42.0	37808
Avola	IT	36.9	28666
Avvocata	IT	40.9	33001
Bacoli	IT	40.8	25590
Bagheria	IT	38.1	53149
Bagnoli	IT	40.8	23333
Barcellona Pozzo di Gotto	IT	38.1	34598
Bareggio	IT	45.5	16546
Bari	IT	41.1	316491
Barletta	IT	41.3	93279
Barra	IT	40.8	36642
Barriera di Lanzo	IT	45.1	50000
Barriera di Milano	IT	45.1	50354
Bassano del Grappa	IT	45.8	38224
Bastia umbra	IT	43.1	17831
Battipaglia	IT	40.6	47104
Bellaria-Igea Marina	IT	44.1	17635
Belluno	IT	46.1	25064
Belpasso	IT	37.6	16319
Benevento	IT	41.1	58418
Bergamo	IT	45.7	121200
Biancavilla	IT	37.6	23188
Biella	IT	45.6	43030
Bisceglie	IT	41.2	55385
Bitonto	IT	41.1	51661
Bollate	IT	45.5	35235
Bologna	IT	44.5	394843
Bolzano	IT	46.5	107436
Borgo San Paolo	IT	45.1	33366
Borgomanero	IT	45.7	20430
Boscoreale	IT	40.8	26861
Bovisio-Masciago	IT	45.6	16542
Bra	IT	44.7	24072
Brera	IT	45.5	18492
Brescia	IT	45.5	200423
Bressanone	IT	46.7	15868
Bresso	IT	45.5	25712
Brindisi	IT	40.6	87141
Bronte	IT	37.8	19074
Brugherio	IT	45.6	33061
Brusciano	IT	40.9	15238
Bussolengo	IT	45.5	15170
Busto Arsizio	IT	45.6	83405
Cagliari	IT	39.2	149257
Caivano	IT	41.0	34604
Caltagirone	IT	37.2	38391
Caltanissetta	IT	37.5	62797
Camaiore	IT	43.9	26746
Campi Bisenzio	IT	43.8	32871
Campo di Marte	IT	43.8	88588
Campobasso	IT	41.6	49230
Canicattì	IT	37.4	32918
Canosa di Puglia	IT	41.2	29847
Cantù	IT	45.7	39917
Capannori	IT	43.8	41116
Capua	IT	41.1	15438
Carate Brianza	IT	45.7	15404
Carbonara di Bari	IT	41.1	22625
Carbonia	IT	39.2	21664
Cardito	IT	40.9	21458
Carini	IT	38.1	35082
Carmagnola	IT	44.8	23012
Caronno Pertusella	IT	45.6	16377
Carpi	IT	44.8	71148
Carrara	IT	44.1	58666
Carugate	IT	45.5	15368
Casa Santa	IT	38.0	23880
Casal Bertone	IT	41.9	16273
Casal de' Pazzi	IT	41.9	27206
Casal di Principe	IT	41.0	20589
Casal Palocco	IT	41.7	32706
Casale Monferrato	IT	45.1	33213
Casalecchio di Reno	IT	44.5	33789
Casalnuovo di Napoli	IT	40.9	45796
Casamassima	IT	41.0	18380
Casarano	IT	40.0	19359
Casavatore	IT	40.9	18663
Cascina	IT	43.7	40512
Caserta	IT	41.1	72844
Casoria	IT	40.9	73918
Cassano d'Adda	IT	45.5	17267
Cassano Magnago	IT	45.7	21208
Cassino	IT	41.5	21074
Castel Maggiore	IT	44.6	16068
Castel Volturno	IT	41.0	21881
Castelfranco Emilia	IT	44.6	17315
Castelfranco Veneto	IT	45.7	25545
Castellammare di Stabia	IT	40.7	66164
Castelvetrano	IT	37.7	31680
Castiglione delle Stiviere	IT	45.4	18530
Castrovillari	IT	39.8	20334
Catania	IT	37.5	311584
Catanzaro	IT	38.9	78970
Cattolica	IT	44.0	16189
Cava Dè Tirreni	IT	40.7	53130
Cecina	IT	43.3	22018
Ceglie Messapica	IT	40.6	16536
Cenisia	IT	45.1	36044
Cento	IT	44.7	18191
Centro	IT	45.1	20285
Cercola	IT	40.9	17821
Cerignola	IT	41.3	54056
Cernusco sul Naviglio	IT	45.5	29078
Cerveteri	IT	42.0	15883
Cervia	IT	44.3	28700
Cesano Boscone	IT	45.4	23368
Cesano Maderno	IT	45.6	36986
Cesena	IT	44.1	97137
Cesenatico	IT	44.2	18925
Chiaia	IT	40.8	40730
Chiaiano	IT	40.9	23396
Chiari	IT	45.5	15541
Chiavari	IT	44.3	26572
Chieri	IT	45.0	36749
Chieti	IT	42.3	44444
Chieti Scalo	IT	42.4	22500
Chinatown	IT	45.5	29000
Chioggia	IT	45.2	46951
Chivasso	IT	45.2	23017
Ciampino	IT	41.8	38277
Cinisello Balsamo	IT	45.6	75943
Circoiscrizione I	IT	45.1	78523
Circoiscrizione II	IT	45.1	141344
Circoiscrizione III	IT	45.1	130709
Circoiscrizione IV	IT	45.1	98787
Circoiscrizione V	IT	45.1	126666
Circoiscrizione VI	IT	45.1	107369
Circoiscrizione VII	IT	45.1	89448
Circoiscrizione VIII	IT	45.0	134028
Ciriè	IT	45.2	17439
Cisterna di Latina	IT	41.6	27362
Città di Castello	IT	43.5	22497
Civitanova Marche	IT	43.3	42251
Civitavecchia	IT	42.1	47543
Colle di Val d'Elsa	IT	43.4	16625
Colleferro	IT	41.7	20736
Collegno	IT	45.1	46524
Cologno Monzese	IT	45.5	45786
Comiso	IT	36.9	26298
Como	IT	45.8	84808
Conegliano	IT	45.9	30765
Conversano	IT	41.0	22661
Copertino	IT	40.3	23489
Corato	IT	41.2	46505
Cordenons	IT	46.0	15962
Corigliano Scalo	IT	39.6	15136
Cormano	IT	45.5	20031
Cornaredo	IT	45.5	20098
Correggio	IT	44.8	15571
Corsico	IT	45.4	33669
Cosenza	IT	39.3	63852
Crema	IT	45.4	31481
Cremona	IT	45.1	71223
Crocetta	IT	45.1	18334
Crotone	IT	39.1	64603
Cuneo	IT	44.4	55980
Cusano	IT	45.6	18904
Dalmine	IT	45.6	22881
Desenzano del Garda	IT	45.5	22665
Desio	IT	45.6	41960
Domodossola	IT	46.1	17778
Eboli	IT	40.6	26183
Empoli	IT	43.7	34394
Enna	IT	37.6	22998
Eppan	IT	46.5	15062
Erba	IT	45.8	16431
Ercolano	IT	40.8	53576
Esquilino	IT	41.9	21263
Este	IT	45.2	16963
Fabriano	IT	43.3	23230
Faenza	IT	44.3	41714
Falconara Marittima	IT	43.6	25948
Fano	IT	43.8	60978
Fasano	IT	40.8	22593
Favara	IT	37.3	32110
Fermo	IT	43.2	18109
Ferrara	IT	44.8	132009
Fidenza	IT	44.9	21952
Filadelfia	IT	45.0	45531
Fiorano	IT	44.5	16278
Fiumicino	IT	41.8	80738
Florence	IT	43.8	367150
Floridia	IT	37.1	22089
Foggia	IT	41.5	137032
Foligno	IT	43.0	56918
Follonica	IT	42.9	21163
Fondi	IT	41.4	39762
Forio	IT	40.7	15969
Forlì	IT	44.2	116696
Formia	IT	41.3	28521
Formigine	IT	44.6	34328
Fornacelle	IT	43.9	17278
Fossano	IT	44.6	18773
Francavilla al Mare	IT	42.4	21095
Francavilla Fontana	IT	40.5	33415
Frascati	IT	41.8	20036
Frattamaggiore	IT	40.9	29822
Frattaminore	IT	41.0	15487
Frosinone	IT	41.6	44505
Fuorigrotta	IT	40.8	76521
Gaeta	IT	41.2	19936
Galatina	IT	40.2	19569
Gallarate	IT	45.7	50439
Galliate	IT	45.5	15699
Gallipoli	IT	40.1	19176
Garbagnate Milanese	IT	45.6	25974
Gela	IT	37.1	75001
Genoa	IT	44.4	580097
Genzano di Roma	IT	41.7	20582
Ghedi	IT	45.4	16351
Giardinetti-Tor Vergata	IT	41.9	20680
Giarre	IT	37.7	24138
Ginosa	IT	40.6	16151
Gioia del Colle	IT	40.8	24184
Gioia Tauro	IT	38.4	18769
Giovinazzo	IT	41.2	19186
Giugliano in Campania	IT	40.9	80269
Giulianova	IT	42.8	20490
Giussano	IT	45.7	25916
Gorgonzola	IT	45.5	18979
Gorizia	IT	45.9	34428
Gragnano	IT	40.7	29082
Gravina di Catania	IT	37.6	26524
Gravina in Puglia	IT	40.8	42210
Grosseto	IT	42.8	60922
Grottaferrata	IT	41.8	18144
Grottaglie	IT	40.5	31320
Grugliasco	IT	45.1	36700
Grumo Nevano	IT	40.9	17879
Guidonia	IT	42.0	20943
Guidonia Montecelio	IT	42.0	89165
Iglesias	IT	39.3	22659
Imola	IT	44.4	69953
Imperia	IT	43.9	42328
Infernetto	IT	41.7	29838
Ischia	IT	40.7	18564
Ischia Porto	IT	40.7	18192
Isernia	IT	41.6	16945
Ivrea	IT	45.5	23599
Jesi	IT	43.5	36985
L'Aquila	IT	42.4	33691
La Spezia	IT	44.1	93288
Ladispoli	IT	42.0	34204
Lainate	IT	45.6	25011
Lamezia Terme	IT	39.0	70501
Lancenigo-Villorba	IT	45.7	15265
Lanciano	IT	42.2	34791
Latina	IT	41.5	76305
Lavinio	IT	41.5	20000
Lecce	IT	40.4	80695
Lecco	IT	45.9	46580
Legnago	IT	45.2	21646
Legnano	IT	45.6	57589
Lentini	IT	37.3	24102
Licata	IT	37.1	36537
Lido	IT	45.4	15719
Lido di Ostia	IT	41.7	85301
Limbiate	IT	45.6	32062
Lingotto	IT	45.0	49705
Lissone	IT	45.6	37353
Livorno	IT	43.5	157017
Lodi	IT	45.3	40767
Lucca	IT	43.8	81748
Lucento	IT	45.1	25000
Lucera	IT	41.5	32222
Lugo	IT	44.4	21273
Lumezzane	IT	45.6	23712
Macerata	IT	43.3	30842
Maddaloni	IT	41.0	34546
Madonna di Campagna	IT	45.1	21362
Magenta	IT	45.5	22566
Malafede	IT	41.8	16844
Malnate	IT	45.8	15466
Manduria	IT	40.4	27411
Manfredonia	IT	41.6	56932
Mantua	IT	45.2	39260
Marano di Napoli	IT	40.9	49920
Marcianise	IT	41.0	40239
Marghera	IT	45.5	28622
Mariano Comense	IT	45.7	22643
Marigliano	IT	40.9	29901
Marina di Ardea-Tor San Lorenzo	IT	41.6	20216
Marina di Carrara	IT	44.0	25000
Marina di Massa	IT	44.0	19092
Marino	IT	41.8	44142
Marsala	IT	37.8	77915
Martina Franca	IT	40.7	37685
Mascalucia	IT	37.6	32179
Massa	IT	44.0	64783
Massafra	IT	40.6	30875
Massarosa	IT	43.9	22435
Matera	IT	40.7	60403
Mazara del Vallo	IT	37.7	51534
Meda	IT	45.7	22665
Melegnano	IT	45.4	16707
Melito di Napoli	IT	40.9	36933
Melzo	IT	45.5	18031
Mentana	IT	42.0	17047
Merano	IT	46.7	41051
Mesagne	IT	40.6	26497
Messina	IT	38.2	219948
Mestre	IT	45.5	147662
Miano	IT	40.9	23896
Milan	IT	45.5	1371498
Milazzo	IT	38.2	31771
Minturno	IT	41.3	16236
Mira Taglio	IT	45.4	32881
Mirafiori Nord	IT	45.0	41337
Mirafiori Sud	IT	45.0	33677
Mirandola	IT	44.9	17380
Mirano	IT	45.5	15139
Misilmeri	IT	38.0	19171
Misterbianco	IT	37.5	45542
Modena	IT	44.6	184732
Modica	IT	36.9	54456
Modugno	IT	41.1	36384
Mogliano Veneto	IT	45.6	21991
Mola di Bari	IT	41.1	24682
Molfetta	IT	41.2	59557
Moncalieri	IT	45.0	56134
Mondovì	IT	44.4	21880
Mondragone	IT	41.1	28683
Monfalcone	IT	45.8	26706
Monopoli	IT	40.9	37738
Monreale	IT	38.1	21964
Monselice	IT	45.2	18682
Monserrato	IT	39.3	20193
Monte Rosello	IT	40.7	45000
Montebelluna	IT	45.8	26670
Montecalvario	IT	40.8	23050
Montecatini-Terme	IT	43.9	17954
Montecchio Maggiore-Alte Ceccato	IT	45.5	20815
Montemurlo	IT	43.9	17502
Monterotondo	IT	42.1	37225
Monterusciello	IT	40.9	29125
Montesilvano	IT	42.5	53275
Montevarchi	IT	43.5	18682
Montichiari	IT	45.4	15030
Monza	IT	45.6	124398
Muggiò	IT	45.6	23193
Mugnano di Napoli	IT	40.9	34231
Naples	IT	40.9	909048
Nardò	IT	40.2	29668
Nerviano	IT	45.6	17030
Nettuno	IT	41.5	49873
Nicastro	IT	39.0	40000
Nichelino	IT	45.0	47760
Niscemi	IT	37.1	26893
Nizza Millefonti	IT	45.0	26487
Nocera Inferiore	IT	40.7	45608
Nocera Superiore	IT	40.7	23452
Noci	IT	40.8	15383
Noicattaro	IT	41.0	21988
Nola	IT	40.9	24101
Noto	IT	36.9	18421
Nova Milanese	IT	45.6	22310
Novara	IT	45.4	101916
Novate Milanese	IT	45.5	19758
Novi Ligure	IT	44.8	25957
Nuoro	IT	40.3	35948
Oderzo	IT	45.8	15764
Olbia	IT	40.9	60345
Orbassano	IT	45.0	21813
Oristano	IT	39.9	31671
Orta di Atella	IT	41.0	24750
Orta Nova	IT	41.3	16677
Osimo	IT	43.5	16610
Ostuni	IT	40.7	24157
Ottaviano	IT	40.9	23396
Pachino	IT	36.7	20493
Paderno Dugnano	IT	45.6	46235
Padua	IT	45.4	203725
Pagani	IT	40.7	32835
Palagiano	IT	40.6	15388
Palagonia	IT	37.3	16227
Palazzolo sull'Oglio	IT	45.6	17973
Palermo	IT	38.1	648260
Pallanza-Intra-Suna	IT	45.9	28911
Palma di Montechiaro	IT	37.2	22654
Palmi	IT	38.4	18556
Palo del Colle	IT	41.1	20692
Paolo VI	IT	40.5	17330
Parabiago	IT	45.6	26364
Parella	IT	45.1	46795
Parma	IT	44.8	198292
Partinico	IT	38.0	28708
Paternò	IT	37.6	46030
Pavia	IT	45.2	65734
Pendino	IT	40.8	16848
Perugia	IT	43.1	120137
Pesaro	IT	43.9	77241
Pescara	IT	42.5	119554
Piacenza	IT	45.1	103607
Pianura	IT	40.9	57821
Piazza Armerina	IT	37.4	17736
Pietrasanta	IT	44.0	18897
Pinerolo	IT	44.9	30866
Pioltello	IT	45.5	34203
Piombino	IT	42.9	34041
Piossasco	IT	45.0	16904
Pisa	IT	43.7	109960
Piscinola	IT	40.9	27534
Pistoia	IT	43.9	73832
Poggibonsi	IT	43.5	21692
Poggiomarino	IT	40.8	19451
Poggioreale	IT	40.9	23654
Polo Nord	IT	45.1	16983
Pomezia	IT	41.7	22346
Pomigliano d'Arco	IT	40.9	38921
Pompei	IT	40.7	23902
Pontedera	IT	43.7	19518
Ponticelli	IT	40.9	52284
Pordenone	IT	46.0	49878
Porta Palazzo	IT	45.1	19000
Portici	IT	40.8	53801
Porto Empedocle	IT	37.3	16574
Porto San Giorgio	IT	43.2	15558
Porto Sant'Elpidio	IT	43.3	22233
Porto Torres	IT	40.8	21653
Portogruaro	IT	45.8	17468
Posillipo	IT	40.8	22856
Potenza	IT	40.6	56433
Pozzallo	IT	36.7	18166
Pozzo Strada	IT	45.1	54766
Pozzuoli	IT	40.8	81231
Prato	IT	43.9	195089
Putignano	IT	40.9	23661
Qualiano	IT	40.9	23752
Quartiere Otto	IT	45.5	16000
Quarto	IT	40.9	37683
Quarto Oggiaro	IT	45.5	182118
Quartu Sant'Elena	IT	39.2	66620
Quattromiglia	IT	39.3	22889
Ragusa	IT	36.9	74251
Rapallo	IT	44.3	26993
Ravenna	IT	44.4	80868
Reggio Calabria	IT	38.1	182455
Reggio nell'Emilia	IT	44.7	171944
Rho	IT	45.5	47086
Ribera	IT	37.5	17664
Riccione	IT	44.0	32744
Rieti	IT	42.4	39068
Rimini	IT	44.1	148688
Riva del Garda	IT	45.9	17331
Rivoli	IT	45.1	48629
Rocca di Papa	IT	41.8	15036
Romano Banco	IT	45.4	26163
Romano di Lombardia	IT	45.5	17549
Rome	IT	41.9	2318895
Roseto degli Abruzzi	IT	42.7	16538
Rosignano Marittimo	IT	43.4	30071
Rosignano Solvay-Castiglioncello	IT	43.4	19786
Rosolini	IT	36.8	19721
Rossano Stazione	IT	39.6	23824
Rovereto	IT	45.9	34152
Rovigo	IT	45.1	50279
Rozzano	IT	45.4	39731
Rutigliano	IT	41.0	17674
Ruvo di Puglia	IT	41.1	23938
Sabaudia	IT	41.3	19327
Sacile	IT	46.0	16626
Salerno	IT	40.7	125797
Salsomaggiore Terme	IT	44.8	15754
Saluzzo	IT	44.6	16537
Sambiase	IT	39.0	20000
San Benedetto del Tronto	IT	43.0	45873
San Bonifacio	IT	45.4	17347
San Carlo All'Arena	IT	40.9	69094
San Cataldo	IT	37.5	22079
San Donà di Piave	IT	45.6	41856
San Donato	IT	45.1	32586
San Donato Milanese	IT	45.4	28351
San Felice A Cancello	IT	41.0	16571
San Ferdinando	IT	40.8	18404
San Giorgio a Cremano	IT	40.8	45463
San Giovanni a Teduccio	IT	40.8	23839
San Giovanni in Fiore	IT	39.3	17358
San Giovanni in Persiceto	IT	44.6	15783
San Giovanni la Punta	IT	37.6	22046
San Giovanni Lupatoto	IT	45.4	20038
San Giovanni Rotondo	IT	41.7	27124
San Giovanni Valdarno	IT	43.6	16002
San Giuliano Milanese	IT	45.4	31050
San Giuseppe Vesuviano	IT	40.8	26888
San Lazzaro	IT	44.5	22350
San Lorenzo	IT	40.9	48078
San Mauro Torinese	IT	45.1	18521
San Miniato	IT	43.7	16900
San Miniato Basso	IT	43.7	26365
San Nicandro Garganico	IT	41.8	15815
San Nicola la Strada	IT	41.1	21147
San Paolo	IT	41.1	29800
San Pietro a Patierno	IT	40.9	17324
San Salvario	IT	45.1	35591
San Salvo	IT	42.0	17123
San Sebastiano	IT	45.7	23228
San Severo	IT	41.7	51919
San Vito dei Normanni	IT	40.7	17617
Sanremo	IT	43.8	47043
Sant'Anastasia	IT	40.9	20733
Sant'Antimo	IT	40.9	33561
Sant'Antonio Abate	IT	40.7	18859
Santa Maria Capua Vetere	IT	41.1	31743
Santa Rita	IT	45.0	29680
Santeramo in Colle	IT	40.8	24922
Sarno	IT	40.8	28837
Saronno	IT	45.6	38099
Sarzana	IT	44.1	20435
Sassari	IT	40.7	91895
Sassuolo	IT	44.5	36926
Sava	IT	40.4	15898
Savigliano	IT	44.6	16800
Savona	IT	44.3	61345
Scafati	IT	40.8	48702
Scampia	IT	40.9	23377
Scandiano	IT	44.6	25896
Scandicci	IT	43.8	44951
Schio	IT	45.7	33740
Sciacca	IT	37.5	40569
Scicli	IT	36.8	16109
Scordia	IT	37.3	16645
Secondigliano	IT	40.9	51874
Segrate	IT	45.5	28296
Selargius	IT	39.3	23285
Senago	IT	45.6	20620
Senigallia	IT	43.7	30882
Seregno	IT	45.7	42760
Seriate	IT	45.7	23552
Sesto Fiorentino	IT	43.8	45656
Sesto San Giovanni	IT	45.5	81822
Sestri Levante	IT	44.3	16963
Sestu	IT	39.3	18191
Settimo Torinese	IT	45.1	47485
Seveso	IT	45.6	22733
Sezze	IT	41.5	16071
Siderno	IT	38.3	15651
Siena	IT	43.3	53901
Sinnai	IT	39.3	15791
Siracusa	IT	37.1	121605
Soccavo	IT	40.8	45314
Somma Vesuviana	IT	40.9	32484
Sondrio	IT	46.2	19208
Sora	IT	41.7	23758
Spinaceto	IT	41.8	24219
Spinea-Orgnano	IT	45.5	23710
Spoleto	IT	42.7	19266
Stella	IT	40.9	30483
Sulmona	IT	42.0	21086
Suzzara	IT	45.0	16571
Taranto	IT	40.5	198585
Teramo	IT	42.7	54338
Terlizzi	IT	41.1	25811
Termini Imerese	IT	38.0	22957
Termoli	IT	42.0	31044
Terni	IT	42.6	111189
Terracina	IT	41.3	30980
Terzigno	IT	40.8	17138
Thiene	IT	45.7	21145
Tivoli	IT	42.0	22018
Todi	IT	42.8	15345
Tolentino	IT	43.2	16504
Tor Lupara	IT	42.0	20843
Torre Annunziata	IT	40.8	43521
Torre del Greco	IT	40.8	85332
Torremaggiore	IT	41.7	16955
Tortona	IT	44.9	22743
Torvaianica	IT	41.6	17235
Tradate	IT	45.7	17154
Trani	IT	41.3	53981
Trapani	IT	38.0	67531
Trecate	IT	45.4	19430
Trento	IT	46.1	120709
Trentola-Ducenta	IT	41.0	17056
Treviglio	IT	45.5	24937
Treviso	IT	45.7	85760
Trezzano sul Naviglio	IT	45.4	20001
Trieste	IT	45.6	204338
Triggiano	IT	41.1	26811
Turin	IT	45.1	847287
Udine	IT	46.1	100170
Valdagno	IT	45.6	22555
Valenza	IT	45.0	17305
Valenzano	IT	41.0	16101
Vanchiglia	IT	45.1	29230
Vanchiglietta	IT	45.1	18300
Varese	IT	45.8	80588
Vasto	IT	42.1	41409
Velletri	IT	41.7	52911
Venaria Reale	IT	45.1	33531
Venice	IT	45.4	51298
Ventimiglia	IT	43.8	24120
Verbania	IT	45.9	31070
Vercelli	IT	45.3	45875
Verona	IT	45.4	258031
Viadana	IT	44.9	20013
Viareggio	IT	43.9	62169
Vibo Valentia	IT	38.7	19263
Vicaria	IT	40.9	15062
Vicenza	IT	45.5	111980
Vigevano	IT	45.3	57970
Vignola	IT	44.5	22397
Villabate	IT	38.1	19031
Villafranca di Verona	IT	45.4	15895
Villanova	IT	42.0	15117
Villaricca	IT	40.9	25074
Vimercate	IT	45.6	22727
Vimodrone	IT	45.5	17072
Viterbo	IT	42.4	47134
Vittoria	IT	37.0	50852
Vittorio Veneto	IT	46.0	24789
Voghera	IT	45.0	38464
Volla	IT	40.9	22911
Vomero	IT	40.8	44791
Zola Predosa	IT	44.5	15965
Saint Helier	JE	49.2	28000
Barrett Town	JM	18.5	17169
Half Way Tree	JM	18.0	18552
Kingston	JM	18.0	937700
Linstead	JM	18.1	20660
Mandeville	JM	18.0	47115
May Pen	JM	18.0	44755
Montego Bay	JM	18.5	82867
New Kingston	JM	18.0	583958
Ocho Rios	JM	18.4	26503
Old Harbour	JM	17.9	26024
Portmore	JM	18.0	102861
Savanna-la-Mar	JM	18.2	16553
Spanish Town	JM	18.0	145018
‘Ajlūn	JO	32.3	125557
‘Anjarah	JO	32.3	17634
‘Izrā	JO	31.2	22756
Al Fuḩayş	JO	32.0	18916
Al Jubayhah	JO	32.0	46834
Amman	JO	32.0	1275857
Aqaba	JO	29.5	95048
Ar Ramthā	JO	32.6	155693
As Salţ	JO	32.0	107874
Aţ Ţafīlah	JO	30.8	25429
Aydūn	JO	32.5	18376
Az̧ Z̧ulayl	JO	32.1	50931
Ḩayy al Quwaysimah	JO	31.9	32396
Ḩayy Khildā	JO	32.0	251000
Irbid	JO	32.6	569068
Jarash	JO	32.3	27046
Judita	JO	32.4	20000
Karak City	JO	31.2	21678
Khuraybat as Sūq	JO	31.9	186158
Kurayyimah	JO	32.3	17837
Ma'an	JO	30.2	50350
Mādabā	JO	31.7	82335
Mafraq	JO	32.3	57118
Māḩiş	JO	32.0	17754
Marj Al Hamam	JO	31.9	82788
Qīr Moāv	JO	31.2	22581
Rukban	JO	33.3	85000
Russeifa	JO	32.0	268237
Safi	JO	31.0	15200
Saḩāb	JO	31.9	40241
Ṣuwayliḥ	JO	32.0	151016
Umm as Summāq	JO	31.9	18274
Wādī as Sīr	JO	32.0	181212
Zarqa	JO	32.1	792665
Abashiri	JP	44.0	35759
Abiko	JP	35.9	131771
Adachi	JP	35.8	695043
Agano	JP	37.8	40696
Ageo	JP	36.0	226940
Agui	JP	34.9	28383
Aihara	JP	35.6	725493
Aioi	JP	34.8	28355
Aira	JP	31.8	76348
Aisai	JP	35.2	60829
Aizu-misato Machi	JP	37.4	19014
Aizu-Wakamatsu	JP	37.5	118159
Ajiki	JP	35.8	20127
Akaike	JP	33.7	21398
Akaiwa	JP	34.8	43742
Akasaka	JP	35.7	17603
Akashi	JP	34.7	303601
Akatsuka	JP	35.8	32253
Aki	JP	33.5	16370
Aki-takata	JP	34.7	32323
Akihabara	JP	35.7	77200
Akiruno	JP	35.7	81912
Akishima	JP	35.7	113949
Akita	JP	39.7	307672
Akitsu	JP	35.8	17695
Akune	JP	32.0	25089
Ama	JP	35.2	86126
Amagasaki	JP	34.7	459593
Amagi	JP	33.4	42312
Amakusa	JP	32.5	83082
Amami	JP	28.4	41390
Ami	JP	36.0	48553
Anamizu	JP	37.2	17840
Anan	JP	33.9	70285
Anjō	JP	35.0	188693
Annaka	JP	36.3	57013
Aobadai	JP	35.5	39500
Aoi	JP	35.8	17422
Aomori	JP	40.8	298394
Aoto	JP	35.7	27980
Arai	JP	37.0	27481
Arakawa	JP	35.7	216900
Arao	JP	33.0	53675
Arashiyama	JP	35.0	50000
Arida	JP	34.1	26755
Arita	JP	33.2	19010
Asagaya-minami	JP	35.7	19185
Asagayakita	JP	35.7	24345
Asahi	JP	35.7	64690
Asahikawa	JP	43.8	333530
Asaka	JP	35.8	141083
Asakuchi	JP	34.5	32772
Asakura	JP	33.4	50273
Asakusa	JP	35.7	62092
Ashibetsu	JP	43.5	19108
Ashikaga	JP	36.3	144746
Ashiya	JP	34.7	93922
Aso	JP	32.9	27039
Asso	JP	33.7	15236
Atami	JP	35.1	34233
Atsugi	JP	35.4	223960
Awa	JP	34.1	34713
Awaji	JP	34.5	42597
Awara	JP	36.2	27524
Ayabe	JP	35.3	31846
Ayase	JP	35.4	83913
Azamino	JP	35.6	17682
Azumino	JP	36.3	94222
Bandō	JP	36.1	57128
Bange	JP	37.6	15068
Beppu	JP	33.3	122643
Bibai	JP	43.3	29028
Bizen	JP	34.8	39117
Bungo-Takada-shi	JP	33.6	23059
Bunkyo	JP	35.5	240069
Buzen	JP	33.6	26886
Chatan	JP	26.3	28201
Chiba	JP	35.6	979768
Chichibu	JP	36.0	61159
Chigasaki	JP	35.3	242798
Chikugo	JP	33.2	48827
Chikuma	JP	36.5	59381
Chikusei	JP	36.3	100753
Chikushino-shi	JP	33.5	103311
Chino	JP	36.0	56400
Chiryū	JP	35.0	72193
Chita	JP	35.0	84364
Chitose	JP	42.8	97950
Chiyoda	JP	35.7	66680
Chōfu	JP	35.7	242614
Choshi	JP	35.7	58431
Chūō	JP	35.7	169179
Daigo	JP	36.8	15736
Daisen	JP	39.4	91143
Daitō	JP	34.7	119367
Date	JP	37.8	59625
Dazaifu	JP	33.5	73164
Den’enchōfu	JP	35.6	18952
Ebara	JP	35.6	21232
Ebetsu	JP	43.1	133953
Ebina	JP	35.4	136516
Ebino	JP	32.0	17638
Ebisu	JP	35.6	15112
Echigawa	JP	35.2	20893
Echizen	JP	35.9	83078
Edogawe	JP	35.7	697932
Edosaki	JP	36.0	20800
Eifuku	JP	35.7	15709
Ena	JP	35.4	48777
Engaru	JP	44.0	19241
Eniwa	JP	42.9	70331
Enzan	JP	35.7	25142
Etajima	JP	34.2	24596
Fuchū	JP	35.7	262790
Fuchūchō	JP	34.6	50746
Fuefuki	JP	35.6	69463
Fuji	JP	35.2	245392
Fujieda	JP	34.9	145032
Fujiidera	JP	34.6	63688
Fujikawaguchiko	JP	35.5	26540
Fujimino	JP	35.9	113597
Fujinomiya	JP	35.2	132507
Fujioka	JP	36.2	64539
Fujisawa	JP	35.3	439728
Fujishiro	JP	35.9	33148
Fujiyoshida	JP	35.4	48782
Fukagawa	JP	43.7	26152
Fukawa	JP	35.9	15340
Fukayachō	JP	36.2	141268
Fuki	JP	34.6	18009
Fukiage-fujimi	JP	36.1	28334
Fukuchiyama	JP	35.3	77306
Fukuechō	JP	32.7	26636
Fukui-shi	JP	36.1	262328
Fukumitsu	JP	36.6	19535
Fukuoka	JP	33.6	1612392
Fukura	JP	34.3	18721
Fukuroi	JP	34.8	88395
Fukushima	JP	37.8	294237
Fukutsu	JP	33.8	67033
Fukuyama	JP	34.5	468812
Funabori	JP	35.7	26811
Funaishikawa	JP	36.5	35318
Funehikimachi-funehiki	JP	37.4	23524
Furano	JP	43.4	21131
Furukawa	JP	38.6	76312
Fushimi	JP	35.1	31710
Fusō	JP	35.4	34133
Fussa	JP	35.7	56786
Futtsu	JP	35.3	51650
Gamagōri	JP	34.8	80063
Gero	JP	35.8	35000
Gifu	JP	35.4	402557
Ginan	JP	35.4	25881
Ginowan	JP	26.3	100125
Gion	JP	34.4	68713
Gobō	JP	33.9	23481
Gōdo	JP	35.4	19361
Gohyakkoku	JP	36.7	24792
Gojō	JP	34.4	34342
Gose	JP	34.5	26522
Gosen	JP	37.7	48458
Goshogawara	JP	40.8	53576
Gotemba	JP	35.3	86614
Gotō	JP	32.7	34391
Gōtsuchō	JP	35.0	24009
Gujō	JP	35.7	41858
Gushikawa	JP	26.4	65251
Gyōda	JP	36.1	86343
Habikino	JP	34.6	109479
Hachimantai	JP	39.9	25076
Hachinohe	JP	40.5	239046
Hachiōji	JP	35.7	579355
Hadano	JP	35.4	163787
Hagi	JP	34.4	44626
Haibara-akanedai	JP	34.5	18472
Hakodate	JP	41.8	275730
Hakonegasaki	JP	35.8	31765
Hakui	JP	36.9	24529
Hakurōmachi	JP	40.5	16042
Hamada	JP	34.9	57142
Hamakita	JP	34.8	86502
Hamamatsu	JP	34.7	791707
Hamanoichi	JP	31.7	39475
Hamura	JP	35.8	54622
Hanamaki	JP	39.4	94691
Hanawa	JP	40.2	36925
Handa	JP	34.9	117884
Hannan	JP	34.3	52350
Hannō	JP	35.9	80361
Hanyū	JP	36.2	58686
Haramachi	JP	33.8	20480
Haruta	JP	35.1	32399
Hasaki	JP	35.7	39209
Hashima	JP	35.3	67909
Hashimoto	JP	34.3	61063
Hasuda	JP	36.0	61540
Hasune	JP	35.8	18388
Hatogaya-honchō	JP	35.8	53062
Hatsukaichi	JP	34.4	114173
Hayama	JP	35.3	31665
Hayashino	JP	35.0	25939
Hekinan	JP	34.9	72458
Hida	JP	36.2	22538
Hidaka	JP	35.9	55294
Higashi-Matsuyama	JP	36.0	91791
Higashigō	JP	33.2	22051
Higashigotanda	JP	35.6	15550
Higashihiroshima	JP	34.4	196608
Higashikagawa	JP	34.2	28305
Higashikurume	JP	35.8	117020
Higashimatsushima	JP	38.4	39098
Higashimurayama	JP	35.8	151815
Higashine	JP	38.4	47682
Higashinozoe	JP	34.7	33604
Higashiosaka	JP	34.7	493940
Higashiyamato	JP	35.8	83901
Hiji	JP	33.4	28524
Hikari	JP	34.0	51040
Hikarigaoka	JP	35.8	26127
Hikiso	JP	34.5	33810
Hikone	JP	35.3	113647
Himeji	JP	34.8	530495
Himi	JP	36.8	43995
Himimachi	JP	36.9	54510
Hino	JP	35.7	190435
Hirado	JP	33.4	31192
Hiragi	JP	34.3	26878
Hirai	JP	35.7	40373
Hirakata	JP	34.8	406331
Hirakawa	JP	40.6	30938
Hirara	JP	24.8	34354
Hiratachō	JP	35.4	28154
Hiratsuka	JP	35.3	258422
Hirokawa	JP	33.2	19969
Hirosaki	JP	40.6	168739
Hiroshima	JP	34.4	1200754
Hisai-motomachi	JP	34.7	41642
Hita	JP	33.3	64874
Hitachi	JP	36.6	174508
Hitachi-Naka	JP	36.4	156581
Hitachi-ota	JP	36.6	48602
Hitachiomiya	JP	36.6	39267
Hitokawame	JP	40.6	24273
Hitoto	JP	37.0	16540
Hitoyoshi	JP	32.2	38006
Hizume	JP	39.5	32147
Hobaramachi	JP	37.8	24515
Hōfu	JP	34.0	116925
Hōjō	JP	34.0	27992
Hokota	JP	36.1	45953
Hokuto	JP	35.8	46888
Honchō	JP	35.7	644668
Hondomachi-hondo	JP	32.5	40787
Honjō	JP	36.2	78569
Honmachi	JP	32.5	123067
Horikiri	JP	35.7	28463
Hōryūji	JP	34.6	27587
Hōshakuji	JP	36.6	29229
Hotaka	JP	36.3	33195
Hyūga	JP	32.4	60037
Ibara	JP	34.6	41460
Ibaraki	JP	34.8	287730
Ibi	JP	35.5	19529
Ibusuki	JP	31.2	39011
Ichihara	JP	35.5	283531
Ichikawa	JP	35.7	496676
Ichikikushikino	JP	31.7	30551
Ichinoe	JP	35.7	20927
Ichinomiya	JP	35.3	380073
Ichinoseki	JP	38.9	114476
Iga	JP	34.8	88895
Igusa	JP	36.0	19378
Iida	JP	35.5	101536
Iijima	JP	36.1	18965
Iiyama	JP	36.9	20118
Iizuka	JP	33.6	126364
Ijūin	JP	31.6	25217
Ikaruga	JP	34.8	33477
Ikebukuro	JP	35.7	19930
Ikeda	JP	34.8	104993
Ikedachō	JP	34.0	23605
Ikegami	JP	35.6	30959
Ikeno	JP	35.4	23360
Iki	JP	33.8	30352
Ikoma	JP	34.7	120741
Imabari	JP	34.1	170986
Imaichi	JP	36.7	64323
Imarichō-kō	JP	33.3	57940
Imizu	JP	36.8	90742
Ina	JP	35.8	68177
Inabe	JP	35.1	44973
Inada	JP	36.4	53502
Inagi	JP	35.6	93151
Inami	JP	34.7	30268
Inashiki	JP	36.0	46994
Inazawa	JP	35.3	134751
Innoshima	JP	34.3	26141
Ino	JP	33.5	22155
Inokashira	JP	35.7	15853
Inokura	JP	33.8	15080
Inuyama	JP	35.4	73995
Inzai	JP	35.8	105463
Iruma	JP	35.8	147166
Isa	JP	32.1	24453
Isahaya	JP	32.8	135546
Isawa	JP	35.6	29616
Ise	JP	34.5	123533
Isehara	JP	35.4	103401
Isesaki	JP	36.3	211850
Ishigaki	JP	24.3	47637
Ishigami	JP	36.3	30343
Ishige	JP	36.1	24948
Ishii	JP	34.1	25062
Ishikari	JP	43.2	58755
Ishikawa	JP	26.4	22412
Ishiki	JP	34.8	23966
Ishinari	JP	33.4	16323
Ishinomaki	JP	38.4	140151
Ishioka	JP	36.2	73061
Ishitsuka	JP	36.5	18097
Isogo	JP	35.4	16706
Isumi	JP	35.2	35544
Itabashi	JP	35.7	584483
Itako	JP	35.9	27604
Itami	JP	34.8	198138
Itō	JP	35.0	68773
Itogawa	JP	34.0	25258
Itoigawa	JP	37.0	40765
Itoman	JP	26.1	61007
Itoshima	JP	33.5	98877
Itsukaichi	JP	35.7	24954
Iwade	JP	34.3	53967
Iwai	JP	36.0	42497
Iwaki	JP	37.0	357309
Iwakuni	JP	34.2	129125
Iwakura	JP	35.3	48007
Iwamizawa	JP	43.2	85107
Iwanuma	JP	38.1	44068
Iwase	JP	36.4	39122
Iwata	JP	34.7	166672
Iwatsuki	JP	36.0	108833
Iyo	JP	33.8	35133
Izu	JP	35.0	30678
Izumi	JP	34.5	184615
Izumiōtsu	JP	34.5	74412
Izumisano	JP	34.4	100131
Izumo	JP	35.4	172775
Izunokuni	JP	35.0	48579
Jōetsu	JP	37.1	189430
Jōsō	JP	36.0	60834
Jōyō	JP	34.8	74607
Kachidoki	JP	35.7	27113
Kadogawa	JP	32.5	17526
Kadoma	JP	34.7	131727
Kaga	JP	36.3	67793
Kagoshima	JP	31.6	595049
Kahoku	JP	36.8	34889
Kai	JP	35.7	75313
Kainan	JP	34.2	48369
Kaitaichi	JP	34.4	29636
Kaizu	JP	35.2	34960
Kaizuka	JP	34.5	92632
Kajiki	JP	31.7	22997
Kajiya	JP	35.1	19261
Kakamigahara	JP	35.4	144521
Kakegawa	JP	34.8	117925
Kakogawachō-honmachi	JP	34.8	271634
Kakuda	JP	38.0	33221
Kamagaya	JP	35.8	109932
Kamaishi	JP	39.3	43107
Kamakura	JP	35.3	172929
Kamata	JP	35.6	22939
Kameda-honchō	JP	37.9	32765
Kameoka	JP	35.0	97181
Kameyama	JP	34.9	49835
Kami	JP	33.5	35473
Kamifukuoka	JP	35.9	52323
Kamigōri	JP	34.9	15448
Kamigotō	JP	33.0	17503
Kamigyō-ku	JP	35.0	83000
Kamiichi	JP	36.7	20827
Kamiigusa	JP	35.7	15773
Kamiiso	JP	41.8	38098
Kamikoizumi	JP	36.3	42089
Kamimaruko	JP	36.3	25403
Kaminokawa	JP	36.4	31243
Kaminoma	JP	34.8	22496
Kaminoyama	JP	38.2	35593
Kamiōi	JP	35.3	17129
Kamirenjaku	JP	35.7	195391
Kamisu	JP	35.9	95454
Kamiya	JP	35.8	16109
Kamizawa	JP	35.1	36794
Kamo	JP	37.7	25971
Kamogatachō-kamogata	JP	34.5	18412
Kamogawa	JP	35.1	32116
Kamojimachō-jōgejima	JP	34.1	24374
Kan’onjichō	JP	34.1	57438
Kanaishima	JP	35.3	18329
Kanamachi	JP	35.8	18003
Kanaya	JP	34.8	20286
Kanazawa	JP	36.6	466029
Kanda	JP	33.8	37684
Kanegasaki	JP	39.2	15580
Kanegusuku	JP	26.2	40440
Kanekomachi	JP	36.4	37107
Kani	JP	35.4	102143
Kanie	JP	35.1	36489
Kanmaki	JP	34.6	22807
Kannabechō-yahiro	JP	34.6	40766
Kanō	JP	34.5	15697
Kanoya	JP	31.4	101096
Kanuma	JP	36.5	94903
Kanzakimachi-kanzaki	JP	33.3	31022
Karasuyama	JP	36.6	18488
Karatsu	JP	33.4	117663
Kariya	JP	35.0	153834
Karuizawa	JP	36.4	20023
Kasai	JP	34.9	42700
Kasama	JP	36.4	73664
Kasamatsuchō	JP	35.4	22273
Kasaoka	JP	34.5	50160
Kaseda-shirakame	JP	31.4	39012
Kashiba	JP	34.5	78113
Kashihara	JP	34.6	79058
Kashihara-shi	JP	34.5	124521
Kashima	JP	33.1	30159
Kashima-shi	JP	36.0	66950
Kashiwa	JP	35.9	433436
Kashiwara	JP	34.5	120922
Kashiwazaki	JP	37.4	86183
Kasuga	JP	33.5	111023
Kasugai	JP	35.2	308681
Kasukabe	JP	36.0	229792
Kasumi	JP	35.6	16064
Kasumigaura	JP	36.2	40087
Katagami	JP	39.9	31720
Katanawa	JP	33.5	50112
Katano	JP	34.8	75033
Katō	JP	34.9	40645
Katori-shi	JP	35.9	74469
Katsuragi	JP	34.5	37352
Katsuren-haebaru	JP	26.3	34239
Katsushika	JP	35.7	453093
Katsuta	JP	36.4	155968
Katsuura	JP	35.1	16927
Katsuyama	JP	36.1	27088
Kawachi-Nagano	JP	34.4	101692
Kawage	JP	34.8	17948
Kawagoe	JP	35.9	354571
Kawaguchi	JP	35.8	607373
Kawaminami	JP	32.2	15372
Kawanishi	JP	34.8	155165
Kawanoechō	JP	34.0	37641
Kawasaki	JP	35.5	1538262
Kazo	JP	36.1	112792
Kesennuma	JP	38.9	61147
Kikuchi	JP	33.0	49455
Kikugawa	JP	34.7	48484
Kimitsu	JP	35.4	83058
Kimokawa	JP	34.9	29680
Kinokawa	JP	34.3	60592
Kinoshita	JP	35.9	24989
Kirishima	JP	31.7	123205
Kiryū	JP	36.4	108991
Kisai	JP	36.1	20850
Kisarazu	JP	35.4	136166
Kishaba	JP	26.3	17969
Kishiwada	JP	34.5	205561
Kita	JP	35.8	332140
Kita-Akita	JP	40.2	31504
Kitagata	JP	35.4	18410
Kitahama	JP	35.2	23836
Kitahiroshima	JP	43.0	58918
Kitaibaraki	JP	36.8	41801
Kitakami	JP	39.3	93045
Kitakata	JP	37.6	46269
Kitakyushu	JP	33.9	940978
Kitami	JP	43.8	119135
Kitamoto	JP	36.0	66022
Kitanagoya	JP	35.2	86385
Kitsuki	JP	33.4	27999
Kiyose	JP	35.8	76208
Kiyosu	JP	35.2	67352
Kizugawa	JP	34.7	77907
Kobayashi	JP	32.0	44154
Kobe	JP	34.7	1525152
Kochi	JP	33.5	332059
Kodaira	JP	35.7	198739
Kodamachō-kodamaminami	JP	36.2	21544
Kofu	JP	35.7	189591
Koga	JP	36.2	139344
Koganei	JP	35.7	126074
Kōge	JP	35.4	15937
Kogota	JP	38.5	19760
Kogota-ekimae	JP	38.5	23994
Kōka	JP	35.0	89619
Kokubu-matsuki	JP	31.7	57896
Kokubunji	JP	35.7	129242
Komae	JP	35.6	84772
Komagane	JP	35.7	32202
Komagome	JP	35.7	17537
Komaki	JP	35.3	148872
Komatsu	JP	36.4	108509
Komatsushimachō	JP	34.0	36149
Komono	JP	35.0	41542
Komoro	JP	36.3	46272
Konan	JP	35.0	54607
Kōnan	JP	35.3	98255
Kōnosu	JP	36.1	116828
Kōriyama	JP	37.4	327692
Kosai	JP	34.7	59770
Kōshi	JP	32.9	61772
Koshigaya	JP	35.9	345353
Kōshū	JP	35.7	31526
Kōta	JP	34.9	42449
Kōtari	JP	34.9	80608
Kotō	JP	32.8	543730
Kozakai-chō	JP	34.8	22064
Kōzan	JP	34.6	15125
Kudamatsu	JP	34.0	55887
Kuji	JP	40.2	34418
Kukichūō	JP	36.1	150582
Kumagaya	JP	36.1	195277
Kumakura	JP	37.2	20808
Kumamoto	JP	32.8	738907
Kumano	JP	34.3	22834
Kunisaki	JP	33.6	26232
Kunitachi	JP	35.7	77130
Kurashiki	JP	34.6	483576
Kurayoshi	JP	35.4	48558
Kure	JP	34.2	214592
Kurihama	JP	35.2	53782
Kurihara	JP	38.8	66565
Kurihashi	JP	36.1	27813
Kurobe-shi	JP	36.9	41564
Kuroda	JP	35.4	32586
Kuroishi	JP	40.6	38615
Kuroiso	JP	37.0	61230
Kurono	JP	35.5	22041
Kurume	JP	33.3	303579
Kusatsu	JP	35.0	143913
Kushikino	JP	31.7	25744
Kushima	JP	31.5	22102
Kushimoto	JP	33.5	16243
Kushiro	JP	43.0	167875
Kutchan	JP	42.9	15816
Kuwana	JP	35.1	140051
Kyōtanabe	JP	34.8	73753
Kyōtango	JP	35.6	50860
Kyoto	JP	35.0	1463723
Machida	JP	35.5	431079
Machiya	JP	35.7	29272
Maebaru-chūō	JP	33.6	70339
Maebashi	JP	36.4	332149
Maibara	JP	35.3	38259
Maizuru	JP	35.5	92465
Makabe	JP	36.3	19293
Maki	JP	37.8	29041
Makubetsu	JP	45.4	26610
Makuhari	JP	35.6	28729
Makurazaki	JP	31.3	21960
Maniwa	JP	35.1	42725
Marugame	JP	34.3	109513
Maruobara	JP	34.7	43502
Maruoka	JP	36.2	33563
Masaki-chō	JP	33.8	30548
Mashiko	JP	36.5	26045
Masuda	JP	34.7	45003
Matsubara	JP	34.6	130855
Matsubase	JP	32.6	26163
Matsubushi	JP	35.9	28787
Matsudo	JP	35.8	498575
Matsue	JP	35.5	203616
Matsumoto	JP	36.2	241145
Matsusaka	JP	34.6	159145
Matsushima	JP	38.4	16363
Matsutō	JP	36.5	110408
Matsuura	JP	33.3	23566
Matsuyama	JP	33.8	511192
Matsuzaki	JP	35.5	16055
Meguro	JP	35.6	288088
Memuro-minami	JP	42.9	18048
Menuma	JP	36.2	27684
Mibu	JP	36.4	39474
Midori	JP	36.4	50266
Mie	JP	33.0	33695
Mifune	JP	32.7	16901
Mihara	JP	34.4	90573
Miharu	JP	37.4	17471
Miki	JP	34.8	75450
Mikuni	JP	36.2	23480
Mikuriya	JP	35.5	15370
Mima	JP	34.1	28055
Minakami	JP	36.7	18383
Minakuchichō-matoba	JP	35.0	38986
Minamata	JP	32.2	29428
Minami-Alps	JP	35.6	71618
Minami-aoyama	JP	35.7	15177
Minami-ōi	JP	35.6	27201
Minami-Sōma	JP	37.6	59005
Minamiarupusu	JP	35.6	69459
Minamiashigara	JP	35.3	40841
Minamiawaji	JP	34.3	45489
Minamibōsō	JP	35.0	35831
Minamichita	JP	34.7	16617
Minamikyushu	JP	31.3	33080
Minamiminowa	JP	35.9	15797
Minaminagareyama	JP	35.8	17064
Minamirinkan	JP	35.5	224015
Minamisatsuma	JP	31.4	32887
Minamishibetsuchō	JP	44.2	19794
Minamishimabara	JP	32.7	42330
Minamiuonuma	JP	37.1	55354
Minase	JP	34.9	30927
Minato	JP	34.2	375339
Minato City	JP	35.7	260486
Minawa	JP	35.5	39869
Mine	JP	34.2	23247
Mino	JP	35.5	20749
Minoh	JP	34.8	136868
Minokamo	JP	35.5	56972
Misato, Saitama	JP	35.8	142145
Misawa	JP	40.7	42805
Mishima	JP	35.1	107851
Mishōhirajō	JP	33.0	19601
Mitake	JP	35.4	18363
Mito	JP	36.4	270685
Mitoyo	JP	34.2	65713
Mitsukaidō	JP	36.0	41147
Mitsuke	JP	37.5	43180
Miura	JP	35.1	51483
Miyako	JP	39.6	51150
Miyakojima	JP	24.8	54908
Miyakonojō	JP	31.7	161137
Miyama	JP	33.1	35861
Miyaodai	JP	33.8	28114
Miyashiro	JP	36.0	34147
Miyata	JP	33.7	20421
Miyawaka	JP	33.7	26298
Miyazaki	JP	31.9	401339
Miyazu	JP	35.5	16988
Miyoshi	JP	35.1	61952
Miyoshidai	JP	35.8	38434
Miyota	JP	36.3	15562
Mizuho	JP	35.4	56388
Mizunami	JP	35.4	37705
Mizusawa	JP	39.1	61281
Mobara	JP	35.4	88330
Mochibaru	JP	31.8	25591
Mombetsu	JP	44.4	22983
Mooka	JP	36.4	78720
Mori	JP	34.8	18306
Moriguchi	JP	34.7	143096
Morioka	JP	39.7	290700
Moritake	JP	40.1	15254
Moriya	JP	35.9	68777
Moriyama	JP	35.1	85485
Morohongō	JP	35.9	39693
Morowa	JP	35.1	43903
Motomachi	JP	43.8	22972
Motomiya	JP	37.5	30236
Motosu	JP	35.5	32928
Muikamachi	JP	37.1	29123
Mukai-awagasaki	JP	36.6	26574
Mukō	JP	35.0	56859
Munakata	JP	33.8	97095
Murakami	JP	38.2	58300
Muramatsu	JP	37.7	19712
Murata	JP	38.1	38271
Murayama	JP	38.5	22516
Muroran	JP	42.3	96197
Muroto-misakicho	JP	33.3	17601
Musashimurayama	JP	35.7	70829
Musashino	JP	35.7	150149
Mutsu	JP	41.3	56244
Myoko	JP	37.0	30383
Nabari	JP	34.6	77022
Nagahama	JP	35.4	113636
Nagai	JP	38.1	31026
Nagakute	JP	35.2	60162
Nagano	JP	36.6	372760
Nagaoka	JP	37.5	266936
Nagareyama	JP	35.9	200136
Nagasaki	JP	32.8	409118
Nagasu	JP	32.9	16125
Nagato	JP	34.4	32519
Nago	JP	26.6	63554
Nagoya	JP	35.2	2332176
Naha	JP	26.2	317625
Naka	JP	36.0	53137
Naka-niida	JP	38.6	21943
Nakagusuku	JP	26.3	22157
Nakaiburi	JP	34.3	15967
Nakama	JP	33.8	46745
Nakamura	JP	33.0	34559
Nakano	JP	35.7	344880
Nakanobu	JP	35.6	15909
Nakanojō	JP	36.6	15571
Nakashibetsu	JP	43.5	24014
Nakatogari	JP	35.1	43336
Nakatsu	JP	33.6	84701
Nakatsugawa	JP	35.5	78930
Nakatsukuma	JP	33.3	25511
Namegata	JP	36.0	32185
Namerikawa	JP	36.8	34638
Namie	JP	37.5	21866
Namioka	JP	40.7	20681
Nanaku	JP	40.4	16809
Nanao	JP	37.0	50300
Nanjō	JP	26.1	44043
Nankoku	JP	33.6	46664
Nantan	JP	35.1	31629
Nanto	JP	36.5	47976
Nanto-shi	JP	36.6	47976
Nanyō	JP	38.0	30420
Nara-shi	JP	34.7	367353
Narashino	JP	35.7	176197
Narimasu	JP	35.8	30203
Narita	JP	35.8	132906
Narutō	JP	35.6	25696
Narutochō-mitsuishi	JP	34.2	64082
Nasu	JP	37.0	23956
Nasukarasuyama	JP	36.7	24875
Nasushiobara	JP	37.0	115794
Natori-shi	JP	38.2	78718
Nayoro	JP	44.4	27282
Naze	JP	28.4	41365
Nemuro	JP	43.3	31223
Neyagawa	JP	34.8	238549
Nichinan	JP	31.6	51241
Nihammatsu	JP	35.4	48348
Nihommatsu	JP	37.6	53557
Niigata	JP	37.9	797591
Niihama	JP	34.0	123059
Niimi	JP	35.0	30583
Niitsu-honchō	JP	37.8	65910
Niiza	JP	35.8	166017
Nikaho	JP	39.3	23435
Nikkō	JP	36.8	77661
Ninohe	JP	40.3	25513
Ninomiya	JP	35.3	27564
Nirasaki	JP	35.7	29483
Nishi-Tokyo-shi	JP	35.7	207388
Nishiarai	JP	35.8	21910
Nishifukuma	JP	33.8	43154
Nishihara	JP	26.3	34984
Nishinippori	JP	35.7	24319
Nishinomiya	JP	34.7	485587
Nishinoomote	JP	30.7	17832
Nishio	JP	34.9	169984
Nishishinminato	JP	36.8	35994
Nishitawara	JP	35.0	19377
Nishiwaki	JP	35.0	38673
Nisshin	JP	35.1	91795
Nobeoka	JP	32.6	119521
Noboribetsu	JP	42.5	46391
Noborito	JP	35.6	25662
Noda	JP	35.9	154114
Nōgata	JP	33.7	56821
Nogi	JP	36.2	24913
Nomimachi	JP	36.4	48523
Nonoichi	JP	36.5	57238
Noshiro	JP	40.2	52283
Nukui	JP	35.7	19760
Numata	JP	36.6	46908
Numazu	JP	35.1	189486
Nyūzen	JP	36.9	25007
Ōami	JP	35.5	53239
Ōamishirasato	JP	35.5	48129
Ōarai	JP	36.3	15787
Obama	JP	35.5	29435
Obanazawa	JP	38.6	20821
Obihiro	JP	42.9	166536
Obita	JP	32.8	45293
Ōbu	JP	35.0	93123
Ōdachō-ōda	JP	35.2	34354
Ōdate	JP	40.3	69237
Odawara	JP	35.3	188856
Ōfunato	JP	39.1	35452
Oga	JP	39.9	25154
Ōgaki	JP	35.4	161539
Ogawa	JP	35.0	49596
Ogawamachi	JP	36.1	28971
Ogi	JP	33.3	43952
Ōgi	JP	35.8	15733
Ogikubo	JP	35.7	25609
Ogōri	JP	33.4	59360
Ogōri-shimogō	JP	34.1	23516
Ōguchi	JP	35.3	24305
Ogura	JP	36.5	21792
Ōgushi	JP	36.0	18192
Ōhara	JP	35.2	20226
Ōharu	JP	35.2	32399
Ōi	JP	35.9	50593
Ōiso	JP	35.3	32595
Ōita	JP	33.2	477715
Ōizumi-gakuenchō	JP	35.8	34557
Ōizumimachi	JP	35.8	21916
Oji	JP	34.6	24043
Ōji	JP	35.8	23651
Ōjima	JP	35.7	63254
Ojiya	JP	37.3	34704
Ōkawa	JP	33.2	39223
Ōkawara	JP	38.0	23618
Okaya	JP	36.1	54286
Okayama	JP	34.6	724691
Okazaki	JP	35.0	384654
Okegawa	JP	36.0	75062
Okinawa	JP	26.3	142752
Okino	JP	32.9	43337
Ōkubo	JP	35.7	16302
Ōkubo-naka	JP	34.4	43763
Ōkuchi-shinohara	JP	32.1	22425
Okunoya	JP	36.3	34627
Ōmachi	JP	36.5	27559
Omaezaki	JP	34.6	31103
Ōmagari	JP	39.5	38805
Ōmamachō-ōmama	JP	36.4	21286
Ōme	JP	35.8	133535
Omigawa	JP	35.9	25763
Ōmihachiman	JP	35.1	82233
Omitama	JP	36.3	48870
Ōmiya	JP	36.5	27588
Ōmura	JP	32.9	95397
Ōmuta	JP	33.0	131974
Ono	JP	34.9	47609
Ōno	JP	40.3	15091
Ōno-hara	JP	34.3	26190
Onoda	JP	34.0	44295
Ōnojō	JP	33.5	102085
Onomichi	JP	34.4	131170
Osaka	JP	34.7	2753862
Ōsaki	JP	38.6	128763
Oshima	JP	37.0	18630
Ōshū	JP	39.1	112937
Ōta	JP	35.6	748081
Ōtake	JP	34.2	30151
Otaru	JP	43.2	115333
Ōtawara	JP	36.9	72087
Otofuke	JP	43.0	44235
Ōtsu	JP	35.0	345070
Ōtsuka	JP	35.7	19081
Ōtsuki	JP	35.6	23976
Ōuda-yamaguchi	JP	34.5	28121
Ōwa	JP	36.2	25522
Owariasahi	JP	35.2	83144
Owase	JP	34.1	16910
Oyabe	JP	36.7	28983
Oyama	JP	36.3	167647
Ōyama	JP	34.6	21744
Oyamazaki	JP	34.9	15953
Ōyanomachi-noboritate	JP	32.6	24563
Ōzu	JP	33.5	40575
Ranzan	JP	36.1	17889
Rifu	JP	38.3	36014
Rikuzen-Takata	JP	39.0	18262
Rittō	JP	35.0	70312
Rokugō	JP	39.4	18613
Rumoi	JP	43.9	26454
Ryōgoku	JP	35.7	49735
Ryōtsu-minato	JP	38.1	16359
Ryūgasaki	JP	35.9	85761
Ryūō	JP	35.6	43180
Sabae	JP	35.9	68302
Sado	JP	38.0	51492
Saga	JP	33.2	233301
Sagae	JP	38.4	43544
Sagamihara	JP	35.6	720780
Sagara	JP	34.7	25922
Saginomiya	JP	35.7	16593
Saijō	JP	33.9	104791
Saikai	JP	33.0	26275
Saiki	JP	33.0	66851
Saikū	JP	34.5	22445
Saitama	JP	35.9	1324854
Saito	JP	32.1	29262
Sakado	JP	36.0	100275
Sakai	JP	34.6	826161
Sakai-nakajima	JP	36.3	31268
Sakaidechō	JP	34.3	57090
Sakaiminato	JP	35.5	36324
Sakaki	JP	36.5	15025
Sakata	JP	38.9	100273
Saku	JP	36.2	99131
Sakura	JP	35.7	173740
Sakuradai	JP	35.7	25537
Sakuragawa	JP	36.3	39072
Sakurai	JP	34.5	58386
Sandachō	JP	34.9	132858
Sanjō	JP	37.6	94642
Sanmu	JP	35.6	48444
Sano	JP	36.3	117669
Sanyōonoda	JP	34.0	60326
Sapporo	JP	43.1	1973832
Sarubetsu	JP	42.9	25766
Sasaguri	JP	33.6	31213
Sasayama	JP	35.1	40050
Sasazuka	JP	35.7	16792
Sasebo	JP	33.2	243223
Sashiki	JP	32.3	15681
Sashiōgi	JP	35.9	17101
Satte	JP	36.1	55286
Sawara	JP	35.9	47199
Sayama	JP	35.9	160843
Sayō	JP	35.0	15863
Sekimachi	JP	35.5	85283
Sekimachi-minami	JP	35.7	16504
Semboku	JP	39.7	25857
Sendagi	JP	35.7	20906
Sendai	JP	38.3	1096704
Sennan	JP	34.3	60102
Setagaya	JP	35.6	940071
Setakamachi-takayanagi	JP	33.1	23985
Seto	JP	35.2	127792
Setouchi	JP	34.7	36048
Settsu	JP	34.8	87456
Shibata	JP	38.0	96236
Shibetsu	JP	43.7	21744
Shibukawa	JP	36.5	76098
Shibushi	JP	31.5	30231
Shibuya	JP	35.7	230609
Shido	JP	34.3	47003
Shijōnawate	JP	34.7	55177
Shiki	JP	35.8	76445
Shikokuchūō	JP	34.0	82754
Shima	JP	34.3	47774
Shimabara	JP	32.8	43338
Shimada	JP	34.8	95719
Shime	JP	33.6	46377
Shimo-furano	JP	43.4	25872
Shimo-tsuma	JP	36.2	42521
Shimo’ochiai	JP	35.7	15583
Shimobuchi	JP	34.4	16728
Shimoda	JP	32.9	32694
Shimodate	JP	36.3	63666
Shimoigusa	JP	35.7	18269
Shimokizukuri	JP	40.8	18907
Shimonoseki	JP	34.0	265684
Shimosuwa	JP	36.1	20055
Shimotoda	JP	35.8	140899
Shimotsuke	JP	36.4	60274
Shin’ichi	JP	34.6	21030
Shinagawa	JP	33.6	422488
Shinden	JP	36.0	44841
Shingū	JP	33.7	32927
Shinjō	JP	38.8	41140
Shinjuku	JP	35.7	349385
Shinshiro	JP	34.9	44355
Shintomi	JP	32.1	16564
Shiogama	JP	38.3	52662
Shioiri	JP	34.2	17401
Shiojiri	JP	36.1	67241
Shiozawa	JP	37.0	20178
Shirahama	JP	33.7	23325
Shirahamachō-usazakiminami	JP	34.8	23180
Shirakawa	JP	37.1	59491
Shiraoi	JP	42.5	17759
Shiraoka	JP	36.0	52214
Shiroi	JP	35.8	62441
Shiroishi	JP	38.0	33330
Shirone	JP	37.8	41406
Shisō	JP	35.0	35639
Shisui	JP	35.7	20745
Shizukuishi	JP	39.7	16263
Shizunai-furukawachō	JP	42.3	22436
Shizuoka	JP	35.0	693389
Shōbara	JP	34.9	33633
Shōbu	JP	36.1	22156
Shōbudahama	JP	38.3	18132
Shonai	JP	38.8	20940
Shōwa	JP	35.6	20909
Shūnan	JP	34.1	149632
Shuzenji	JP	35.0	16328
Sobue	JP	35.3	23372
Sodegaura	JP	35.4	64901
Sōja	JP	34.7	69030
Sōka	JP	35.8	249645
Sōma	JP	37.8	34865
Sonobe	JP	33.4	17250
Soo	JP	31.6	33310
Sōsa	JP	35.7	35674
Sue	JP	33.6	28628
Sueyoshichō-ninokata	JP	31.6	19986
Sugai	JP	34.8	36198
Sugamo	JP	35.7	18637
Suginami	JP	36.2	588354
Sugita	JP	35.4	21318
Sugito	JP	36.0	44402
Suibara	JP	37.8	20392
Suita	JP	34.8	385567
Sukagawa	JP	37.3	74992
Sukumo	JP	32.9	19292
Sumida	JP	35.7	287766
Sumiyoshi	JP	34.8	28919
Sumoto	JP	34.3	42094
Sunagawa	JP	43.5	20102
Susaki	JP	33.4	26195
Susono	JP	35.2	51216
Suwa	JP	36.0	48972
Suzaka	JP	36.6	54022
Suzuka	JP	34.9	195670
Tachiarai	JP	33.4	15567
Tachikawa	JP	35.7	183581
Tadaoka-higashi	JP	34.5	16567
Tadotsu	JP	34.3	23618
Tagajō-shi	JP	38.3	62827
Tagawa	JP	33.6	51608
Tahara	JP	34.7	60206
Tainai	JP	38.1	28509
Taito	JP	35.7	211444
Tajimi	JP	35.3	107818
Takabō	JP	34.1	22745
Takada	JP	35.3	26882
Takahagi	JP	36.7	27699
Takahama	JP	34.9	48736
Takahashi	JP	34.8	31556
Takahata	JP	38.0	23367
Takaishi	JP	34.5	60511
Takamatsu	JP	34.3	418994
Takanabe	JP	32.1	20185
Takanawa	JP	35.6	22731
Takanosu	JP	40.2	20542
Takaoka	JP	36.8	170077
Takarazuka	JP	34.8	226432
Takasago	JP	34.8	87722
Takasaki	JP	36.3	372973
Takashima	JP	35.4	46976
Takashimadaira	JP	35.8	49646
Takatsukadai	JP	34.6	17018
Takatsuki	JP	34.8	354468
Takayama	JP	36.1	88473
Takedamachi	JP	33.0	20332
Takefu	JP	35.9	75753
Takehara	JP	34.3	30506
Takenotsuka	JP	35.8	18766
Takeo	JP	33.2	47914
Taketoyo	JP	34.9	43535
Takikawa	JP	43.6	45131
Takinomiya	JP	34.2	22693
Takizawa	JP	39.8	55579
Taku	JP	33.3	18295
Tama	JP	35.6	148285
Tamamura	JP	36.3	36367
Tamana	JP	32.9	64292
Tamano	JP	34.5	67786
Tamaru	JP	34.5	15041
Tamba	JP	35.2	61471
Tamba-Sasayama	JP	35.1	39611
Tamura	JP	37.4	35169
Tanabe	JP	33.7	70972
Tanashichō	JP	35.7	82112
Tanba	JP	35.2	62152
Tanuma	JP	36.4	28723
Tanushimarumachi-toyoki	JP	33.4	21156
Tarui	JP	35.4	27439
Tarumizu	JP	31.5	19146
Tatebayashi	JP	36.3	81274
Tateyama	JP	35.0	50064
Tatsuno	JP	34.8	74316
Tatsuno-kita	JP	34.6	23219
Tatsunochō-tominaga	JP	34.9	40011
Tawaramoto	JP	34.6	32241
Tendō	JP	38.4	65393
Tennō	JP	39.9	22740
Tenri	JP	34.6	71052
Toba	JP	34.5	17741
Tōbetsu	JP	43.2	16694
Tochigi	JP	36.4	159056
Tochio-honchō	JP	37.5	23045
Tōgane	JP	35.5	66332
Togitsu	JP	32.8	30084
Togoshi	JP	35.6	16740
Tōin	JP	35.1	25784
Tokai	JP	36.5	37891
Tōkai	JP	35.0	113787
Tōkamachi	JP	37.1	53333
Toki	JP	35.4	58567
Tokoname	JP	34.9	58710
Tokorozawa	JP	35.8	344194
Tokushima	JP	34.1	267345
Tokuyama	JP	34.0	101133
Tokyo	JP	35.7	9733276
Tomakomai	JP	42.6	174806
Tome	JP	38.7	77897
Tōmi	JP	36.4	30122
Tomigusuku	JP	26.2	64612
Tomioka	JP	36.3	47911
Tomiya	JP	38.4	52433
Tomobe	JP	36.4	37146
Tonami	JP	36.6	48659
Tondabayashichō	JP	34.5	132873
Toneri	JP	35.8	15547
Tōno	JP	39.3	26110
Tōon	JP	33.8	33903
Toride	JP	35.9	104524
Tosa	JP	33.5	25732
Tosayamadachō-nakano	JP	33.6	26513
Toshima	JP	35.8	301599
Tosu	JP	33.4	74196
Tottori-shi	JP	35.5	188465
Towada	JP	40.6	60697
Toyama	JP	36.7	415844
Tōyō	JP	35.7	25870
Toyoake	JP	35.0	69295
Toyoda	JP	35.0	15123
Toyohama	JP	34.7	21917
Toyohashi	JP	34.8	377453
Toyokawa	JP	34.8	184661
Toyonaka	JP	34.8	401558
Toyooka	JP	35.5	78348
Toyoshina	JP	36.3	27834
Toyosu	JP	35.7	40424
Toyota	JP	35.1	426162
Toyoyama	JP	35.3	15613
Tsu	JP	34.7	274537
Tsubame	JP	37.7	77382
Tsubata	JP	36.7	37694
Tsuchiura	JP	36.1	144399
Tsugaru	JP	40.8	30934
Tsuha	JP	26.7	17969
Tsuiki	JP	33.7	17189
Tsukawaki	JP	33.3	18371
Tsukuba	JP	36.1	241656
Tsukubamirai	JP	36.0	49872
Tsukumiura	JP	33.1	21658
Tsuma	JP	32.1	34318
Tsuru	JP	35.5	31016
Tsuruda	JP	31.9	20243
Tsuruga	JP	35.7	68482
Tsurugashima	JP	36.0	70117
Tsurugi-asahimachi	JP	36.5	22042
Tsuruoka	JP	38.7	125389
Tsurusaki	JP	33.2	76968
Tsushima	JP	35.2	67658
Tsuyama	JP	35.1	102294
Ube	JP	33.9	173733
Uchiko	JP	33.5	15322
Ueda	JP	36.4	157480
Uekimachi-mōno	JP	32.9	31688
Ueno-ebisumachi	JP	34.8	61598
Uenohara	JP	35.6	23158
Uji	JP	34.9	192925
Ujiie	JP	36.7	30366
Uki	JP	32.6	59928
Ukiha	JP	33.4	27981
Ukima	JP	35.8	24024
Umeki	JP	31.7	47153
Umi	JP	33.6	39772
Unnan	JP	35.2	43269
Unzen	JP	32.8	41096
Uonuma	JP	37.2	34483
Uozu	JP	36.8	45848
Urasoe	JP	26.3	115690
Urayasu	JP	35.7	171362
Ureshinomachi-shimojuku	JP	33.1	25848
Uruma	JP	26.4	125303
Ushibukamachi	JP	32.2	16667
Ushiku	JP	36.0	84651
Ushitsu	JP	37.3	15687
Usuki	JP	33.1	36158
Utazu	JP	34.3	18699
Uto	JP	32.7	37442
Utsunomiya	JP	36.6	518757
Uwa	JP	33.4	35388
Uwajima	JP	33.2	70809
Wadayama	JP	35.3	28989
Wajima	JP	37.4	24608
Wakabayashi	JP	35.6	19686
Wakasugi	JP	33.6	48190
Wakayama	JP	34.2	356729
Wakimachi	JP	34.1	17659
Wakkanai	JP	45.4	33869
Wako	JP	35.8	83989
Wakuya	JP	38.5	15763
Warabi	JP	35.8	75614
Washinomiya	JP	36.1	36544
Watari	JP	38.0	33459
Yabase	JP	35.5	16365
Yabu	JP	35.4	22177
Yabuki	JP	37.2	17287
Yachi	JP	38.4	17641
Yachimata	JP	35.6	68769
Yachiyo	JP	35.7	199498
Yae	JP	34.7	17763
Yaese	JP	26.1	30941
Yahaba	JP	39.6	28056
Yaita	JP	36.8	36275
Yaizu	JP	34.9	139578
Yakami	JP	34.1	35246
Yakumo	JP	42.3	15826
Yamada	JP	39.5	15195
Yamaga	JP	33.0	49082
Yamagata	JP	38.2	248772
Yamaguchi	JP	34.2	193966
Yamaguma	JP	33.4	29591
Yamanashi	JP	35.7	33435
Yamashita	JP	33.6	32207
Yamata	JP	36.1	19732
Yamato	JP	35.5	242065
Yamato-Takada	JP	34.5	61744
Yamatokōriyama	JP	34.6	83285
Yamazakichō-nakabirose	JP	35.0	25115
Yame	JP	33.2	60608
Yamoto	JP	38.4	32028
Yanagawa	JP	33.2	64475
Yanagawamachi-saiwaichō	JP	37.9	20807
Yanai	JP	34.0	32490
Yao	JP	34.6	273213
Yashio	JP	35.8	93363
Yashiro	JP	34.9	21554
Yasu	JP	35.1	50695
Yasugichō	JP	35.4	38875
Yatomi	JP	35.1	43025
Yatsuomachi-higashikumisaka	JP	36.6	22205
Yawata	JP	34.9	71656
Yawatahama	JP	33.5	31987
Yōga	JP	35.6	15817
Yoichi	JP	43.2	18993
Yōkaichiba	JP	35.7	32651
Yokkaichi	JP	35.0	305424
Yokohama	JP	35.4	3777491
Yokoshiba	JP	35.6	22075
Yokosuka	JP	35.3	409478
Yokota	JP	35.8	69550
Yokote	JP	39.3	85555
Yomitan	JP	26.4	41206
Yonabaru	JP	26.2	19695
Yonago	JP	35.4	148720
Yonezawa	JP	37.9	94486
Yono	JP	35.9	102364
Yorii	JP	36.1	32851
Yoshida-kasugachō	JP	37.7	25500
Yoshii	JP	36.3	25655
Yoshikawa	JP	35.9	73262
Yoshinogawa	JP	34.0	38772
Yoshioka	JP	38.4	28786
Yotsukaidō	JP	35.6	95266
Yotsutsuji	JP	35.5	20092
Yotsuya	JP	35.7	74800
Youkaichi	JP	35.1	112819
Yoyogi	JP	35.7	24125
Yufu	JP	33.2	32772
Yugawara	JP	35.1	23426
Yūki	JP	36.3	50645
Yukuhashi	JP	33.7	71426
Yurigaoka	JP	33.8	31007
Yurihonjō	JP	39.4	76077
Yuzawa	JP	39.2	44346
Zama	JP	35.5	132325
Zentsujichó	JP	34.2	31631
Zushi	JP	35.3	60055
Athi River	KE	-1.5	81302
Awendo	KE	-0.9	16815
Bondo	KE	-0.1	22712
Bungoma	KE	0.6	68031
Busia	KE	0.5	71886
Chuka	KE	-0.3	22388
El Wak	KE	2.8	60732
Elburgon	KE	-0.3	28359
Eldama Ravine	KE	0.1	21385
Eldoret	KE	0.5	475716
Emali	KE	-2.1	18325
Embu	KE	-0.5	64979
Garba Tula	KE	0.5	17443
Garissa	KE	-0.5	163399
Gilgil	KE	-0.5	60711
Githunguri	KE	-1.1	63319
Habaswein	KE	1.0	49599
Hola	KE	-1.5	20912
Homa Bay	KE	-0.5	44949
Imara Daima Estate	KE	-1.3	52837
Isebania	KE	-1.2	23891
Isiolo	KE	0.4	78650
Iten	KE	0.7	42000
Jomvu	KE	-4.0	163415
Juja	KE	-1.1	156041
Kabarnet	KE	0.5	24661
Kajiado	KE	-1.9	24678
Kakamega	KE	0.3	1867579
Kakuma	KE	3.7	22984
Kapenguria	KE	1.2	56000
Kapsabet	KE	0.2	41997
Karatina	KE	-0.5	23552
Karuri	KE	-1.2	194342
Kenol	KE	-0.9	44086
Kericho	KE	-0.4	53804
Kerugoya	KE	-0.5	30045
Khwisero	KE	0.2	113294
Kiambu	KE	-1.2	147870
Kihancha	KE	-1.2	22194
Kikuyu	KE	-1.2	323881
Kilifi	KE	-3.6	74270
Kimilili	KE	0.8	56050
Kiminini	KE	0.9	16560
Kinoi	KE	-1.7	44086
Kiserian	KE	-1.4	76903
Kisii	KE	-0.7	112417
Kisumu	KE	-0.1	397957
Kitale	KE	1.0	162174
Kitengela	KE	-1.5	154436
Kitui	KE	-1.4	29062
Lafey	KE	3.2	22882
Lamu	KE	-2.3	25385
Lang'ata	KE	-1.4	172569
Limuru	KE	-1.1	159314
Lodwar	KE	3.1	82970
Lugulu	KE	0.4	40894
Maai Mahiu	KE	-1.0	20823
Machakos	KE	-1.5	63767
Mai	KE	-1.0	20823
Mairo Inya	KE	0.0	30527
Makindu	KE	-2.3	15038
Makueni Boma	KE	-1.8	20681
Makutano	KE	1.3	28469
Malaba	KE	0.6	15581
Malindi	KE	-3.2	119859
Mandera	KE	3.9	114718
Maralal	KE	1.1	31350
Mariakani	KE	-3.9	31715
Marsabit	KE	2.3	36289
Masalani	KE	-1.7	43642
Matuga	KE	-4.2	194252
Maua	KE	0.2	22121
Mazeras	KE	-4.0	16254
Mbale	KE	0.1	60000
Meru	KE	0.0	80191
Migori	KE	-1.1	71668
Mlolongo	KE	-1.4	136351
Moi‘s Bridge	KE	0.9	16355
Molo	KE	-0.2	48356
Mombasa	KE	-4.1	1208333
Moyale	KE	3.5	47850
Mtwapa	KE	-3.9	90677
Muhoroni	KE	-0.2	15217
Mumias	KE	0.3	45485
Murang’a	KE	-0.7	43314
Mwala	KE	-1.4	181896
Mwingi	KE	-0.9	17025
Nairobi	KE	-1.3	4397073
Naivasha	KE	-0.7	198444
Nakuru	KE	-0.3	570674
Nanyuki	KE	0.0	72813
Narok	KE	-1.1	65430
Ngong	KE	-1.4	102323
Njoro	KE	-0.3	42173
Nyahururu	KE	0.0	37650
Nyamira	KE	-0.6	24483
Nyeri	KE	-0.4	80081
Ogembo	KE	-0.8	20000
Ol Kalou	KE	-0.3	47795
Ongata Rongai	KE	-1.4	172569
Oyugis	KE	-0.5	19947
Pumwani	KE	-1.3	29616
Ramu	KE	3.9	35644
Rongai	KE	-0.2	30471
Rongo	KE	-0.8	20688
Ruiru	KE	-1.1	490120
Siaya	KE	0.1	33153
Takaba	KE	3.4	21517
Taveta	KE	-3.4	22018
Tetu	KE	-0.4	39293
Thika	KE	-1.0	251407
Thomas Magena home	KE	-0.8	0
Ukunda	KE	-4.3	77686
Upper Gilgil	KE	-0.2	60711
Voi	KE	-3.4	53353
Wajir	KE	1.7	90116
Wanguru	KE	-0.7	51722
Watamu	KE	-3.4	27857
Webuye	KE	0.6	42642
Wote	KE	-1.8	19725
Ala-Buka	KG	41.4	15426
Balykchy	KG	42.5	42875
Batken	KG	40.1	27730
Bazar-Korgon	KG	41.0	41011
Belovodskoye	KG	42.8	23046
Bishkek	KG	42.9	900000
Iradan	KG	40.3	26200
Ivanovka	KG	42.9	17513
Kant	KG	42.9	22617
Kara Suu	KG	40.7	26609
Kara-Balta	KG	42.8	48278
Kara-Kul’	KG	41.6	26901
Kara-Kulja	KG	40.6	15616
Karakol	KG	42.5	84351
Kochkor-Ata	KG	41.0	17177
Kojomkul	KG	42.9	20182
Kyzyl-Kyya	KG	40.3	32000
Kyzyl-Suu	KG	42.3	15075
Lebedinovka	KG	42.9	21118
Manas	KG	40.9	123239
Massy	KG	41.1	19774
Naryn	KG	41.4	41178
Nookat	KG	40.3	18228
Osh	KG	40.5	322164
Razzakov	KG	39.8	34219
Suluktu	KG	39.9	15019
Suzak	KG	40.9	30534
Talas	KG	42.5	40308
Tash-Kumyr	KG	41.3	23594
Tokmok	KG	42.8	71443
Toktogul	KG	41.9	20577
Uzgen	KG	40.8	49410
Ângk Tasaôm	KH	11.0	16026
Anlong Veaeng	KH	14.2	56927
Banlung	KH	13.7	17000
Battambang	KH	13.1	119251
Bavet	KH	11.1	43783
Boeng Kak Pir	KH	11.6	24937
Chrang Chamreh Muoy	KH	11.6	22911
Dangkao	KH	11.5	76421
Dar	KH	11.8	22898
Kampong Cham	KH	12.0	61750
Kampong Chhnang	KH	12.3	75244
Kampong Speu	KH	11.5	33231
Kampong Thom	KH	12.7	19951
Kampot	KH	10.6	22691
Kandoeng	KH	11.3	33827
Kep	KH	10.5	35990
Koh Kong	KH	11.6	33134
Kratié	KH	12.5	19975
Lumphat	KH	13.5	19205
Mémót	KH	11.8	17061
Ou Bei Choan	KH	13.8	15351
Pailin	KH	12.8	17850
Paoy Paet	KH	13.7	98934
Phnom Penh	KH	11.6	1573544
Phum Ânlŭng Vĭl	KH	13.1	16479
Phumĭ Âmpĭl Leu	KH	12.0	16110
Phumĭ Tnaôt	KH	12.9	21727
Phumĭ Véal Srê	KH	11.0	44270
Phumĭ Véal Tônsay	KH	11.7	25168
Phumĭ Yoŭl Toŭng	KH	11.3	44395
Preaek Prasab	KH	12.4	64466
Prey Veng	KH	11.5	33079
Pursat	KH	12.5	52476
Samraong	KH	14.2	18694
Siem Reap	KH	13.4	139458
Sihanoukville	KH	10.6	73036
Sisophon	KH	13.6	23218
Smach Mean Chey	KH	11.5	29329
Snuol	KH	12.1	16473
Stung Treng	KH	13.5	25000
Suong	KH	11.9	30000
Svay Rieng	KH	11.1	23956
Ta Khmau	KH	11.5	52066
Takeo	KH	11.0	843931
Tbeng Meanchey	KH	13.8	24380
Yeang	KH	13.5	16177
Tarawa	KI	1.3	40311
Fomboni	KM	-12.3	17291
Moroni	KM	-11.7	74749
Moutsamoudou	KM	-12.2	26313
Basseterre	KN	17.3	12920
Anak	KP	38.5	19995
Anbyŏn-ŭp	KP	39.0	31845
Anju	KP	39.6	50196
Aoji-ri	KP	42.5	34248
Ayang-ni	KP	38.2	16104
Ch’ŏngdan-ŭp	KP	38.0	142607
Ch’ŏsal-li	KP	39.4	43614
Chaeryŏng-ni	KP	38.7	125631
Chaeryŏng-ŭp	KP	38.4	53330
Changam-ch’on	KP	40.6	207299
Changyŏn	KP	38.3	39368
Chongjin	KP	41.8	327000
Chŏngju-si	KP	39.7	29065
Chunggang	KP	41.8	41022
Chunghwa	KP	38.9	19346
Haeju	KP	38.0	222396
Hamhŭng	KP	39.9	559056
Hoeryŏng	KP	42.4	43831
Hoeyang	KP	38.7	21111
Hongwŏn	KP	40.0	70923
Hŭkkyo-ri	KP	38.8	25437
Hŭngnam	KP	39.8	346082
Hwadae	KP	40.8	67677
Hwangju-ŭp	KP	38.7	35641
Hwasŏng	KP	41.3	99557
Hyesan	KP	41.4	192680
Hyesan-dong	KP	41.4	97794
Iwŏn-ŭp	KP	40.3	26364
Kaech’ŏn	KP	39.7	319554
Kaesŏng	KP	38.0	338155
Kangdong-ŭp	KP	39.1	28922
Kanggye	KP	41.0	209530
Kangnyŏng	KP	37.9	106827
Kangsŏn	KP	38.9	102436
Kapsan-ŭp	KP	41.1	20406
Kilju	KP	41.0	63652
Kop’ung	KP	40.6	31572
Kosan	KP	38.9	24822
Kowŏn-ŭp	KP	39.4	21490
Kujang-ŭp	KP	39.9	19522
Kusŏng-si	KP	40.0	30902
Kwail-ŭp	KP	38.4	89895
Kyŏngsŏng	KP	41.6	35604
Man’gyŏngdae-ri	KP	39.0	321690
Manp’o	KP	41.2	116760
Musan-ŭp	KP	42.2	21739
Myŏngch’ŏn	KP	41.1	65797
Myŏnggan-dong	KP	41.1	99557
Namp’o	KP	38.7	455000
Namyang	KP	43.0	22218
Namyang-nodongjagu	KP	43.0	65956
Ongjin	KP	37.9	64247
Onsŏng	KP	43.0	19806
Ŏrang	KP	41.4	87757
P’yŏngsŏng	KP	39.2	100000
Paech’ŏn-ŭp	KP	38.0	159825
Paek'ak	KP	39.5	125924
Pongch’ŏn-ŭp	KP	38.1	79740
Puryŏng-ŭp	KP	42.1	48958
Pyongyang	KP	39.0	3222000
Rajin	KP	42.3	66224
Ranam	KP	41.7	34055
Sakchu-ŭp	KP	40.4	18001
Samch’ŏn	KP	38.4	86042
Samho-rodongjagu	KP	39.9	19025
Samjiyŏn-ŭp	KP	41.8	31471
Sariwŏn-si	KP	38.5	310100
Sijung	KP	41.1	41842
Sil-li	KP	39.5	19463
Sinanju	KP	39.6	15693
Sinch’ŏn-ŭp	KP	38.4	141407
Sinmak	KP	38.4	18669
Sinp’o	KP	40.0	152759
Sinŭiju	KP	40.1	288112
Sinwŏn-ŭp	KP	38.2	83161
Sŏnbong	KP	42.4	27331
Songhwa	KP	38.4	44274
Songnim-ni	KP	38.8	152425
Songwŏn	KP	40.4	38051
Songwŏn-ŭp	KP	40.4	38051
Sunan	KP	39.2	36671
Sunch’ŏn	KP	39.4	437000
Sŭngho 1-tong	KP	39.0	39841
T’aet’an-ŭp	KP	38.1	64258
T’ongch’ŏn-ŭp	KP	39.0	20575
Tŏkch’ŏn	KP	39.8	237133
Uiju	KP	40.2	50081
Ŭllyul	KP	38.5	107997
Ŭnch’ŏn-ŭp	KP	38.6	95597
Ŭndŏk	KP	42.5	89244
Unggi	KP	42.3	27331
Wŏnsan	KP	39.2	329207
Yŏch’im-dong	KP	40.4	47460
Yŏnan-ŭp	KP	37.9	22665
Yŏnggwang-ŭp	KP	40.0	21882
Yŏnsa-ŭp	KP	41.9	37876
Yuktae-dong	KP	40.0	76427
Andong	KR	36.6	153348
Ansan-si	KR	37.3	623256
Anseong	KR	37.0	69255
Anyang-si	KR	37.4	595644
Ara-dong	KR	33.5	40448
Asan	KR	36.8	97749
Beolgyo	KR	34.8	19842
Boryeong	KR	36.3	94191
Boseong	KR	34.8	37164
Buan	KR	35.7	22267
Bucheon-si	KR	37.5	850731
Busan	KR	35.1	3285147
Buyeo	KR	36.3	59823
Changnyeong	KR	35.5	74668
Changsu	KR	35.6	26463
Changwon	KR	35.2	1025702
Cheonan	KR	36.8	658831
Cheongju-si	KR	36.6	852147
Cheongsong gun	KR	36.4	31313
Cheorwon	KR	38.2	40646
Chinch'ŏn	KR	36.9	60964
Chinju	KR	35.2	307242
Chuncheon	KR	37.9	284855
Chungju	KR	37.0	209483
Daegu	KR	35.9	2365523
Daejeon	KR	36.3	1441203
Damyang	KR	35.3	44800
Donghae City	KR	37.5	101128
Eisen	KR	36.0	56006
Gaigeturi	KR	33.5	23717
Ganghwa-gun	KR	37.7	25535
Gangneung	KR	37.8	208161
Gapyeong	KR	37.8	55415
Geoje	KR	34.8	232921
Gijang	KR	35.2	176388
Gimcheon	KR	36.1	150000
Gimpo-si	KR	37.6	203391
Gongju	KR	36.5	72435
Goseong	KR	35.0	26704
Goyang-si	KR	37.7	1061752
Gumi	KR	36.1	404691
Gunpo	KR	37.4	286485
Gunsan	KR	36.0	264656
Guri-si	KR	37.6	195236
Gwangju	KR	35.2	1401235
Gwangmyeong	KR	37.5	357545
Gwangyang	KR	34.9	154266
Gyeongju	KR	35.8	245365
Gyeongsan-si	KR	35.8	266951
Hadong	KR	35.1	40909
Haenam	KR	34.6	23928
Hanam	KR	37.5	254415
Hayang	KR	35.9	27236
Heunghae	KR	36.1	36080
Hongch’ŏn	KR	37.7	75251
Hongseong	KR	36.6	89174
Hwacheon	KR	38.1	22965
Hwado	KR	37.7	106358
Hwaseong-si	KR	37.2	640890
Hwasun	KR	35.1	59914
Hwawŏn	KR	35.8	64718
Icheon-si	KR	37.3	196230
Ido-dong	KR	33.5	48579
Iksan	KR	35.9	307000
Imsil	KR	35.6	25693
Incheon	KR	37.5	3015482
Jangheung	KR	34.7	34544
Jangseong	KR	35.3	42129
Jeju City	KR	33.5	488844
Jenzan	KR	36.2	20673
Jeongeup	KR	35.6	139876
Jeonju	KR	35.8	638421
Jinan-gun	KR	35.8	31273
Jumunjin	KR	37.9	20600
Jungpyong	KR	36.8	37207
Kimhae	KR	35.2	531966
Kimje	KR	35.8	44894
Kinzan	KR	36.1	25243
Koch'ang	KR	35.4	72996
Koesan	KR	36.8	44461
Kosong	KR	38.4	62446
Kunwi	KR	36.2	34293
Kurye	KR	35.2	30000
Kwangyang	KR	35.0	89281
Kyosai	KR	34.9	72124
Masan	KR	35.1	434371
Miryang	KR	35.5	53103
Mokpo	KR	34.8	268402
Muan	KR	35.0	92009
Mungyeong	KR	36.6	77304
Munsan	KR	37.9	43208
Naesŏ	KR	35.2	80987
Naju	KR	35.0	42459
Namsa	KR	35.9	23587
Namyangju	KR	37.6	90798
Nangen	KR	35.4	81257
Neietsu	KR	37.2	25413
Nonsan	KR	36.2	43845
Okcheon	KR	36.3	56634
Ora-dong	KR	33.5	16037
Osan	KR	37.2	238788
Pohang	KR	36.0	492041
Pubal	KR	37.3	63026
Pyeongtaek	KR	37.0	364694
Sangju	KR	36.4	101267
Santyoku	KR	37.4	42145
Sejong	KR	36.6	394630
Seodong	KR	33.5	42569
Seogwipo	KR	33.3	178552
Seonghwan	KR	36.9	29239
Seongnam-si	KR	37.4	914832
Seosan	KR	36.8	74208
Seoul	KR	37.6	10349312
Siheungdong	KR	37.5	128142
Sinan	KR	34.8	53150
Sinhyeon	KR	34.9	82560
Sokcho	KR	38.2	81164
Suncheon	KR	35.0	276375
Suwon	KR	37.3	1234582
T’aebaek	KR	37.2	48962
Taesal-li	KR	37.0	23149
Tallang-dong	KR	33.5	54954
Tangjin	KR	36.9	32778
Tongyeong	KR	34.8	70641
Uijeongbu-si	KR	37.7	479141
Uiwang	KR	37.4	63040
Ulsan	KR	35.5	1098421
Ungsang	KR	35.4	83360
Wabu	KR	37.6	96775
Waegwan	KR	36.0	29691
Wanju	KR	35.8	84009
Wŏnju	KR	37.4	332849
Yanggu	KR	38.1	24027
Yangju	KR	37.8	179923
Yangp'yŏng	KR	37.5	83367
Yangsan	KR	35.3	358074
Yecheon	KR	36.7	54873
Yeoju	KR	37.3	111897
Yeongam	KR	34.8	51573
Yeongdong	KR	36.2	43680
Yeonggwang	KR	35.3	51688
Yeongju	KR	36.8	84625
Yeonil	KR	36.0	34560
Yeosu	KR	34.8	268823
Yesan	KR	36.7	39409
Yŏnmu	KR	36.1	25015
Ad Dasmah	KW	29.4	17585
Al Aḩmadī	KW	29.1	637411
Al Faḩāḩīl	KW	29.1	68290
Al Farwānīyah	KW	29.3	86525
Al Finţās	KW	29.2	23071
Al Jahrā’	KW	29.3	24281
Al Mahbūlah	KW	29.1	18178
Al Manqaf	KW	29.1	39025
Ar Rābiyah	KW	29.3	36447
Ar Riqqah	KW	29.1	52068
Ar Rumaythīyah	KW	29.3	58135
As Sālimīyah	KW	29.3	147649
Bayān	KW	29.3	30635
Ḩawallī	KW	29.3	164212
Janūb as Surrah	KW	29.3	18496
Kuwait City	KW	29.4	60064
Şabāḩ as Sālim	KW	29.3	139163
Salwá	KW	29.3	40945
George Town	KY	19.3	29370
West Bay	KY	19.4	15335
Abay	KZ	49.6	35454
Akkol’	KZ	53.3	16773
Aksu	KZ	52.0	44808
Aktau	KZ	43.7	147443
Aktobe	KZ	50.3	500757
Almaty	KZ	43.3	1977011
Altay	KZ	49.7	44929
Aqsay	KZ	51.2	34799
Aral	KZ	46.8	33017
Arkalyk	KZ	50.3	42000
Arys	KZ	42.4	36285
Astana	KZ	51.2	1544142
Atbasar	KZ	51.8	34797
Atyrau	KZ	47.1	290700
Ayagoz	KZ	48.0	33479
Baikonur	KZ	45.6	70000
Balqash	KZ	46.8	81364
Balykshi	KZ	47.1	19260
Burunday	KZ	43.4	20996
Ekibastuz	KZ	51.7	121470
Embi	KZ	48.8	18760
Esik	KZ	43.4	32995
Kalbatau	KZ	49.3	22047
Kandyagash	KZ	49.5	28196
Karagandy	KZ	49.8	497777
Karatau	KZ	43.2	37881
Kentau	KZ	43.5	57408
Khromtau	KZ	50.3	23715
Kokshetau	KZ	53.3	150649
Konayev	KZ	43.9	42167
Kostanay	KZ	53.2	210000
Kyzylorda	KZ	44.9	354800
Lenger	KZ	42.2	21238
Lisakovsk	KZ	52.5	40000
Makinsk	KZ	52.6	17711
Mangistau	KZ	43.7	31368
Maqanshy	KZ	46.8	18754
Merke	KZ	42.9	15934
Novokazalinsk	KZ	45.8	35883
Oral	KZ	51.2	330000
Otegen Batyra	KZ	43.4	18864
Pavlodar	KZ	52.3	329002
Petropavl	KZ	54.9	200920
Qulsary	KZ	47.0	51216
Ridder	KZ	50.3	52664
Rudnyy	KZ	53.0	124000
Saran	KZ	49.8	42552
Sarqant	KZ	45.4	76919
Saryaghash	KZ	41.5	25139
Sarykemer	KZ	43.0	15132
Satpayev	KZ	47.9	69782
Semey	KZ	50.4	292780
Shakhtinsk	KZ	49.7	41602
Shalkar	KZ	48.0	27072
Shalqar	KZ	47.8	27399
Shardara	KZ	41.3	25356
Shchuchinsk	KZ	52.9	47290
Shelek	KZ	43.6	29032
Shemonaikha	KZ	50.6	20087
Shiyeli	KZ	44.2	29832
Shu	KZ	43.6	39785
Shymkent	KZ	42.3	1200000
Stepnogorsk	KZ	52.4	46736
Taldykorgan	KZ	45.0	116558
Talghar	KZ	43.3	42194
Taraz	KZ	42.9	358153
Tasbuget	KZ	44.8	16455
Tekeli	KZ	44.9	26678
Temirtau	KZ	50.1	170600
Turar Ryskulov	KZ	42.5	18421
Turkistan	KZ	43.3	227098
Ushtobe	KZ	45.3	20492
Ust-Kamenogorsk	KZ	50.0	319067
Zaysan	KZ	47.5	17600
Zhanaozen	KZ	43.3	103598
Zhangaqorghan	KZ	43.9	21339
Zhangatas	KZ	43.6	33492
Zharkent	KZ	44.2	34422
Zhetysay	KZ	40.8	36494
Zhezqazghan	KZ	47.8	104357
Zhitikara	KZ	52.2	43104
Zhosaly	KZ	45.5	20065
Ban Houakhoua	LA	20.2	15500
Ban Kèngkok	LA	16.4	15658
Ban Khoan	LA	20.4	65348
Ban Laongam	LA	15.5	21304
Ban Xénô	LA	16.7	25135
Borikhan	LA	18.6	18354
Luang Prabang	LA	19.9	55027
Muang Phônsavan	LA	19.4	37507
Muang Sing	LA	21.2	23500
Muang Xay	LA	20.7	25000
Pakse	LA	15.1	77900
Pakxan	LA	18.4	21967
Savannakhet	LA	16.6	125760
Sekong	LA	15.3	20116
Thakhèk	LA	17.4	90800
Vang Vieng	LA	18.9	25000
Vientiane	LA	18.0	840940
Xam Nua	LA	20.4	56900
Aarsâl	LB	34.2	50000
Aley	LB	33.8	130000
Baalbek	LB	34.0	30916
Beirut	LB	33.9	1916100
Bsharri	LB	34.3	20000
Byblos	LB	34.1	20784
Chmistâr	LB	34.0	30000
El Hermel	LB	34.4	22250
En Nâqoûra	LB	33.1	24910
Ghazieh	LB	33.5	50000
Habboûch	LB	33.4	98433
Jounieh	LB	34.0	96315
Nabatîyé et Tahta	LB	33.4	120000
Ra’s Bayrūt	LB	33.9	1251739
Sidon	LB	33.6	163554
Tripoli	LB	34.4	229398
Tyre	LB	33.3	135204
Zahlé	LB	33.8	78145
Castries	LC	14.0	20000
Gros Islet	LC	14.1	25210
Vaduz	LI	47.1	5197
Ambalangoda	LK	6.2	56783
Ambalantota	LK	6.1	80506
Ampara	LK	7.3	43720
Anuradhapura	LK	8.3	60943
Badulla	LK	7.0	47587
Battaramulla South	LK	6.9	75633
Batticaloa	LK	7.7	86742
Beliatta	LK	6.0	58675
Bentota	LK	6.4	37000
Beruwala	LK	6.5	34250
Chilaw	LK	7.6	24712
Colombo	LK	6.9	648034
Dambulla	LK	7.9	66716
Dehiwala-Mount Lavinia	LK	6.8	219827
Devinuwara	LK	5.9	45000
Eravur Town	LK	7.8	22982
Galle	LK	6.0	93118
Gampola	LK	7.2	24283
Hambantota	LK	6.1	19999
Hanwella Ihala	LK	6.9	22918
Hatton	LK	6.9	15073
Hendala	LK	7.0	56978
Homagama	LK	6.8	34664
Ja Ela	LK	7.1	32175
Jaffna	LK	9.7	169102
Kalmunai	LK	7.4	100171
Kalutara	LK	6.6	37081
Kandana	LK	7.0	33424
Kandy	LK	7.3	111701
Kataragama	LK	6.4	20935
Katunayaka	LK	7.2	84643
Kegalle	LK	7.3	17962
Kelaniya	LK	7.0	28846
Kolonnawa	LK	6.9	64887
Kotikawatta	LK	6.9	64565
Kurunegala	LK	7.5	28571
Maharagama	LK	6.8	195355
Mannar	LK	9.0	35817
Matale	LK	7.5	36462
Matara	LK	5.9	76254
Moratuwa	LK	6.8	168280
Mullaittivu	LK	9.3	28973
Mulleriyawa	LK	6.9	33540
Negombo	LK	7.2	137223
Nuwara Eliya	LK	7.0	27500
Panadura	LK	6.7	33735
Peliyagoda	LK	7.0	28784
Pita Kotte	LK	6.9	118179
Point Pedro	LK	9.8	89810
Pottuvil	LK	6.9	45727
Puttalam	LK	8.0	45661
Ratnapura	LK	6.7	47832
Sri Jayewardenepura Kotte	LK	6.9	115826
Trincomalee	LK	8.6	108420
Vakarai	LK	8.1	21000
Valvedditturai	LK	9.8	78205
Vavuniya	LK	8.8	60176
Wattala	LK	7.0	30725
Weligama	LK	6.0	22179
Welisara	LK	7.0	41306
Buchanan	LR	5.9	75854
Foya Kamara	LR	8.4	31052
Ganta	LR	7.2	63523
Gbarnga	LR	7.0	86031
Greenville	LR	5.0	20184
Harbel	LR	6.2	38208
Harper	LR	4.4	35503
Kakata	LR	6.5	52247
Monrovia	LR	6.3	1542549
New Yekepa	LR	7.6	24695
Pleebo City	LR	4.6	35423
Saclepea	LR	7.0	20818
Sanniquellie	LR	7.4	17895
Tubmanburg	LR	6.9	22005
Voinjama	LR	8.4	23051
Zwedru	LR	6.1	38269
Butha-Buthe	LS	-28.8	40599
Hlotse	LS	-28.9	43967
Mabote	LS	-29.3	38047
Mafeteng	LS	-29.8	45287
Maputsoe	LS	-28.9	61916
Maseru	LS	-29.3	359753
Mohale's Hoek	LS	-30.2	46593
Qacha’s Nek	LS	-30.1	25573
Quthing	LS	-30.4	33910
Teyateyaneng	LS	-29.1	27272
Thaba-Tseka	LS	-29.5	16765
Aleksotas	LT	54.9	24270
Alytus	LT	54.4	49195
Antakalnis	LT	54.7	40000
Dainava (Kaunas)	LT	54.9	70000
Eiguliai	LT	54.9	40453
Fabijoniškės	LT	54.7	37000
Gargždai	LT	55.7	16433
Jonava	LT	55.1	26423
Justiniškės	LT	54.7	31000
Karoliniškės	LT	54.7	31200
Kaunas	LT	54.9	289380
Kėdainiai	LT	55.3	22677
Klaipėda	LT	55.7	172292
Kretinga	LT	55.9	17249
Lazdynai	LT	54.7	31097
Marijampolė	LT	54.6	34975
Mazeikiai	LT	56.3	32470
Naujamiestis	LT	54.7	28157
Naujininkai	LT	54.7	33500
Naujoji Vilnia	LT	54.7	36800
Palanga	LT	55.9	18207
Panevėžys	LT	55.7	85885
Pašilaičiai	LT	54.7	33056
Pilaitė	LT	54.7	20320
Plunge	LT	55.9	18904
Radviliskis	LT	55.8	16344
Šeškinė	LT	54.7	36000
Šiauliai	LT	55.9	99462
Šilainiai	LT	54.9	40600
Taurage	LT	55.3	21203
Telsiai	LT	56.0	21294
Ukmerge	LT	55.3	20154
Utena	LT	55.5	25397
Vilkpėdė	LT	54.7	21346
Vilnius	LT	54.7	542366
Visaginas	LT	55.6	18024
Dudelange	LU	49.5	18013
Esch-sur-Alzette	LU	49.5	36625
Luxembourg	LU	49.6	76684
Cēsis	LV	57.3	15020
Dārzciems	LV	56.9	17599
Daugavpils	LV	55.9	78126
Jēkabpils	LV	56.5	21014
Jelgava	LV	56.6	54834
Jūrmala	LV	57.0	52001
Liepāja	LV	56.5	67421
Mārupe	LV	56.9	19096
Ogre	LV	56.8	22767
Rēzekne	LV	56.5	26429
Riga	LV	56.9	742572
Salaspils	LV	56.9	17826
Tukums	LV	57.0	16182
Valmiera	LV	57.5	22812
Ventspils	LV	57.4	32723
Ajdabiya	LY	30.8	131773
Al ‘Azīzīyah	LY	32.5	52404
Al Abyār	LY	32.2	32563
Al Ajaylat	LY	32.8	130546
Al Aşābi‘ah	LY	32.0	27713
Al Bayḑā’	LY	32.8	129439
Al Burayqah	LY	30.4	31300
Al Ghurayfah	LY	26.5	23449
Al Ḩurshah	LY	32.8	81119
Al Jadīd	LY	27.1	126386
Al Jawf	LY	24.2	42079
Al Jumayl	LY	32.9	102000
Al Khums	LY	32.6	201943
Al Marj	LY	32.5	85315
Al Qawāsim	LY	32.2	15134
Al Qubbah	LY	32.8	24631
Al-'Alūaṣ	LY	32.7	17122
An Nāşirīyah	LY	32.6	20687
Ar Rayāyinah	LY	32.0	15031
As Sawānī	LY	32.7	57069
At Tāj	LY	24.2	46050
Az Zahrā’	LY	32.7	25684
Az Zāwīyah	LY	32.8	200000
Az Zuwaytīnah	LY	31.0	21015
Bani Walid	LY	31.7	45734
Benghazi	LY	32.1	757490
Bin Jawwād	LY	30.8	15509
Brak	LY	27.5	16200
Darnah	LY	32.8	102581
Gharyan	LY	32.2	36110
Hūn	LY	29.1	24431
Janzūr	LY	32.8	154389
Misratah	LY	32.4	355657
Mizdah	LY	31.4	16735
Msalātah	LY	32.6	73907
Murzuk	LY	25.9	30491
Nālūt	LY	31.9	28431
Qarqūzah	LY	32.7	17350
Qaryat Sulūq	LY	31.7	19918
Qaşr al Qarabūllī	LY	32.7	49610
Qaşr Bin Ghashīr	LY	32.7	100069
Qaşr Khiyār	LY	32.7	16708
Sabha	LY	27.0	149329
Şabrātah	LY	32.8	83398
Shahhat	LY	32.8	29206
Sīdī Bin Zīnah	LY	32.9	31607
Sirte	LY	31.2	106705
Şurmān	LY	32.8	77114
Tājūrā’	LY	32.9	100000
Tarhuna	LY	32.4	52420
Tobruk	LY	32.1	141499
Tripoli	LY	32.9	1302947
Ubari	LY	26.6	33569
Wādī 'Utbah	LY	26.1	16746
Yafran	LY	32.1	22680
Zawiya	LY	32.8	186123
Zintan	LY	31.9	33000
Zliten	LY	32.5	203790
Zuwarah	LY	32.9	33887
Ad Darwa	MA	33.4	52108
Agadir	MA	30.4	698310
Agouraï	MA	33.6	18182
Aguelmous	MA	33.2	15480
Ahfir	MA	35.0	21435
Aïn Attig	MA	33.9	27384
Aïn Beni Mathar	MA	34.0	17787
Ain El Aouda	MA	33.8	54397
Aïn Harrouda	MA	33.6	68161
Aïn Taoujdat	MA	33.9	30889
Ait Melloul	MA	30.3	187652
Ait Ourir	MA	31.6	42705
Ait Yazza	MA	30.5	15570
Al Aaroui	MA	35.0	51976
Al Brouj	MA	32.5	21004
Al Fqih Ben Çalah	MA	32.5	111402
Al Hoceïma	MA	35.3	395644
Amizmiz	MA	31.2	15685
Aoulouz	MA	30.7	19010
Aourir	MA	30.5	38617
Arfoud	MA	31.4	31971
Asilah	MA	35.5	34011
Asni	MA	31.2	18674
Assa	MA	28.6	15910
Azemmour	MA	33.3	44683
Azilal	MA	32.0	42062
Azla	MA	35.6	22985
Azrou	MA	33.4	59348
Bejaâd	MA	32.8	51206
Ben Ahmed	MA	33.1	36149
Ben Guerir	MA	32.2	96777
Ben Jerrar	MA	30.3	53026
Ben Taieb	MA	35.0	15568
Beni Enzar	MA	35.3	61786
Beni Mellal	MA	32.3	210397
Beni Yakhlef	MA	33.7	19622
Benslimane	MA	33.6	62352
Berkane	MA	34.9	119284
Berrechid	MA	33.3	149201
Bir Jdid	MA	33.4	26355
Bni Bouayach	MA	35.1	19951
Bou Izakarn	MA	29.2	15536
Bouarfa	MA	32.5	31499
Boujniba	MA	32.9	17504
Bouknadel	MA	34.1	27577
Boumia	MA	32.7	17091
Bouskoura	MA	33.4	112501
Bouznika	MA	33.8	40663
Casablanca	MA	33.6	3665954
Chefchaouen	MA	35.2	46721
Chichaoua	MA	31.5	30432
Dakhla	MA	30.4	55618
Dar Bouazza	MA	33.5	165295
Dchira El Jihadia	MA	30.4	109564
Demnate	MA	31.7	32217
Douar Toulal	MA	33.9	20831
Driouch	MA	35.0	16096
Echemmaia Est	MA	32.1	26538
El Aïoun	MA	34.6	45679
El Gara	MA	33.3	22773
El Hajeb	MA	33.7	38527
El Harhoura	MA	33.9	16773
El Jadida	MA	33.3	212863
El Kelaa des Srarhna	MA	32.1	103982
El Ksiba	MA	32.6	21840
El Mansouria	MA	33.7	21679
Errachidia	MA	31.9	100870
Essaouira	MA	31.5	85137
Fes	MA	34.0	1191905
Fès al Bali	MA	34.1	156000
Fnidek	MA	35.8	84558
Goulmima	MA	31.7	17929
Guelmim	MA	29.0	129200
Guercif	MA	34.2	99238
Gueznaia	MA	35.7	25771
Had Soualem	MA	33.4	40146
Ifrane	MA	33.5	73782
Imi-n-Tanout	MA	31.2	22753
Imouzzer Kandar	MA	33.7	20884
Imzouren	MA	35.1	40000
Inezgane	MA	30.4	142320
Jerada	MA	34.3	47507
Karia Ba Mohamed	MA	34.4	20487
Kasba Tadla	MA	32.6	51697
Kelaat Mgouna	MA	31.2	18515
Kenitra	MA	34.3	470949
Khemisset	MA	33.8	143640
Khenifra	MA	32.9	128318
Khouribga	MA	32.9	214241
Ksar El Kebir	MA	35.0	138262
Laâttaouia	MA	31.8	33103
Lahraouyine	MA	33.5	70783
Lalla Mimouna	MA	34.8	17217
Larache	MA	35.2	136505
Lqoliaa	MA	30.3	90890
Marrakesh	MA	31.6	995871
Martil	MA	35.6	70274
Mdiq	MA	35.7	61398
Méchouar-Kasba	MA	31.6	18410
Mechraa Bel Ksiri	MA	34.6	34393
Mediouna	MA	33.5	24506
Mehdya	MA	34.3	31269
Meknes	MA	33.9	568295
Mers El Kheir	MA	33.9	17352
Midar	MA	34.9	16402
Midelt	MA	32.7	60390
Missour	MA	33.0	27937
Mohammedia	MA	33.7	227799
Moulay Ali Cherif	MA	31.3	24251
Mrirt	MA	33.2	46660
My Drarga	MA	30.4	55631
Nador	MA	35.2	176600
New Fes	MA	34.1	22451
Oadar Temsia	MA	30.4	30526
Ouarzazate	MA	30.9	77603
Oued Zem	MA	32.9	104029
Ouezzane	MA	34.8	65088
Ouislane	MA	33.9	95995
Oujda	MA	34.7	539711
Oulad Ayad	MA	32.2	26008
Oulad Barhil	MA	30.6	26521
Oulad Tayeb	MA	33.9	15491
Oulad Teïma	MA	30.4	97608
Oulmes	MA	33.4	19014
Outat Oulad Al Haj	MA	33.3	17895
Rabat	MA	34.0	1655753
Ras el Ma	MA	34.0	22345
Reçani	MA	31.3	20469
Ribat Al Khayr	MA	33.8	18278
Rich	MA	32.3	28382
Sabaa Aiyoun	MA	33.9	28693
Safi	MA	32.3	336883
Salé	MA	34.1	972299
Salé Al Jadida	MA	34.0	200000
Sebt Gzoula	MA	32.1	20248
Sefrou	MA	33.8	87234
Selouane	MA	35.1	23553
Settat	MA	33.0	155333
Setti Fatma	MA	31.2	22283
Sidi Allal El Bahraoui	MA	34.0	17325
Sidi Bennour	MA	32.7	60948
Sidi Ifni	MA	29.4	23606
Sidi Kacem	MA	34.2	82632
Sidi Rahal	MA	33.5	22525
Sidi Slimane	MA	34.3	101541
Sidi Slimane Echcharaa	MA	34.9	32979
Sidi Taibi	MA	34.2	51050
Sidi Yahia El Gharb	MA	34.3	41472
Skhirate	MA	33.9	65272
Smara	MA	26.7	42056
Souk El Arbaa	MA	34.7	75635
Souk et Tnine Jorf el Mellah	MA	34.5	31318
Souq Larb’a al Gharb	MA	34.7	44059
Souq Sebt Oulad Nemma	MA	32.3	65601
Tabount	MA	30.9	33929
Tahla	MA	34.0	30279
Tamallalt	MA	31.8	18060
Tamansourt	MA	31.8	27383
Tamesna	MA	33.8	30705
Tan-Tan	MA	28.4	79942
Tangier	MA	35.8	1035141
Taounate	MA	34.5	41075
Taourirt	MA	34.4	112908
Taroudant	MA	30.5	87520
Tata	MA	29.7	20322
Taza	MA	34.2	162110
Temara	MA	33.9	342345
Tétouan	MA	35.6	415810
Tiflet	MA	33.9	94684
Tine Biougra	MA	30.2	41421
Tinghir	MA	31.5	45911
Tirhanimîne	MA	35.2	55827
Tit Mellil	MA	33.6	35797
Tiznit	MA	29.7	81569
Youssoufia	MA	32.2	73848
Zagora	MA	30.3	43752
Zaïo	MA	34.9	39099
Zawyat an Nwaçer	MA	33.4	25991
Zawyat ech Cheïkh	MA	32.6	27723
Zeghanghane	MA	35.2	37154
Monaco	MC	43.7	32965
Monte-Carlo	MC	43.7	16012
Bălţi	MD	47.8	125000
Bender	MD	46.8	110175
Bilicenii Vechi	MD	47.7	15479
Cahul	MD	45.9	34492
Căuşeni	MD	46.6	21690
Ceadîr-Lunga	MD	46.1	22700
Chisinau	MD	47.0	635994
Codru	MD	47.0	15934
Comrat	MD	46.3	22911
Drochia	MD	48.0	16080
Dubăsari	MD	47.3	23254
Durleşti	MD	47.0	26308
Edineţ	MD	48.2	22872
Floreşti	MD	47.9	16759
Hînceşti	MD	46.8	16900
Orhei	MD	47.4	24918
Rîbniţa	MD	47.8	55455
Slobozia	MD	46.7	15356
Soroca	MD	48.2	27423
Strășeni	MD	47.1	19225
Tiraspol	MD	46.8	157000
Ungheni	MD	47.2	34422
Bar	ME	42.1	17727
Bijelo Polje	ME	43.0	15400
Budva	ME	42.3	18000
Cetinje	ME	42.4	15137
Herceg Novi	ME	42.5	19536
Nikšić	ME	42.8	58212
Pljevlja	ME	43.4	19489
Podgorica	ME	42.4	236852
Marigot	MF	18.1	5700
Alarobia	MG	-19.0	16000
Ambalavao	MG	-21.8	45784
Ambanja	MG	-13.7	63884
Ambarakaraka	MG	-13.5	16114
Ambato Boeny	MG	-16.5	35432
Ambatofinandrahana	MG	-20.6	39618
Ambatolampy	MG	-19.4	34198
Ambatondrazaka	MG	-17.8	50463
Ambilobe	MG	-13.2	66029
Amboanjo	MG	-22.0	17000
Amboasary	MG	-25.0	48705
Ambodifotatra	MG	-17.0	28406
Ambodimanga II	MG	-17.3	33000
Ambohidratrimo	MG	-18.8	25163
Ambohitrolomahitsy	MG	-18.7	17000
Ambositra	MG	-20.5	43504
Ambovombe	MG	-25.2	69265
Ampahana	MG	-14.8	25000
Ampanihy	MG	-24.7	40244
Amparafaravola	MG	-17.6	35266
Ampasimanolotra	MG	-18.8	21000
Andapa	MG	-14.7	36660
Andilamena	MG	-17.0	39428
Anjozorobe	MG	-18.4	25541
Ankazoabo	MG	-22.3	25961
Ankazobe	MG	-18.3	28430
Ankazondandy	MG	-18.7	16000
Antalaha	MG	-14.9	71898
Antananarivo	MG	-18.9	1349501
Antanifotsy	MG	-19.6	70626
Antsalova	MG	-18.7	58280
Antsirabe	MG	-19.9	260907
Antsiranana	MG	-12.3	136959
Antsohihy	MG	-14.9	40512
Antsohimbondrona	MG	-13.1	32080
Arivonimamo	MG	-19.0	29997
Bealanana	MG	-14.5	32764
Befandriana	MG	-15.3	18596
Bekily	MG	-24.2	20915
Belo sur Tsiribihina	MG	-19.7	23900
Beloha	MG	-25.2	23021
Beroroha	MG	-21.7	18632
Betafo	MG	-19.8	36364
Betioky	MG	-23.7	27125
Betroka	MG	-23.3	18350
Boriziny	MG	-15.6	23906
Didy	MG	-18.1	33039
Fandriana	MG	-20.2	30958
Farafangana	MG	-22.8	36724
Faratsiho	MG	-19.4	37563
Fenoarivo Atsinanana	MG	-17.4	44199
Fenoarivo Be	MG	-18.4	19605
Fianarantsoa	MG	-21.5	203105
Hell-Ville	MG	-13.4	53219
Ifanadiana	MG	-21.3	16607
Iharan̈a	MG	-13.3	23349
Ihosy	MG	-22.4	41892
Ikalamavony	MG	-21.1	15601
Ikongo	MG	-21.9	38851
Imerimandroso	MG	-17.4	15095
Imerintsiatosika	MG	-19.0	74085
Itampolo	MG	-24.7	32000
Ivato	MG	-18.8	52376
Ivohibe	MG	-22.5	22290
Jafaro	MG	-24.9	22000
Maevatanana	MG	-16.9	27459
Mahajanga	MG	-15.7	260556
Mahanoro	MG	-19.9	40033
Maintirano	MG	-18.1	23609
Mampikony	MG	-16.1	30282
Manakara	MG	-22.1	46850
Mananara	MG	-16.2	37224
Mananjary	MG	-21.2	26712
Manjakandriana	MG	-18.9	23498
Maroantsetra	MG	-15.4	45041
Marolambo	MG	-20.1	26160
Maromandia	MG	-14.2	33596
Marovoay	MG	-16.1	41611
Miandrarivo	MG	-19.4	27000
Miandrivazo	MG	-19.5	21627
Moramanga	MG	-18.9	60456
Morombe	MG	-21.7	23961
Morondava	MG	-20.3	56671
Nosy Varika	MG	-20.6	37152
Sadabe	MG	-18.6	17000
Sahavato	MG	-20.6	28000
Sakaraha	MG	-22.9	21826
Sambava	MG	-14.3	89003
Sitampiky	MG	-16.7	21000
Soalala	MG	-16.1	15174
Soanierana Ivongo	MG	-16.9	39271
Soanindrariny	MG	-19.9	21000
Soavinandriana	MG	-19.2	42410
Toamasina	MG	-18.1	345107
Tôlanaro	MG	-25.0	71258
Toliara	MG	-23.4	178725
Tsaratanana	MG	-16.8	26446
Tsiombe	MG	-25.3	29825
Tsiroanomandidy	MG	-18.8	47087
Vangaindrano	MG	-23.4	40813
Vatomandry	MG	-19.3	16771
Vavatenina	MG	-17.5	37861
Vohibinany	MG	-17.4	25311
Vohipaho	MG	-23.6	27000
Vohipeno	MG	-22.4	15622
Vondrozo	MG	-22.8	19949
Dalap-Uliga-Dorrit	MH	7.1	20301
Majuro	MH	7.1	25400
Bitola	MK	41.0	69287
Bogovinje	MK	41.9	15166
Brvenica	MK	42.0	16267
Butel	MK	42.0	36154
Čair	MK	42.0	64773
Centar Župa	MK	41.5	45412
Debar	MK	41.5	18074
Delcevo	MK	42.0	17415
Gevgelija	MK	41.1	20664
Gjorče Petro	MK	42.0	41000
Gostivar	MK	41.8	50974
Ilinden	MK	42.0	16406
Kamenjane	MK	41.9	15376
Kavadarci	MK	41.4	38799
Kičevo	MK	41.5	31123
Kisela Voda	MK	41.9	58216
Kochani	MK	41.9	34258
Kriva Palanka	MK	42.2	20820
Kumanovo	MK	42.1	75051
Lipkovo	MK	42.2	28102
Negotino	MK	41.5	19515
Ohrid	MK	41.1	42033
Prilep	MK	41.3	73814
Radovis	MK	41.6	24984
Resen	MK	41.1	16539
Saraj	MK	42.0	25379
Shtip	MK	41.7	48279
Skopje	MK	42.0	474889
Struga	MK	41.2	37387
Strumica	MK	41.4	33825
Studeničani	MK	41.9	18219
Šuto Orizare	MK	42.0	20800
Tearce	MK	42.1	23096
Tetovo	MK	42.0	63176
Veles	MK	41.7	57873
Vinica	MK	41.9	18218
Zelino	MK	42.0	25422
Andéranboukan	ML	15.4	18688
Bafoulabé	ML	13.8	26823
Bamako	ML	12.6	4227569
Bamba	ML	10.4	28524
Banamba	ML	13.5	30591
Bandiagara	ML	14.4	26460
Bankass	ML	14.1	30159
Bla	ML	13.0	33779
Bougouni	ML	11.4	90234
Bourem	ML	17.0	42371
Dialakorodji	ML	12.7	70619
Diéma	ML	14.5	30592
Dioïla	ML	12.5	23535
Diourou	ML	13.7	26559
Diré	ML	16.3	31348
Djenné	ML	13.9	40489
Douentza	ML	15.0	37002
Dougabougou	ML	13.8	26399
Fana	ML	12.8	56809
Finnkolo	ML	11.3	24229
Gao	ML	16.3	133110
Goundam	ML	16.4	19400
I-n-Tillit	ML	15.5	22100
Kabala	ML	12.5	24241
Kadiolo	ML	10.6	38149
Kalaban Koro	ML	12.6	148247
Kangaba	ML	11.9	17232
Kati	ML	12.7	130254
Kayes	ML	14.4	194716
Ké-Macina	ML	14.0	15750
Kidal	ML	18.4	40030
Kita	ML	13.0	75598
Kolokani	ML	13.6	48774
Koro	ML	14.1	24694
Koulikoro	ML	12.9	64128
Kouri	ML	12.2	22991
Koutiala	ML	12.4	218031
Mahina	ML	13.9	26754
Markala	ML	13.7	53738
Massiogo	ML	10.3	41317
Moninnpébougou	ML	14.2	32899
Mopti	ML	14.5	186187
Moribabougou	ML	12.7	24085
Nara	ML	15.2	23599
Niono	ML	14.3	52584
Nioro	ML	15.2	51933
Pèlèngana	ML	13.4	50552
Sagalo	ML	12.2	15830
San	ML	13.3	103227
Sangarébougou	ML	12.7	42314
Ségou	ML	13.4	205787
Sibi	ML	12.4	26633
Sikasso	ML	11.3	349324
Sirakoro Méguétana	ML	12.6	22499
Siribala Coro	ML	14.0	24301
Timbuktu	ML	16.8	84208
Toubakoura	ML	13.5	22059
Yanfolila	ML	11.2	24399
Yorosso	ML	12.4	17447
Zégoua	ML	10.5	31593
Ah Lel	MM	16.9	23214
Ahlone	MM	16.8	41200
Amarapura	MM	21.9	237618
Ann	MM	19.8	119714
Aung San	MM	16.9	18555
Aungban	MM	20.7	30982
Bago	MM	17.3	244376
Bhamo	MM	24.3	54721
Bogale	MM	16.3	68938
Botataung	MM	16.8	36645
Buthidaung Town	MM	20.9	55545
Chauk	MM	20.9	90870
Da Nyin Kone	MM	16.9	22688
Daik-u	MM	17.8	38477
Danai	MM	26.4	31998
Dawbon	MM	16.5	75325
Dawei	MM	14.1	136783
Gwa	MM	17.6	66015
Hakha	MM	22.6	24926
Heho	MM	20.7	93041
Hinthada	MM	17.6	134947
Hlaingthaya	MM	16.9	687867
Hlegu	MM	17.1	38757
Hmaw Bi	MM	16.6	25960
Hopin	MM	25.0	23352
Hpa-An	MM	16.9	50000
Hpākān	MM	25.6	60123
Ingabu	MM	17.8	19876
Insein	MM	16.9	247675
Kalaw	MM	20.6	93032
Kalemyo	MM	23.2	348573
Kan Nar Middle	MM	16.9	15390
Kanbalu	MM	23.2	25022
Kanbe	MM	16.7	58146
Katha	MM	24.2	26732
Kawkareik	MM	16.6	48468
Kawthoung	MM	10.0	57949
Kayan	MM	16.9	40322
Kēng Tung	MM	21.6	171620
Kone Ta La Paung	MM	17.0	22667
Kungyangon	MM	16.4	28352
Kutkai	MM	23.5	24963
Kyaikkami	MM	16.1	48100
Kyaiklat	MM	16.4	52425
Kyaikto	MM	17.3	48658
Kyaukme	MM	22.5	39930
Kyaukpadaung	MM	20.8	42817
Kyaukpyu	MM	19.4	180000
Kyaukse	MM	21.6	50480
Kyauktaga	MM	17.5	31656
Kyauktan	MM	16.6	132765
Kyauktaw	MM	20.8	19492
Kyeintali	MM	18.0	23581
Kyimyindine	MM	16.8	111514
Kyo Kone East	MM	16.9	16270
Kyonpyaw	MM	17.3	23966
Labutta	MM	16.1	29645
Lakang	MM	24.7	85423
Lashio	MM	22.9	131000
Laukkai	MM	23.7	23435
Lawksawk	MM	21.2	29533
Letpandan	MM	17.8	38936
Lewe	MM	19.6	30208
Loikaw	MM	19.7	17293
Madaya	MM	22.2	24234
Magway	MM	20.1	96954
Manaung	MM	18.9	50680
Mandalay	MM	22.0	1208099
Martaban	MM	16.5	48629
Maubin	MM	16.7	42439
Mawlaik	MM	23.6	44540
Mawlamyine	MM	16.5	438861
Mawlamyinegyunn	MM	16.4	34107
Meiktila	MM	20.9	177442
Min Ga Lar Don Zay	MM	16.9	23588
Minbu	MM	20.2	57342
Mingala Tangnyunt	MM	16.8	132494
Mingaladon	MM	16.9	136000
Mogaung	MM	25.3	25012
Mogok	MM	22.9	89855
Mohnyin	MM	24.8	33290
Möng La	MM	21.7	43000
Möng Yang	MM	21.8	117108
Möng Yawng	MM	21.2	39102
Monywa	MM	22.1	182011
Mrauk U	MM	20.6	36139
Mu-se	MM	24.0	165022
Mudon	MM	16.3	89123
Myanaung	MM	18.3	42252
Myaungmya	MM	16.6	58205
Myawaddy	MM	16.7	45000
Myaydo	MM	19.4	57395
Myeik	MM	12.4	173298
Myenigon	MM	16.8	18614
Myingyan	MM	21.5	141713
Myitkyina	MM	25.4	90894
Myo Thit Ka	MM	16.9	18491
Namhkam	MM	23.8	33382
Nansang	MM	20.9	23792
Nay Pyi Taw	MM	19.7	925000
Nyaung	MM	16.8	43828
Nyaung-U	MM	21.2	48528
Nyaungdon	MM	17.0	40092
Nyaunglebin	MM	18.0	89626
Oke Kan	MM	16.9	42201
Okpo	MM	17.0	17812
Pakokku	MM	21.3	126938
Pangkham	MM	22.2	15936
Panglong	MM	24.1	27115
Pangtara	MM	20.9	17544
Pathein	MM	16.8	237089
Pauk Kone	MM	16.9	29829
Paung	MM	16.6	29434
Paungde	MM	18.5	36971
Pawgan	MM	16.9	23992
Payathonzu	MM	15.3	27311
Pazundaung	MM	16.8	40690
Pèkon	MM	19.9	15323
Pyan Lel Nay Yar Cha Htar Ye	MM	17.0	26250
Pyapon	MM	16.3	47082
Pyawbwe	MM	20.6	32214
Pyay	MM	18.8	135308
Pyin Oo Lwin	MM	22.0	117303
Pyinmana	MM	19.7	97409
Pyu	MM	18.5	40386
Sagaing	MM	21.9	78739
San Chaung	MM	17.1	99619
Sangyoung	MM	16.8	89618
Saw Bwar Gyi Kone	MM	16.9	20811
Set Ka Lay	MM	16.8	111514
Setsan	MM	16.8	15111
Shan Chaung	MM	16.9	15934
Shwe Lin Ban	MM	16.9	28711
Shwebo	MM	22.6	88914
Shwegu	MM	24.2	58696
Shwegyin	MM	17.9	24579
Shwenatha	MM	17.0	39989
Sinngu	MM	16.9	22861
Sittwe	MM	20.1	177743
Tachilek	MM	20.4	51553
Taikkyi	MM	17.3	88000
Tamu	MM	24.2	43737
Tangyan	MM	22.5	33603
Tatkon	MM	24.7	41683
Taung Thu Kone	MM	16.9	19350
Taungdwingyi	MM	20.0	70094
Taunggyi	MM	20.8	160115
Taungoo	MM	18.9	106945
Taungup	MM	18.9	26854
Thanatpin	MM	17.3	38059
Thanbyuzayat	MM	16.0	57208
Thanhlyin	MM	16.8	78667
Thanlyin	MM	16.8	69448
Tharyarwady	MM	17.7	54386
Thaton	MM	16.9	123727
Thayetmyo	MM	19.3	98185
Thin Gan Kyun Gyi	MM	17.0	42350
Thongwa	MM	16.8	52496
Twante	MM	16.7	46516
Wakema	MM	16.6	42705
Waw	MM	17.5	23143
Wundwin	MM	21.1	32558
Yamethin	MM	20.4	59867
Yangon	MM	16.8	4477638
Yawnghwe	MM	20.7	188083
Ye	MM	15.2	34430
Ye-u	MM	22.8	20458
Yedashe	MM	19.2	24420
Yenangyaung	MM	20.5	110553
Yesagyo	MM	21.6	23329
Ywar Ma East	MM	16.9	16376
Ywar Ma West	MM	16.9	30704
Zalun	MM	17.5	21947
Zee Kone	MM	16.9	24948
Zigon	MM	18.3	15233
Altai	MN	46.4	17617
Arvayheer	MN	46.3	29420
Baruun-Urt	MN	46.7	18190
Bayanhongor	MN	46.2	30931
Bogd	MN	44.7	27924
Bulgan	MN	48.8	17348
Choibalsan	MN	48.1	44835
Dalandzadgad	MN	43.6	24863
Darhan	MN	49.5	83883
Dzüünharaa	MN	48.9	18830
Dzuunmod	MN	47.7	16953
Erdenet	MN	49.0	97814
Khovd	MN	48.0	29800
Mörön	MN	49.6	39404
Nalayh	MN	47.8	39579
Ölgii	MN	49.0	28400
Saynshand	MN	44.9	19891
Sühbaatar	MN	50.2	22741
Tsetserleg	MN	47.5	21620
Ulaangom	MN	50.0	30092
Ulan Bator	MN	47.9	844818
Uliastay	MN	47.7	16265
Undurkhaan	MN	47.3	22741
Zuunmod	MN	47.7	16953
Lai Chi Van	MO	22.1	22125
Luhuan	MO	22.1	36384
Macau	MO	22.2	649335
Sé	MO	22.2	52200
Taipa	MO	22.2	112051
Zhuojiacun	MO	22.2	24000
Saipan	MP	15.2	48220
Ducos	MQ	14.6	17394
Fort-de-France	MQ	14.6	89995
La Trinité	MQ	14.7	15040
Le François	MQ	14.6	19682
Le Lamentin	MQ	14.6	40581
Le Robert	MQ	14.7	23814
Saint-Joseph	MQ	14.7	16974
Sainte-Marie	MQ	14.8	20380
Akjoujt	MR	19.7	15851
Aleg	MR	17.1	19183
Atar	MR	20.5	31133
Ayoun El Atrous	MR	16.7	28174
Bogué	MR	16.6	20291
Bougadoum	MR	15.9	40341
Boutilimitt	MR	17.5	27170
Dar Naim	MR	18.1	61089
El ’Ayoûn	MR	15.6	22896
Elghabra	MR	16.6	15480
Guerou	MR	17.1	27590
Kaédi	MR	16.2	56283
Kiffa	MR	16.6	62051
Ksar	MR	18.1	57758
Magṭa‘ Laḥjar	MR	17.5	15446
Mbera	MR	15.9	58985
Néma	MR	16.6	60000
Nouadhibou	MR	20.9	146048
Nouakchott	MR	18.1	1184530
Rosso	MR	16.5	15870
Sélibaby	MR	15.2	32653
Tékane	MR	16.6	22041
Tembedgha	MR	16.2	17465
Tevragh Zeina	MR	18.1	48093
Ṭinṭâne	MR	16.4	15684
Zouérat	MR	22.7	55183
Brades	MS	16.8	1000
Plymouth	MS	16.7	0
Birkirkara	MT	35.9	24356
Mosta	MT	35.9	23482
Qormi	MT	35.9	16801
San Pawl il-Baħar	MT	36.0	32042
Sliema	MT	35.9	22591
Valletta	MT	35.9	6794
Żabbar	MT	35.9	15648
Baie du Tombeau	MU	-20.1	15301
Bambous	MU	-20.3	17818
Beau Bassin-Rose Hill	MU	-20.2	111355
Bel Air Rivière Sèche	MU	-20.3	18036
Centre de Flacq	MU	-20.2	17710
Curepipe	MU	-20.3	78618
Goodlands	MU	-20.0	21063
Le Hochet	MU	-20.1	15662
Mahébourg	MU	-20.4	17042
Port Louis	MU	-20.2	155226
Quatre Bornes	MU	-20.3	77308
Saint Pierre	MU	-20.2	16704
Triolet	MU	-20.1	24361
Vacoas	MU	-20.3	115289
Male	MV	4.2	103693
Balaka	MW	-15.0	40950
Blantyre	MW	-15.8	902588
Chitipa	MW	-9.7	20011
Dedza	MW	-14.4	34882
Karonga	MW	-9.9	69486
Kasungu	MW	-13.0	66152
Lilongwe	MW	-14.0	1115815
Liwonde	MW	-15.1	41077
Mangochi	MW	-14.5	60338
Mchinji	MW	-13.8	31592
Monkey Bay	MW	-14.1	16867
Mponela	MW	-13.5	27681
Mulanje	MW	-16.0	16672
Mwanza	MW	-15.6	20345
Mzimba	MW	-11.9	29432
Mzuzu	MW	-11.5	249564
Nkhata Bay	MW	-11.6	16099
Nkhotakota	MW	-12.9	31974
Nsanje	MW	-16.9	30276
Ntcheu	MW	-14.8	23956
Rumphi	MW	-11.0	25216
Salima	MW	-13.8	41492
Zomba	MW	-15.4	118440
Abasolo	MX	20.5	27389
Acajete	MX	19.1	20923
Acámbaro	MX	20.0	57972
Acaponeta	MX	22.5	19140
Acapulco de Juárez	MX	16.8	658609
Acatlán de Osorio	MX	18.2	19341
Acatzingo	MX	19.0	25811
Acayucan	MX	17.9	50934
Actopan	MX	20.3	32276
Agua Dulce	MX	18.1	36079
Agua Prieta	MX	31.3	77254
Aguascalientes	MX	21.9	722250
Ahualulco de Mercado	MX	20.7	15512
Ajalpan	MX	18.4	28031
Álamo	MX	20.9	25159
Alborada Jaltenco	MX	19.7	15235
Allende	MX	18.2	23620
Altamira	MX	22.4	59536
Altepexi	MX	18.4	18217
Alto Lucero	MX	21.0	15011
Altotonga	MX	19.8	19722
Alvarado	MX	18.8	23128
Álvaro Obregón	MX	19.4	726664
Ameca	MX	20.5	36156
Amecameca	MX	19.1	31687
Amozoc de Mota	MX	19.0	95322
Ampliación San Mateo	MX	19.6	16250
Anáhuac	MX	27.2	16628
Apan	MX	19.7	26642
Apaseo el Alto	MX	20.5	27991
Apaseo el Grande	MX	20.5	26121
Apatzingán	MX	19.1	102362
Apizaco	MX	19.4	49506
Arandas	MX	20.7	52175
Arcelia	MX	18.3	18685
Ario de Rosales	MX	19.2	16595
Arriaga	MX	16.2	24447
Atlacomulco de Fabela	MX	19.8	22774
Atlixco	MX	18.9	86690
Atotonilco el Alto	MX	20.6	26874
Atoyac de Álvarez	MX	17.2	21407
Autlán de Navarro	MX	19.8	45382
Axochiapan	MX	18.5	17508
Ayutla de los Libres	MX	17.0	15370
Azcapotzalco	MX	19.5	414711
Banderilla	MX	19.6	19649
Benito Juarez	MX	19.4	355017
Benito Juárez	MX	19.4	385439
Berriozábal	MX	16.8	28128
Bucerías	MX	20.8	16161
Buenavista	MX	19.6	216776
Cabo San Lucas	MX	22.9	202694
Cacahoatán	MX	15.0	16572
Cadereyta	MX	25.6	67994
Cadereyta Jiménez	MX	25.6	68111
Calpulalpan	MX	19.6	33263
Calvillo	MX	21.8	19742
Campeche	MX	19.8	220389
Cananea	MX	31.0	31560
Cancún	MX	21.2	888797
Capulhuac de Mirafuentes	MX	19.2	20757
Cárdenas	MX	18.0	91558
Carlos A. Carrillo	MX	18.4	17989
Casa Blanca	MX	19.0	17262
Castaños	MX	26.8	23649
Catemaco	MX	18.4	27615
Celaya	MX	20.5	340387
Centro Familiar la Soledad	MX	21.1	32159
Cerro Azul	MX	21.2	22268
Chalco	MX	19.3	168720
Champotón	MX	19.3	30881
Chapala	MX	20.3	21596
Chetumal	MX	18.5	169028
Chiapa de Corzo	MX	16.7	45077
Chichén-Itzá	MX	20.7	18000
Chicoloapan	MX	19.4	172919
Chiconcuac	MX	19.6	21738
Chignahuapan	MX	19.8	19608
Chihuahua	MX	28.6	925762
Chilapa de Álvarez	MX	17.6	31157
Chilpancingo	MX	17.6	187251
Cholula	MX	19.1	292881
Ciénega de Flores	MX	26.0	15162
Cihuatlán	MX	19.2	40139
Cintalapa de Figueroa	MX	16.7	42467
Ciudad Acuña	MX	29.3	216099
Ciudad Altamirano	MX	18.4	25168
Ciudad Apodaca	MX	25.8	467157
Ciudad Benito Juárez	MX	25.6	308285
Ciudad Constitución	MX	25.0	40935
Ciudad de Allende	MX	25.3	26065
Ciudad de Armería	MX	18.9	15923
Ciudad de Huajuapan de León	MX	17.8	53043
Ciudad de Huitzuco	MX	18.3	17475
Ciudad de Villa de Álvarez	MX	19.3	117600
Ciudad del Carmen	MX	18.6	191238
Ciudad Delicias	MX	28.2	148045
Ciudad Fernández	MX	21.9	32006
Ciudad General Escobedo	MX	25.8	454967
Ciudad Guadalupe Victoria	MX	32.3	17119
Ciudad Guzmán	MX	19.7	111975
Ciudad Hidalgo	MX	19.7	60542
Ciudad Juárez	MX	31.7	1512450
Ciudad Lázaro Cárdenas	MX	18.0	196003
Ciudad López Mateos	MX	19.6	489160
Ciudad Madero	MX	22.2	197216
Ciudad Mante	MX	22.7	84787
Ciudad Melchor Múzquiz	MX	27.9	35060
Ciudad Mendoza	MX	18.8	35641
Ciudad Miguel Alemán	MX	26.4	19997
Ciudad Nezahualcoyotl	MX	19.4	1077208
Ciudad Obregón	MX	27.5	329404
Ciudad Río Bravo	MX	26.0	95647
Ciudad Sabinas Hidalgo	MX	26.5	33068
Ciudad Serdán	MX	19.0	23824
Ciudad Valles	MX	22.0	124644
Ciudad Victoria	MX	23.7	332100
Coacalco	MX	19.6	277959
Coalcomán de Vázquez Pallares	MX	18.8	18156
Coatepec	MX	19.5	53621
Coatzacoalcos	MX	18.1	310698
Coatzintla	MX	20.5	34036
Cocula	MX	20.4	29267
Colima	MX	19.2	146965
Colonia del Sol	MX	22.9	48032
Colonia del Valle	MX	19.4	250000
Colonia Lindavista	MX	19.5	100000
Colonia Nativitas	MX	19.4	60000
Comalapa	MX	15.7	18704
Comalcalco	MX	18.3	41458
Comitán	MX	16.2	166178
Comonfort	MX	20.7	23683
Compostela	MX	21.2	17573
Contla	MX	19.3	27610
Córdoba	MX	18.9	204721
Cortazar	MX	20.5	61658
Cosamaloapan	MX	18.4	30577
Coscomatepec de Bravo	MX	19.1	15252
Cosoleacaque	MX	18.0	22454
Costa Rica	MX	24.6	24874
Coyoacán	MX	19.3	614447
Coyotepec	MX	19.8	35677
Coyula	MX	20.7	29674
Cozumel	MX	20.5	77236
Crucecita	MX	15.8	15130
Cuauhtémoc	MX	19.4	531831
Cuautepec	MX	20.0	18835
Cuautitlán	MX	19.7	178847
Cuautitlán Izcalli	MX	19.6	555163
Cuautla	MX	18.8	157336
Cuautlancingo	MX	19.1	25104
Cuernavaca	MX	18.9	338650
Culiacán	MX	24.8	808416
Cunduacán	MX	18.1	19824
Delegación Cuajimalpa de Morelos	MX	19.4	160491
Dolores Hidalgo	MX	21.2	67101
Don Antonio	MX	19.9	17736
Ébano	MX	22.2	24296
Ecatepec de Morelos	MX	19.6	1645352
El Grullo	MX	19.8	20924
El Pueblito	MX	20.5	71254
El Rosario	MX	23.0	16001
El Salto	MX	23.8	24241
Emiliano Zapata	MX	18.8	49193
Empalme	MX	28.0	42516
Encarnación de Díaz	MX	21.5	25010
Ensenada	MX	31.9	443807
Escárcega	MX	18.6	29477
Escuinapa de Hidalgo	MX	22.8	30790
Esperanza	MX	27.6	38969
Felipe Carrillo Puerto	MX	19.6	25744
Fortín de las Flores	MX	18.9	21370
Fraccionamiento Ciudad Olmeca	MX	18.2	16074
Fraccionamiento Real Palmas	MX	25.9	34636
Francisco I. Madero	MX	25.8	26632
Fray Bernardino de Sahagún	MX	19.8	28609
Fresnillo	MX	23.2	143281
Frontera	MX	26.9	69462
Fuentes del Valle	MX	19.6	74087
Gabriel Leyva Solano	MX	25.7	27536
García	MX	25.8	93641
Gómez Palacio	MX	25.6	257352
Guadalajara	MX	20.7	1385629
Guadalupe	MX	25.7	673616
Guadalupe Victoria	MX	24.4	16506
Guamúchil	MX	25.5	72500
Guanajuato	MX	21.0	72237
Guasave	MX	25.6	71196
Gustavo Adolfo Madero	MX	19.5	1185772
Hacienda Santa Fe	MX	20.5	86935
Hermosillo	MX	29.1	812229
Heroica Caborca	MX	30.7	59922
Heroica Ciudad de Juchitán de Zaragoza	MX	16.4	88280
Heroica Ciudad de Tlaxiaco	MX	17.3	17543
Heroica Guaymas	MX	27.9	117253
Heroica Matamoros	MX	25.9	510739
Heróica Zitácuaro	MX	19.4	84307
Hidalgo	MX	26.0	16524
Hidalgo del Parral	MX	26.9	104836
Huamantla	MX	19.3	51996
Huatabampo	MX	26.8	30475
Huatusco	MX	19.1	31305
Huauchinango	MX	20.2	56206
Huejotzingo	MX	19.2	25684
Huejutla de Reyes	MX	21.1	40015
Huetamo de Núñez	MX	18.6	21864
Huilango	MX	19.7	17399
Huimanguillo	MX	17.8	27344
Huixquilucan	MX	19.4	124846
Huixtla	MX	15.1	32033
Hunucmá	MX	21.0	24910
Iguala de la Independencia	MX	18.3	118468
Irapuato	MX	20.7	380941
Isla	MX	18.0	26287
Ixmiquilpan	MX	20.5	34814
Ixtaczoquitlán	MX	18.9	26187
Ixtapa	MX	20.7	29036
Ixtapa-Zihuatanejo	MX	17.6	67408
Ixtapaluca	MX	19.3	322271
Ixtapan de la Sal	MX	18.8	17640
Ixtepec	MX	16.6	25381
Ixtlán del Río	MX	21.0	23303
Izamal	MX	20.9	16195
Iztacalco	MX	19.4	384326
Iztapalapa	MX	19.4	1835486
Izúcar de Matamoros	MX	18.6	42936
Jacona de Plancarte	MX	20.0	53860
Jalostotitlán	MX	21.2	24423
Jalpa de Méndez	MX	18.2	15695
Jáltipan de Morelos	MX	18.0	32778
Jamay	MX	20.3	17204
Jaral del Progreso	MX	20.4	20457
Jardines de la Silla	MX	25.6	53742
Jerez de García Salinas	MX	22.6	43064
Jesús del Monte	MX	19.4	23150
Jesús María	MX	22.0	43012
Jiquilpan de Juárez	MX	20.0	24233
Jiutepec	MX	18.9	215357
Jocotepec	MX	20.3	18852
Jojutla	MX	18.6	18867
José Cardel	MX	19.4	19092
José Mariano Jiménez	MX	27.1	34281
Juan Aldama	MX	28.8	18642
Juan José Ríos	MX	25.8	23553
Juchitepec	MX	19.1	16021
Juventino Rosas	MX	20.6	42264
Kanasín	MX	20.9	77240
La Barca	MX	20.3	35219
La Cruz	MX	23.9	15657
La Ermita	MX	21.2	19703
La Isla	MX	18.6	24558
La Joya	MX	32.4	26860
La Magdalena Tlaltelulco	MX	19.3	16834
La Orilla	MX	18.0	20126
La Paz	MX	24.1	250141
La Piedad de Cabadas	MX	20.3	83323
La Providencia Siglo XXI	MX	20.1	16747
Lagos de Moreno	MX	21.4	98206
Las Choapas	MX	17.9	42693
Las Delicias	MX	32.4	15486
Las Guacamayas	MX	18.0	37980
Las Margaritas	MX	16.3	20786
Las Pintas de Arriba	MX	20.6	22838
Las Pintitas	MX	20.6	26500
Las Rosas	MX	16.4	18817
Lázaro Cárdenas	MX	30.5	16294
León de los Aldama	MX	21.1	1579803
Lerdo	MX	25.5	79669
Lerdo de Tejada	MX	18.6	18715
Lerma de Villada	MX	19.3	22713
Libres	MX	19.5	15536
Licenciado Benito Juárez	MX	24.7	24185
Linares	MX	24.9	70378
Loma Bonita	MX	18.1	40934
Lomas del Sur	MX	20.5	19413
Loreto	MX	22.3	24260
Los Mochis	MX	25.8	256613
Los Reyes Acaquilpan	MX	19.4	85359
Los Reyes de Juárez	MX	18.9	16683
Los Reyes de Salgado	MX	19.6	39209
Macuspana	MX	17.8	32225
Madera	MX	29.2	15447
Magdalena	MX	20.9	16214
Magdalena Atlicpac	MX	19.4	26429
Magdalena Contreras	MX	19.3	238431
Magdalena de Kino	MX	30.6	26605
Manuel Ojinaga	MX	29.6	22744
Manzanillo	MX	19.1	159853
Mapastepec	MX	15.4	17931
Maravatío de Ocampo	MX	19.9	34381
Marfil	MX	21.0	29375
Martínez de la Torre	MX	20.1	60074
Matamoros	MX	25.5	52233
Matehuala	MX	23.6	77328
Matías Romero Avendaño	MX	16.9	18944
Mazatlán	MX	23.2	381583
Medina	MX	21.1	16166
Melchor Ocampo	MX	19.7	38599
Mérida	MX	21.0	1201000
Metepec	MX	19.3	28205
Mexicali	MX	32.6	1032686
Mexico City	MX	19.4	12294193
Mezcales	MX	20.7	20092
Miahuatlán de Porfirio Díaz	MX	16.3	23940
Miguel Alemán (La Doce)	MX	28.8	30869
Miguel Hidalgo	MX	19.4	372889
Milpa Alta	MX	19.2	18274
Minatitlán	MX	18.0	112046
Miramar	MX	22.4	118614
Misantla	MX	19.9	26827
Mitras Poniente	MX	25.8	18246
Mixquiahuala de Juárez	MX	20.2	25510
Monclova	MX	26.9	215271
Montemorelos	MX	25.2	67428
Monterrey	MX	25.7	1135512
Morelia	MX	19.7	743275
Moroleón	MX	20.1	43200
Motozintla	MX	15.4	23755
Motul	MX	21.1	23240
Moyotzingo	MX	19.2	27137
Nanchital de Lázaro Cárdenas del Río	MX	18.1	25289
Naranjos	MX	21.4	20073
Naucalpan de Juárez	MX	19.5	834434
Nava	MX	28.4	22192
Navojoa	MX	27.1	113836
Navolato	MX	24.8	29153
Nicolás Romero	MX	19.6	281799
Nochistlán de Mejía	MX	21.4	16562
Nogales	MX	31.3	264782
Nueva Italia de Ruiz	MX	19.0	32467
Nueva Rosita	MX	27.9	38158
Nuevo Casas Grandes	MX	30.4	55553
Nuevo Laredo	MX	27.5	416055
Nuevo México	MX	20.8	28135
Oaxaca	MX	17.1	255029
Ocosingo	MX	16.9	41878
Ocotlán	MX	20.4	83769
Ocotlán de Morelos	MX	16.8	15016
Ocoyoacac	MX	19.3	26015
Ocozocoautla de Espinosa	MX	16.8	39180
Ojinaga	MX	29.6	28040
Ojo de Agua	MX	19.7	386290
Ometepec	MX	16.7	24120
Orizaba	MX	18.9	123182
Oxkutzkab	MX	20.3	23096
Ozumba de Alzate	MX	19.0	16700
Pabellón de Arteaga	MX	22.1	28633
Pachuca de Soto	MX	20.1	256584
Palaú	MX	27.9	16970
Palenque	MX	17.5	42947
Palmarito Tochapan	MX	18.9	17213
Pánuco	MX	22.1	40754
Papalotla	MX	19.2	22969
Papantla de Olarte	MX	20.4	53546
Paracho de Verduzco	MX	19.6	37464
Paraiso	MX	18.4	86632
Parque Industrial Ciudad Mitras	MX	25.8	18312
Parras de la Fuente	MX	25.4	33817
Pátzcuaro	MX	19.5	55298
Pedro Meoqui	MX	28.3	22574
Pénjamo	MX	20.4	40070
Peribán de Ramos	MX	19.5	15434
Perote	MX	19.6	37516
Petatlán	MX	17.5	21659
Peto	MX	20.1	19821
Piedras Negras	MX	28.7	150178
Pijijiapan	MX	15.7	50079
Pinotepa Nacional	MX	16.3	29604
Playa del Carmen	MX	20.6	149923
Playas del Rosario	MX	17.9	21893
Polanco	MX	19.4	50000
Pórticos de San Antonio	MX	32.4	34234
Poza Rica de Hidalgo	MX	20.5	185242
Progreso	MX	21.3	37369
Progreso de Obregón	MX	20.2	17486
Puebla	MX	19.0	1692181
Pueblo Nuevo	MX	23.4	19363
Puente de Ixtla	MX	18.6	21098
Puerto Escondido	MX	15.9	29903
Puerto Peñasco	MX	31.3	62689
Puerto Vallarta	MX	20.6	224166
Purépero de Echáiz	MX	19.9	23713
Purísima de Bustos	MX	21.0	43512
Puruándiro	MX	20.1	30571
Ramos Arizpe	MX	25.5	66554
Reforma	MX	17.9	26257
Reyes Acozac	MX	19.8	21910
Reynosa	MX	26.1	589466
Rincón de Romos	MX	22.2	27988
Río Blanco	MX	18.8	40611
Río de Teapa	MX	17.8	26500
Río Grande	MX	23.8	32944
Rioverde	MX	21.9	53128
Rodolfo Sánchez Taboada	MX	31.7	22957
Romita	MX	20.9	21176
Rosarito	MX	32.4	100660
Sabinas	MX	27.9	54905
Sahuayo de Morelos	MX	20.1	64431
Salamanca	MX	20.6	160682
Salina Cruz	MX	16.2	84438
Salinas de Hidalgo	MX	22.6	16821
Saltillo	MX	25.4	709671
Salvatierra	MX	20.2	37203
San Agustín	MX	20.5	30424
San Andrés Cholula	MX	19.1	39964
San Andrés Cuexcontitlán	MX	19.4	18005
San Andrés Tuxtla	MX	18.4	61769
San Antonio Acahualco	MX	19.3	16442
San Antonio de la Cal	MX	17.0	20198
San Antonio Tecómitl	MX	19.2	24397
San Bernardino Tlaxcalancingo	MX	19.0	54517
San Buenaventura	MX	19.3	44761
San Cristóbal de las Casas	MX	16.7	215874
San Felipe	MX	21.5	28452
San Fernando	MX	24.8	29171
San Francisco Acuautla	MX	19.3	27960
San Francisco Cuaxusco	MX	19.3	24900
San Francisco de los Romo	MX	22.1	16124
San Francisco del Rincón	MX	21.0	71139
San Francisco Tesistán	MX	20.8	62397
San Francisco Tlalcilalcalpan	MX	19.3	16509
San Isidro	MX	19.3	33737
San Jerónimo	MX	19.3	26281
San Jerónimo Cuatro Vientos	MX	19.3	36778
San Jorge Pueblo Nuevo	MX	19.3	23107
San José de los Olvera	MX	20.6	18406
San José del Cabo	MX	23.1	136285
San José del Castillo	MX	20.5	39246
San José del Quince	MX	20.5	17669
San José del Valle	MX	20.8	22541
San José Guadalupe Otzacatipan	MX	19.3	31299
San José Iturbide	MX	21.0	23471
San Juan de los Lagos	MX	21.2	48684
San Juan del Río	MX	20.4	138878
San Juan Ixtayopan	MX	19.2	24120
San Juan Zitlaltepec	MX	19.8	19600
San Lorenzo Acopilco	MX	19.3	23037
San Luis de la Paz	MX	21.3	49914
San Luis Potosí	MX	22.2	722772
San Luis Río Colorado	MX	32.5	176685
San Martín Azcatepec	MX	19.7	35390
San Martín Cuautlalpan	MX	19.3	23501
San Martin Texmelucan de Labastida	MX	19.3	155738
San Mateo Atenco	MX	19.3	67890
San Mateo Huitzilzingo	MX	19.2	15389
San Mateo Otzacatipan	MX	19.3	22656
San Miguel Ajusco	MX	19.2	29781
San Miguel Coatlinchán	MX	19.4	22619
San Miguel de Allende	MX	20.9	174615
San Miguel el Alto	MX	21.0	23982
San Miguel Topilejo	MX	19.2	34603
San Nicolás de los Garza	MX	25.7	412199
San Pablo Autopan	MX	19.4	35141
San Pablo de las Salinas	MX	19.7	156191
San Pablo Oztotepec	MX	19.2	15507
San Pedro	MX	25.8	48746
San Pedro Garza García	MX	25.7	132128
San Pedro Totoltepec	MX	19.3	21076
San Rafael	MX	19.2	20873
San Rafael Tlanalapan	MX	19.3	15998
San Salvador Atenco	MX	19.6	17124
San Salvador El Seco	MX	19.1	17263
San Salvador Tizatlalli	MX	19.3	61367
San Sebastián el Grande	MX	20.5	28138
Sanctorum	MX	19.1	27936
Santa Ana Chiautempan	MX	19.3	48030
Santa Ana Xalmimilulco	MX	19.2	16125
Santa Anita	MX	20.6	20320
Santa Catarina	MX	25.7	304052
Santa Cruz Xoxocotlán	MX	17.0	67086
Santa Isabel	MX	32.6	29311
Santa María Ajoloapan	MX	19.8	17784
Santa María Atzompa	MX	17.1	21788
Santa María Chimalhuacán	MX	19.4	70519
Santa María Totoltepec	MX	19.3	18779
Santa Rosa Jáuregui	MX	20.7	18508
Santa Rosa Treinta	MX	18.7	16691
Santa Rosalía de Camargo	MX	27.7	40221
Santa Teresa	MX	19.8	36845
Santiago	MX	25.4	36840
Santiago de Querétaro	MX	20.6	1594212
Santiago Ixcuintla	MX	21.8	18241
Santiago Momoxpan	MX	19.1	17622
Santiago Papasquiaro	MX	25.0	26121
Santiago Teyahualco	MX	19.7	53684
Santiago Tlacotepec	MX	19.2	15853
Santiago Tulantepec	MX	20.0	16078
Santiago Tuxtla	MX	18.5	15459
Santo Domingo Tehuantepec	MX	16.3	67739
Sayula	MX	19.9	26789
Silao de la Victoria	MX	20.9	74242
Soledad de Graciano Sánchez	MX	22.2	332072
Sombrerete	MX	23.6	21702
Suchiapa	MX	16.6	16637
Tacámbaro de Codallos	MX	19.2	25665
Tala	MX	20.7	35396
Tamazula de Gordiano	MX	19.7	18787
Tamazunchale	MX	21.3	24562
Tampico	MX	22.3	309003
Tamuín	MX	22.0	16318
Tangancícuaro de Arista	MX	19.9	15068
Tantoyuca	MX	21.4	30587
Tapachula	MX	14.9	353706
Taxco de Alarcón	MX	18.6	50399
Teapa	MX	17.6	26548
Tecámac	MX	19.7	15244
Tecámac de Felipe Villanueva	MX	19.7	15911
Tecamachalco	MX	18.9	28679
Tecate	MX	32.6	64764
Tecax	MX	20.2	25751
Tecomán	MX	18.9	85689
Técpan de Galeana	MX	17.2	15119
Tehuacán	MX	18.5	248716
Tejupilco de Hidalgo	MX	18.9	25631
Teloloapan	MX	18.4	23549
Temixco	MX	18.8	97788
Tenango de Arista	MX	19.1	21765
Tenosique	MX	17.5	32579
Teocaltiche	MX	21.4	23726
Teolocholco	MX	19.2	16240
Teoloyucan	MX	19.7	51255
Teopisca	MX	16.5	16240
Teotihuacán de Arista	MX	19.7	23325
Tepalcatepec	MX	19.2	15221
Tepatitlán de Morelos	MX	20.8	91959
Tepatlaxco de Hidalgo	MX	19.1	16085
Tepeaca	MX	19.0	27449
Tepeapulco	MX	19.8	15244
Tepeji del Río de Ocampo	MX	19.9	80612
Tepexpan	MX	19.6	102667
Tepic	MX	21.5	332863
Tepotzotlán	MX	19.7	38119
Tequila	MX	20.9	29203
Tequisquiapan	MX	20.5	29799
Tequixquiac	MX	19.9	22676
Terrazas del Valle	MX	32.5	20421
Tetla	MX	19.4	15161
Texcoco de Mora	MX	19.5	105165
Teziutlan	MX	19.8	103583
Tezoyuca	MX	19.6	16933
Ticul	MX	20.4	32796
Tierra Blanca	MX	18.4	47824
Tijuana	MX	32.5	1922523
Tixtla de Guerrero	MX	17.6	22826
Tizayuca	MX	19.8	43250
Tizimín	MX	21.1	46971
Tláhuac	MX	19.3	305076
Tlajomulco de Zúñiga	MX	20.5	30273
Tlalnepantla	MX	19.5	653410
Tlalpan	MX	19.3	574577
Tlaltenango de Sánchez Román	MX	21.8	16396
Tlapa de Comonfort	MX	17.5	46975
Tlapacoyan	MX	20.0	35338
Tlaquepaque	MX	20.6	650123
Tlaquiltenango	MX	18.6	18334
Tlaxcala	MX	19.3	84670
Toluca	MX	19.3	489333
Tonalá	MX	20.6	408759
Torreón	MX	25.5	735340
Tres de Mayo	MX	18.9	17966
Tres Valles	MX	18.2	17299
Tula de Allende	MX	20.1	28577
Tulancingo	MX	20.1	102406
Tulantongo	MX	19.5	15584
Tultepec	MX	19.7	65338
Tultitlán de Mariano Escobedo	MX	19.6	28017
Tulum	MX	20.2	18233
Túxpam de Rodríguez Cano	MX	21.0	84750
Tuxpan	MX	19.6	27523
Tuxtepec	MX	18.1	159452
Tuxtla	MX	16.8	604147
Tuzantla	MX	19.2	15302
Umán	MX	20.9	39611
Uriangato	MX	20.1	51382
Uruapan	MX	19.4	299523
Valente Diaz	MX	19.2	25700
Valladolid	MX	20.7	48973
Valle de Bravo	MX	19.2	25554
Valle de Santiago	MX	20.4	68058
Valle Hermoso	MX	25.7	48918
Venceremos	MX	20.6	15538
Venustiano Carranza	MX	19.4	430978
Veracruz	MX	19.2	428323
Vicente Guerrero	MX	23.7	15982
Víctor Rosales	MX	22.9	32721
Victoria de Durango	MX	24.0	518709
Villa del Prado 2da Sección	MX	32.4	18226
Villa Hidalgo	MX	21.7	15182
Villa Independencia	MX	20.1	15297
Villa Vicente Guerrero	MX	19.1	60001
Villaflores	MX	16.2	37237
Villagrán	MX	20.5	27079
Villahermosa	MX	18.0	353577
Xalapa de Enríquez	MX	19.5	424755
Xalatlaco	MX	19.2	15043
Xalisco	MX	21.4	35702
Xico	MX	19.3	384327
Xicotepec de Juárez	MX	20.3	39803
Xochimilco	MX	19.3	442178
Xochitepec	MX	18.8	19164
Xonacatlán	MX	19.4	20680
Xoxocotla	MX	18.7	21074
Yajalón	MX	17.2	16622
Yautepec	MX	18.9	105780
Yecapixtla	MX	18.9	16811
Yurécuaro	MX	20.3	23843
Yuriria	MX	20.2	25216
Zacapu	MX	19.8	50112
Zacatecas	MX	22.8	129011
Zacatelco	MX	19.2	42150
Zacatepec de Hidalgo	MX	18.7	21586
Zacatlán	MX	19.9	33736
Zacoalco de Torres	MX	20.2	18172
Zacualtipán	MX	20.6	23125
Zamora de Hidalgo	MX	20.0	186102
Zapopan	MX	20.7	1476491
Zapotiltic	MX	19.6	22833
Zapotlanejo	MX	20.6	32376
Zaragoza	MX	19.8	16752
Zinacantepec	MX	19.3	54220
Zinacatepec	MX	18.3	15592
Zinapécuaro de Figueroa	MX	19.9	15875
Zumpango	MX	19.8	280455
Zumpango del Río	MX	17.7	24719
Alam Damai	MY	3.1	35000
Alor Gajah	MY	2.4	20163
Alor Setar	MY	6.1	417800
Ampang	MY	3.1	126285
Anak Bukit	MY	6.2	16525
Ara Damansara	MY	3.1	60000
Ayer Itam	MY	5.4	16974
Bagan Serai	MY	5.0	20476
Bahau	MY	2.8	31273
Bakri	MY	2.0	30280
Balik Pulau	MY	5.3	23559
Bandar Baharu	MY	5.1	44412
Bandar Baru Salak Tinggi	MY	2.8	21534
Bandar Bukit Raja	MY	3.1	146534
Bandar Country Homes	MY	3.3	39000
Bandar Kinrara	MY	3.0	93822
Bandar Labuan	MY	5.3	54752
Bandar Mahkota Cheras	MY	3.1	100000
Bandar Nabawan	MY	5.0	31807
Bandar Puncak Alam	MY	3.2	25000
Bandar Putra Kulai	MY	1.6	19793
Bandar Saujana Utama	MY	3.2	72000
Bandar Seri Alam	MY	1.5	220000
Bandar Sri Damansara	MY	3.2	48556
Bandar Sri Sendayan	MY	2.7	26127
Bandar Sunway	MY	3.1	200000
Bandar Tasik Puteri	MY	3.3	150000
Bandar Tenggara	MY	1.9	15278
Bandar Tun Hussein Onn	MY	3.1	40000
Bandar Tun Razak	MY	2.9	23247
Bandar Utama	MY	3.1	200000
Bangi	MY	2.9	45042
Bangsar	MY	3.1	40000
Banting	MY	2.8	48240
Batang Berjuntai	MY	3.4	20001
Batu Anam	MY	2.6	21923
Batu Arang	MY	3.3	22579
Batu Berendam	MY	2.2	25028
Batu Caves	MY	3.2	254083
Batu Feringgi	MY	5.5	20000
Batu Gajah	MY	4.5	46183
Batu Kurau	MY	5.0	22307
Batu Pahat	MY	1.9	156236
Bau	MY	1.4	52643
Bayan Lepas	MY	5.3	130455
Beaufort	MY	5.3	15855
Bedong	MY	5.7	47585
Belaga	MY	2.7	22502
Beluru	MY	4.0	28695
Bentong Town	MY	3.5	49213
Bentung	MY	3.5	40373
Bercham	MY	4.6	150000
Betong	MY	1.4	36303
Bidur	MY	4.1	30016
Bintulu	MY	3.2	151617
Bukit Beruntung	MY	3.4	20023
Bukit Bintang	MY	3.1	120529
Bukit Gambir	MY	2.2	40000
Bukit Gemuroh	MY	5.3	17379
Bukit Indah	MY	1.5	60000
Bukit Jalil	MY	3.0	200000
Bukit Kerinchi	MY	3.1	35000
Bukit Mertajam	MY	5.4	212329
Bukit Rahman Putra	MY	3.2	607000
Bukit Rambai	MY	2.3	17391
Bukit Tambun	MY	5.3	22900
Bukit Tengah	MY	5.3	54416
Butterworth	MY	5.4	107591
Cangkat Jong	MY	4.0	25618
Changloon	MY	6.4	18872
Chemor	MY	4.7	30461
Cheras	MY	3.1	135823
Cukai	MY	4.3	82425
Cyberjaya	MY	2.9	79200
Dalat	MY	2.7	21147
Damansara Damai	MY	3.2	85000
Daro	MY	2.5	19477
Denai Alam	MY	3.2	35000
Desa Parkcity	MY	3.2	16500
Desa Petaling	MY	3.1	20000
Donggongon	MY	5.9	78086
Dungun	MY	4.8	34767
Durian Tunggal	MY	2.3	42185
Elmina	MY	3.2	45000
Engkilili	MY	1.1	15031
FELDA Chini	MY	3.4	18493
Gelang Patah	MY	1.4	64375
Gemas	MY	2.6	29777
George Town	MY	5.4	158336
Gerik	MY	5.4	30868
Gerisek	MY	2.2	33217
Glugor	MY	5.4	18662
Gua Musang	MY	4.9	19731
Gurun	MY	5.8	15964
Horizon Hills	MY	1.5	18800
Hulu Langat	MY	3.1	55251
Hulu Yam Lama	MY	3.5	20334
Hutan Melintang	MY	3.9	28357
Ijok	MY	3.3	100899
Ipoh	MY	4.6	759952
Iskandar Puteri	MY	1.4	575977
Jawi	MY	5.2	36601
Jelutong	MY	5.4	63507
Jenjarum	MY	2.9	24857
Jerantut	MY	3.9	33606
Jitra	MY	6.3	63489
Johor Bahru	MY	1.5	858118
Johor Jaya	MY	1.5	66000
Julau	MY	2.0	15333
Kajang	MY	3.0	236240
Kampar	MY	4.3	19056
Kampong Baharu Cheras Batu Sebelas	MY	3.0	232100
Kampong Dungun	MY	3.2	58674
Kampong Kadok	MY	6.0	19233
Kampong Masjid Tanah	MY	2.4	29185
Kampong Pangkal Kalong	MY	5.9	39904
Kampong Sidam	MY	5.5	60983
Kampung Alor Mengkudu	MY	6.1	38193
Kampung Ayer Keroh	MY	2.3	37716
Kampung Ayer Molek	MY	2.2	15497
Kampung Baharu Nilai	MY	2.8	38612
Kampung Baru Balakong	MY	3.0	69302
Kampung Baru Subang	MY	3.1	833571
Kampung Baru Ulu Melaka	MY	6.4	18898
Kampung Batu Empat	MY	1.8	21898
Kampung Bertam Ulu	MY	2.3	17119
Kampung Bukit Baharu	MY	2.2	55656
Kampung Cheng	MY	2.3	19158
Kampung Hutan Arau	MY	6.4	20000
Kampung Jeli	MY	5.7	17734
Kampung Jelutong Tengah	MY	1.5	24765
Kampung Kangkar Teberau	MY	1.5	412373
Kampung Kerubong	MY	2.3	31936
Kampung Kupang	MY	5.6	18844
Kampung Larkin Lama	MY	1.5	500000
Kampung Machap Baru	MY	2.4	16000
Kampung Manjoi	MY	4.6	86266
Kampung Minyak Beku	MY	1.8	19374
Kampung Pasir Gudang Baru	MY	1.5	145639
Kampung Perak	MY	3.9	44964
Kampung Sedenak	MY	1.7	22535
Kampung Selang	MY	2.4	20000
Kampung Setia	MY	3.2	38870
Kampung Simpang Renggam	MY	1.8	17528
Kampung Sungai Ara	MY	5.3	140849
Kampung Sungai Glugur	MY	5.4	145600
Kampung Sungai Kajang	MY	3.4	84031
Kampung Tanjung Karang	MY	3.4	16393
Kampung Tanjung Minyak	MY	2.3	23074
Kampung Teluk Air Tawar	MY	5.5	19371
Kampung Teluk Kemang	MY	2.5	16672
Kampung Teluk Kumbar	MY	5.3	21481
Kamunting	MY	4.9	36243
Kangar	MY	6.4	63869
Kanowit	MY	2.1	24700
Kapar	MY	3.1	269627
Kapit	MY	2.0	33014
Kawasan Penempatan Ulu Benut Lima	MY	1.7	32226
Kawasan Penempatan Ulu Benut Tiga	MY	1.7	32226
Kawasan Penempatan Ulu Sungai Benut	MY	1.8	32226
Kawasan Perindustrian Cheng	MY	2.3	19158
Kempas	MY	1.5	62011
Keningau	MY	5.3	77650
Kepala Batas	MY	5.5	17131
Kepong	MY	3.2	85960
Kertih	MY	4.5	24401
Kinarut	MY	5.8	15716
Klang	MY	3.0	240016
Klebang Besar	MY	2.2	38643
Kluang	MY	2.0	323762
Kota Bharu	MY	6.1	568900
Kota Damansara	MY	3.2	500000
Kota Kinabalu	MY	6.0	500421
Kota Kuala Muda	MY	5.6	544984
Kota Tinggi	MY	1.7	52743
Kuah	MY	6.3	30212
Kuala Kangsar	MY	4.8	39331
Kuala Kedah	MY	6.1	19231
Kuala Ketil	MY	5.6	19209
Kuala Krai	MY	5.5	105007
Kuala Kubu Baharu	MY	3.6	194387
Kuala Kurau	MY	5.0	31065
Kuala Lipis	MY	4.2	15448
Kuala Lumpur	MY	3.1	1453975
Kuala Nerus	MY	5.4	93485
Kuala Penyu	MY	5.6	24200
Kuala Pilah	MY	2.7	19510
Kuala Selangor	MY	3.4	55887
Kuala Terengganu	MY	5.3	426500
Kuang	MY	3.3	21185
Kuantan	MY	3.8	548014
Kubang Semang	MY	5.4	27194
Kuchai Lama	MY	3.1	50000
Kuching	MY	1.6	402738
Kudat	MY	6.9	32393
Kulai	MY	1.7	63762
Kulim	MY	5.4	170889
Labis	MY	2.4	21906
Labuan	MY	5.3	95120
Ladang Seri Kundang	MY	3.3	23307
Lahad Datu	MY	5.0	105622
Lahat	MY	4.5	30694
Lawas	MY	4.9	26002
Limbang	MY	4.8	38093
Lukut	MY	2.6	16450
Lumut	MY	4.2	39595
Lunas	MY	5.4	18236
Lundu	MY	1.7	26372
Malacca	MY	2.2	579000
Maradong	MY	2.1	20299
Maran	MY	3.6	111056
Marang	MY	5.2	21410
Marudi	MY	4.2	90100
Masai	MY	1.5	141730
Mentakab	MY	3.5	42171
Merlimau	MY	2.1	18632
Mersing	MY	2.4	22007
Miri	MY	4.4	300543
Mont Kiara	MY	3.2	30643
Muar	MY	2.0	314776
Mukah	MY	2.9	33478
Mukim Pulai	MY	1.5	505661
Niah	MY	3.9	48875
Nibong Tebal	MY	5.2	40072
Padang Besar	MY	6.4	16235
Padang Rengas	MY	4.8	38294
Padang Serai	MY	5.5	50757
Pagoh	MY	2.1	95202
Paka	MY	4.6	21044
Pakan	MY	1.9	15462
Pandamaran	MY	3.0	53916
Pantai Remis	MY	4.5	16317
Papar	MY	5.7	19278
Parit	MY	4.5	60988
Parit Buntar	MY	5.1	27313
Parit Raja	MY	1.9	17441
Parit Sulung	MY	2.0	82399
Pasir Gudang	MY	1.5	534659
Pasir Mas	MY	6.0	230424
Pasir Puteh	MY	5.8	137400
Paya Terubong	MY	5.4	226712
Pekan	MY	3.5	31826
Pekan Nenas	MY	1.5	23292
Pelabuhan Klang	MY	3.0	20000
Pelentong	MY	1.5	583640
Pendang	MY	6.0	94033
Pengerang	MY	1.4	15494
Perai	MY	5.4	65301
Peringat	MY	6.0	23288
Perling	MY	1.5	101263
Permatang Kuching	MY	5.5	27191
Petagas	MY	5.9	35844
Petaling Jaya	MY	3.1	807879
Pokok Sena	MY	6.2	19677
Pontian Besar	MY	1.5	40613
Port Dickson	MY	2.5	119300
Puchong	MY	3.0	375181
Pulai	MY	5.7	19093
Putatan	MY	5.9	78340
Putra Heights	MY	3.0	60000
Putrajaya	MY	2.9	50000
Ranau	MY	6.0	19294
Raub	MY	3.8	40024
Rawang	MY	3.3	199095
Relau	MY	5.3	18755
Rembau	MY	2.6	29595
Rompin	MY	2.7	41931
Sandakan	MY	5.8	439050
Saratok	MY	1.7	19009
Sarikei	MY	2.1	44039
Sebauh	MY	3.1	29606
Segamat	MY	2.5	69816
Selama	MY	5.2	34800
Selangau	MY	2.5	19844
Selayang Baru Utara	MY	3.3	542409
Semenyih	MY	3.0	92491
Seminyih	MY	2.9	19724
Semporna	MY	4.5	62641
Sentul	MY	3.2	100000
Sepang	MY	2.7	212050
Seputeh	MY	3.1	18605
Seremban	MY	2.7	372917
Seremban 2	MY	2.7	62000
Serendah	MY	3.4	71202
Seri Kembangan	MY	3.0	130252
Seri Manjung	MY	4.2	100000
Serian	MY	1.2	58059
Setapak	MY	3.2	353268
Setia Alam	MY	3.1	150000
Setia Tropika	MY	1.5	60279
Shah Alam	MY	3.1	740750
Sibu	MY	2.3	198239
Sibu Jaya	MY	2.2	35000
Siburan	MY	1.4	27286
Sik	MY	5.8	32565
Simpang Empat	MY	5.0	58004
Simpang Renggam	MY	1.8	59033
Simunjan	MY	1.4	23011
Sipitang	MY	5.1	39300
Sitiawan	MY	4.2	156234
Skudai	MY	1.5	159733
Sri Aman	MY	1.2	47313
Sri Petaling	MY	3.1	50000
SS2	MY	3.1	25500
Subang Jaya	MY	3.0	708296
Sungai Besar	MY	3.7	26939
Sungai Buloh	MY	3.2	222858
Sungai Dua	MY	5.4	28100
Sungai Jawi	MY	5.2	19586
Sungai Lalang	MY	5.7	34947
Sungai Petani	MY	5.6	544851
Sungai Siput	MY	4.4	49000
Sungai Udang	MY	2.3	26044
Sungkai	MY	4.0	32700
Taiping	MY	4.8	217647
Taman Desa	MY	3.1	25000
Taman Greenwood	MY	3.2	41699
Taman Melati	MY	3.2	50000
Taman Melawati	MY	3.2	99304
Taman OUG	MY	3.1	25989
Taman Pelangi	MY	2.4	32000
Taman Permas Jaya	MY	1.5	45000
Taman Petaling	MY	3.2	423062
Taman Scientex	MY	1.5	30000
Taman Senai	MY	1.6	73176
Taman Senawang Indah	MY	2.7	64497
Taman Seremban Jaya	MY	2.7	31016
Taman Sri Sinar	MY	3.2	40000
Taman Tun Dr Ismail	MY	3.1	37500
Taman Universiti	MY	1.5	30000
Tambunan	MY	5.7	29294
Tampin	MY	2.5	28238
Tanah Merah	MY	5.8	29116
Tangkak	MY	2.3	35109
Tanjong Malim	MY	3.7	66103
Tanjung Sepat	MY	2.7	22340
Tapah Road	MY	4.2	27863
Tasek Glugor	MY	5.5	135786
Tatau	MY	2.9	31920
Tawau	MY	4.2	372615
Tebedu	MY	1.0	25232
Teloi Kanan	MY	5.7	17972
Teluk Intan	MY	4.0	232800
Teluk Panglima Garang	MY	2.9	49155
Temerluh	MY	3.5	59916
Titiwangsa	MY	3.2	122096
Tokai	MY	6.0	30000
Tropicana Indah	MY	3.1	20000
Ulu Kelang	MY	3.2	28222
Ulu Tiram	MY	1.6	75350
Val Dor	MY	5.3	88600
Wakaf Baharu	MY	6.1	17033
Wangsa Maju	MY	3.2	215600
Yan Besar	MY	5.8	67653
Yong Peng	MY	2.0	27138
Alto Molocue	MZ	-15.6	49019
Angoche	MZ	-16.2	104540
Beira	MZ	-19.8	687764
Boane	MZ	-26.0	27325
Búzi	MZ	-19.9	16369
Caia	MZ	-17.8	21179
Catandica	MZ	-18.1	25869
Chibuto	MZ	-24.7	73393
Chimoio	MZ	-19.1	422046
Chinde	MZ	-18.6	17558
Chiúre	MZ	-13.4	37871
Chokwé	MZ	-24.5	63695
Cuamba	MZ	-14.8	91780
Dondo	MZ	-19.6	82260
Gondola	MZ	-19.1	39351
Gorongosa	MZ	-18.7	21792
Gurúè	MZ	-15.5	168971
Iapala	MZ	-15.0	20146
Inhambane	MZ	-23.9	95388
Lichinga	MZ	-13.3	281341
Machipanda	MZ	-19.0	15962
Macia	MZ	-25.0	32286
Macomia	MZ	-12.2	23228
Maganja	MZ	-17.3	17900
Malema	MZ	-14.9	23553
Mandimba	MZ	-14.4	118922
Manhiça	MZ	-25.4	65240
Manica	MZ	-18.9	41961
Maputo	MZ	-26.0	1254837
Marromeu	MZ	-18.3	45777
Massinga	MZ	-23.3	24312
Matola	MZ	-26.0	1198988
Maxixe	MZ	-23.9	126408
Messica	MZ	-19.0	15907
Micolene	MZ	-16.7	29686
Milange	MZ	-16.1	35146
Moatize	MZ	-16.1	45213
Mocímboa	MZ	-11.3	27909
Mocímboa da Praia	MZ	-11.4	45313
Mocuba	MZ	-16.8	196001
Monapo	MZ	-14.9	50134
Montepuez	MZ	-13.1	88442
Morrumbala	MZ	-17.3	24076
Mossuril	MZ	-15.0	24079
Mozambique	MZ	-15.0	55829
Mueda	MZ	-11.7	27274
Murrupula	MZ	-15.5	19504
Mutuáli	MZ	-14.9	32921
Nacala	MZ	-14.6	239808
Namacurra	MZ	-17.5	22647
Namapa-erati	MZ	-13.7	26383
Nametil	MZ	-15.7	52457
Namialo	MZ	-14.9	37226
Nampula	MZ	-15.1	770379
Nhamatanda	MZ	-19.3	30087
Pebane	MZ	-17.3	17167
Pemba	MZ	-13.0	232932
Quelimane	MZ	-17.9	349842
Ressano Garcia	MZ	-25.4	110000
Ribáuè	MZ	-14.9	30241
Songo	MZ	-15.6	31101
Tete	MZ	-16.2	357000
Ulongué	MZ	-14.7	15820
Vilankulo	MZ	-22.0	43183
Xai-Xai	MZ	-25.1	154356
Xilembene	MZ	-24.7	23742
Gobabis	NA	-22.5	22639
Grootfontein	NA	-19.6	24099
Helao Nafidi	NA	-17.4	22963
Katima Mulilo	NA	-17.5	33615
Katutura	NA	-22.5	21243
Keetmanshoop	NA	-26.6	23049
Lüderitz	NA	-26.6	15137
Ndiyona	NA	-18.0	20633
Okahandja	NA	-22.0	26832
Ondangwa	NA	-17.9	27049
Ongwediva	NA	-17.8	24012
Oshakati	NA	-17.8	43309
Otjiwarongo	NA	-20.5	33481
Rehoboth	NA	-23.3	34185
Rundu	NA	-17.9	75180
Swakopmund	NA	-22.7	53009
Tsumeb	NA	-19.2	22845
Walvis Bay	NA	-23.0	73598
Windhoek	NA	-22.6	386219
Dumbéa	NC	-22.2	19346
Mont-Dore	NC	-22.3	24680
Nouméa	NC	-22.3	93060
Abalak	NE	15.5	29561
Agadez	NE	17.0	149549
Aguié	NE	13.5	23545
Alaghsas	NE	17.0	88561
Arlit	NE	18.7	106448
Ayorou	NE	14.7	26290
Baléyara	NE	13.8	21740
Birni N Konni	NE	13.8	85494
Birnin Gaouré	NE	13.1	19529
Dakoro	NE	14.5	39645
Diffa	NE	13.3	54082
Dogondoutchi	NE	13.6	50037
Dosso	NE	13.0	79406
Filingué	NE	14.4	16544
Gaya	NE	11.9	61533
Gazaoua	NE	13.5	19860
Gouré	NE	14.0	24752
Guidan Roumdji	NE	13.7	23718
Illéla	NE	14.5	30439
Kollo	NE	13.3	19957
Madaoua	NE	14.1	37858
Madarounfa	NE	13.3	16538
Magaria	NE	13.0	35091
Maïné Soroa	NE	13.2	17778
Maradi	NE	13.5	361702
Matamey	NE	13.4	37374
Mayahi	NE	14.0	22183
Méhana	NE	14.4	40593
Mirriah	NE	13.7	38446
Nguigmi	NE	14.2	32035
Niamey	NE	13.5	1323691
Say	NE	13.1	18333
Tahoua	NE	14.9	159468
Tanout	NE	15.0	27527
Tchin Tabaradèn	NE	15.9	20704
Téra	NE	14.0	39410
Tessaoua	NE	13.8	58750
Tibiri	NE	13.6	34529
Tillabéri	NE	14.2	30822
Torodi	NE	13.1	15988
Youri Kourtéré	NE	13.3	31598
Zinder	NE	13.8	318874
Kingston	NF	-29.1	880
Aba	NG	5.1	1160000
Abakaliki	NG	6.3	134102
Abeokuta	NG	7.2	735000
Abuja	NG	9.1	2690000
Ado-Ekiti	NG	7.6	435000
Ado-Odo	NG	6.6	15442
Afikpo	NG	5.9	71866
Agbor	NG	6.3	67610
Agege	NG	6.6	683600
Agulu	NG	6.1	79021
Ajaokuta	NG	7.6	15144
Ajegunle	NG	6.5	550000
Akowonjo	NG	6.6	308900
Aku	NG	6.7	73742
Akure	NG	7.3	730000
Akwanga	NG	8.9	15985
Alasia	NG	6.5	100000
Aliayabiagba	NG	6.5	228000
Alimosho	NG	6.6	308290
Amaigbo	NG	5.8	127300
Anchau	NG	11.0	15538
Apomu	NG	7.4	71656
Aramoko-Ekiti	NG	7.7	74491
Argungu	NG	12.7	45584
Asaba	NG	6.2	73374
Atani	NG	6.0	230000
Auchi	NG	7.1	62907
Awgu	NG	6.1	23175
Awka	NG	6.2	167738
Azare	NG	11.7	105687
Babana	NG	10.4	17617
Badagry	NG	6.4	26383
Bama	NG	11.5	118121
Baro	NG	8.6	26821
Bauchi	NG	10.3	693700
Beli	NG	7.9	17467
Bende	NG	5.6	79618
Benin City	NG	6.3	1782000
Bida	NG	9.1	400000
Biliri	NG	9.9	15976
Birnin Kebbi	NG	12.5	108164
Birnin Kudu	NG	11.5	26565
Biu	NG	10.6	95005
Bode Saadu	NG	8.9	16619
Bonny	NG	4.5	16868
Buguma	NG	4.7	135404
Bukuru	NG	9.8	15540
Burutu	NG	5.4	16410
Calabar	NG	5.0	540000
Chakwama	NG	11.6	200000
Damaturu	NG	11.7	46000
Damboa	NG	11.2	21571
Darazo	NG	11.0	18415
Daura	NG	11.6	78277
Deba	NG	10.2	17671
Degema Hulk	NG	4.8	19223
Dikwa	NG	12.0	29026
Doma	NG	8.4	15097
Dukku	NG	10.8	16961
Dutse	NG	11.8	17129
Dutsen Wai	NG	10.9	22062
Ebute Ikorodu	NG	6.6	535619
Ede	NG	7.7	159866
Effium	NG	6.6	86945
Efon-Alaaye	NG	7.7	279319
Egbe	NG	8.2	17612
Eha Amufu	NG	6.7	70779
Ejigbo	NG	7.9	138357
Eket	NG	4.6	25569
Ekpoma	NG	6.7	59618
Elele	NG	5.1	20620
Emure-Ekiti	NG	7.4	90645
Enugu	NG	6.4	950000
Enugu-Ezike	NG	7.0	18989
Enugu-Ukwu	NG	6.2	68785
Epe	NG	6.6	84711
Eruwa	NG	7.5	34802
Esuk Oron	NG	4.8	112033
Ezza-Ohu	NG	6.4	67414
Fiditi	NG	7.7	71461
Funtua	NG	11.5	136811
Gamboru	NG	12.4	84672
Ganye	NG	8.4	15178
Garko	NG	10.2	21141
Gashua	NG	12.9	125817
Gaya	NG	11.9	20959
Gboko	NG	7.3	365000
Gbongan	NG	7.5	139485
Geidam	NG	12.9	41367
Gembu	NG	6.7	19881
Gombe	NG	10.3	560000
Gombi	NG	10.2	19616
Gumel	NG	12.6	42742
Gummi	NG	12.1	38744
Gusau	NG	12.2	226857
Gwadabawa	NG	13.4	17486
Gwaram	NG	11.3	15806
Gwarzo	NG	11.9	16303
Gwoza	NG	11.1	15176
Hadejia	NG	12.5	110753
Ibadan	NG	7.4	3649000
Ibeto	NG	10.5	15565
Ibi	NG	8.2	22757
Idah	NG	7.1	68703
Idanre	NG	7.1	86468
Ifo	NG	6.8	88272
Igangan	NG	7.7	36447
Igbara-Odo	NG	7.5	74121
Igbeti	NG	8.7	24690
Igbo-Ora	NG	7.4	92719
Igbo-Ukwu	NG	6.0	75224
Igboho	NG	8.8	136764
Igbor	NG	7.5	17666
Igede-Ekiti	NG	7.7	87282
Ihiala	NG	5.9	83265
Ijebu Ode	NG	6.8	360000
Ijebu-Igbo	NG	7.0	109261
Ijebu-Jesa	NG	7.7	51730
Ijero-Ekiti	NG	7.8	167632
Ijoko	NG	6.7	16529
Ikare	NG	7.5	465000
Ikeja	NG	6.6	313196
Ikere-Ekiti	NG	7.5	103054
Ikire	NG	7.4	222160
Ikirun	NG	7.9	134240
Ikom	NG	6.0	79103
Ikot Ekpene	NG	5.2	254806
Ila Orangun	NG	8.0	179192
Ilaro	NG	6.9	46999
Ile-Ife	NG	7.5	560000
Ilesa	NG	7.6	325000
Illela	NG	13.7	17461
Ilobu	NG	7.8	118089
Ilorin	NG	8.5	1080000
Inisa	NG	7.8	164161
Iperu	NG	6.9	15935
Ipoti	NG	7.9	82113
Irewe	NG	6.4	139494
Isanlu-Itedoijowa	NG	8.3	15087
Ise-Ekiti	NG	7.5	190063
Iseyin	NG	8.0	365300
Isieke	NG	6.4	89990
Itu	NG	5.2	36358
Iwo	NG	7.6	250443
Iyesi	NG	6.7	17220
Jalingo	NG	8.9	117757
Jebba	NG	9.1	21488
Jega	NG	12.2	73495
Jimeta	NG	9.3	248148
Jos	NG	9.9	1040000
Kabba	NG	7.8	49869
Kachia	NG	9.9	30893
Kaduna	NG	10.5	1850000
Kafanchan	NG	9.6	79522
Kagoro	NG	9.6	77008
Kaiama	NG	9.6	21897
Kamba	NG	11.9	25568
Kano	NG	12.0	4910000
Kari	NG	11.2	18812
Katsina	NG	13.0	670000
Katsina-Ala	NG	7.2	36722
Kaura Namoda	NG	12.6	69725
Keffi	NG	8.8	85911
Kisi	NG	9.1	155510
Kiyawa	NG	11.8	17704
Kontagora	NG	10.4	98754
Kuje	NG	8.9	97367
Kukawa	NG	12.9	16077
Kumagunnam	NG	13.2	16557
Kumo	NG	10.0	35712
Kwale	NG	5.7	20226
Lafia	NG	8.5	127236
Lafiagi	NG	8.9	102779
Lagos	NG	6.5	15388000
Lalupon	NG	7.5	81130
Lapai	NG	9.0	16442
Lekki	NG	6.4	401272
Lere	NG	10.4	93290
Lokoja	NG	7.8	60579
Magumeri	NG	12.1	19363
Maiduguri	NG	11.8	1110000
Makoko	NG	6.5	85840
Makurdi	NG	7.7	390000
Malumfashi	NG	11.8	70709
Marte	NG	12.4	15707
Minna	NG	9.6	425000
Modakeke	NG	7.4	119529
Mokwa	NG	9.3	21128
Monguno	NG	12.7	20297
Moriki	NG	12.9	28735
Mubi	NG	10.3	225705
Mushin	NG	6.5	199000
Nafada	NG	11.1	22920
Nasarawa	NG	8.5	30949
Nguru	NG	12.9	111014
Nkpor	NG	6.2	103733
Nkwerre	NG	5.8	62973
Nnewi	NG	6.0	193987
Nsukka	NG	6.9	111017
Numan	NG	9.5	77617
Obalende	NG	6.4	342000
Obonoma	NG	4.7	68584
Obudu	NG	6.7	19668
Ode	NG	7.8	75463
Offa	NG	8.1	113830
Ogaminana	NG	7.6	84373
Ogbomoso	NG	8.1	433030
Ogoja	NG	6.7	37466
Oguta	NG	5.7	21639
Ogwashi-Uku	NG	6.2	26137
Ohafia-Ifigh	NG	5.6	73355
Oke Ila	NG	8.0	35000
Oke Mesi	NG	7.8	79563
Okene	NG	7.6	479178
Okigwe	NG	5.8	115499
Okrika	NG	4.7	133271
Okuta	NG	9.2	26589
Olupona	NG	7.6	95002
Ondo	NG	7.1	375000
Onitsha	NG	6.1	1553000
Orita-Eruwa	NG	7.6	71027
Oshodi	NG	6.6	170870
Osogbo	NG	7.8	645000
Ota	NG	6.7	251546
Otan Ayegbaju	NG	7.9	37783
Otukpa	NG	7.1	21686
Owerri	NG	5.5	545000
Owo	NG	7.2	276574
Oyan	NG	8.1	73622
Oyo	NG	7.9	736072
Ozubulu	NG	6.0	73812
Pankshin	NG	9.3	31516
Patigi	NG	8.7	28285
Pindiga	NG	10.0	106322
Port Harcourt	NG	4.8	2120000
Potiskum	NG	11.7	86002
Rano	NG	11.6	17972
Rijau	NG	11.1	16613
River Atuwara	NG	6.7	15937
Saki	NG	8.7	178677
Saminaka	NG	10.4	500000
Sapele	NG	5.9	305000
Shagamu	NG	6.8	214558
Shomolu	NG	6.5	154390
Soba	NG	11.0	15715
Sofo-Birnin-Gwari	NG	11.0	22380
Sokoto	NG	13.1	1040000
Suleja	NG	9.2	162135
Surulere	NG	6.5	191920
Takum	NG	7.3	24822
Talata Mafara	NG	12.6	39045
Tambuwal	NG	12.4	20932
Tegina	NG	10.1	24037
Ubiaja	NG	6.7	21782
Uga	NG	5.9	64179
Ugep	NG	5.8	200276
Ughelli	NG	5.5	79986
Umuahia	NG	5.5	370000
Uromi	NG	6.7	108608
Uyo	NG	5.1	436606
Wamba	NG	8.9	27137
Warri	NG	5.5	910000
Wudil	NG	11.8	23066
Wukari	NG	7.9	92933
Yenagoa	NG	4.9	365000
Yola	NG	9.2	460000
Zaria	NG	11.1	980000
Zungeru	NG	9.8	24447
Zuru	NG	11.4	24338
Bluefields	NI	12.0	44373
Boaco	NI	12.5	29046
Camoapa	NI	12.4	16653
Chichigalpa	NI	12.6	33137
Chinandega	NI	12.6	126387
Ciudad Sandino	NI	12.2	50000
Corinto	NI	12.5	19183
Diriamba	NI	11.9	35008
El Crucero	NI	12.0	16469
El Viejo	NI	12.7	53504
Estelí	NI	13.1	96422
Granada	NI	11.9	89409
Jalapa	NI	13.9	24037
Jinotega	NI	13.1	55000
Jinotepe	NI	11.8	29507
Juigalpa	NI	12.1	50000
La Paz Centro	NI	12.3	23481
León	NI	12.4	144538
Managua	NI	12.1	973087
Masatepe	NI	11.9	21452
Masaya	NI	12.0	130113
Matagalpa	NI	12.9	109089
Mateare	NI	12.2	61234
Nagarote	NI	12.3	26270
Nandaime	NI	11.8	20810
Nueva Guinea	NI	11.7	52929
Ocotal	NI	13.6	33928
Puerto Cabezas	NI	14.0	33635
Rama	NI	12.2	20456
Río Blanco	NI	12.9	17018
Rivas	NI	11.4	30000
San Marcos	NI	11.9	23347
San Rafael del Sur	NI	11.8	29836
Siuna	NI	13.7	16056
Somotillo	NI	13.0	15385
Somoto	NI	13.5	20316
Tipitapa	NI	12.2	50000
's-Gravenzande	NL	52.0	19190
's-Hertogenbosch	NL	51.7	160783
Aalsmeer	NL	52.3	22991
Aalten	NL	51.9	19141
Alblasserdam	NL	51.9	18348
Alkmaar	NL	52.6	94853
Almelo	NL	52.4	72725
Almere Stad	NL	52.4	176432
Alphen aan den Rijn	NL	52.1	70251
Amersfoort	NL	52.2	139914
Amstelveen	NL	52.3	79639
Amsterdam	NL	52.4	741636
Amsterdam Nieuw-West	NL	52.4	151677
Amsterdam-Centrum	NL	52.4	86422
Amsterdam-Oost	NL	52.4	135767
Amsterdam-West	NL	52.4	143842
Amsterdam-Zuid	NL	52.3	144432
Amsterdam-Zuidoost	NL	52.3	87854
Apeldoorn	NL	52.2	136670
Arnhem	NL	52.0	162424
Assen	NL	53.0	68836
Assendelft	NL	52.5	24230
Baarn	NL	52.2	24584
Badhoevedorp	NL	52.3	15080
Barendrecht	NL	51.9	38672
Barneveld	NL	52.1	35095
Bennekom	NL	52.0	15160
Benthuizen	NL	52.1	18959
Bergeijk	NL	51.3	18181
Bergen	NL	52.7	29715
Bergen op Zoom	NL	51.5	66256
Bergschenhoek	NL	52.0	16579
Berkel en Rodenrijs	NL	52.0	20189
Best	NL	51.5	29074
Beuningen	NL	51.9	25557
Beverwijk	NL	52.5	37585
Bilthoven	NL	52.1	23248
Blerick	NL	51.4	15820
Bodegraven	NL	52.1	19395
Borne	NL	52.3	23877
Borssele	NL	51.4	22285
Boskoop	NL	52.1	15222
Boxtel	NL	51.6	29511
Breda	NL	51.6	184126
Brummen	NL	52.1	21344
Brunssum	NL	50.9	29254
Bussum	NL	52.3	31334
Capelle aan den IJssel	NL	51.9	65255
Castricum	NL	52.5	35256
Cranendonck	NL	51.3	19966
Culemborg	NL	52.0	26826
Dalfsen	NL	52.5	26575
De Meern	NL	52.1	22116
Delft	NL	52.0	95060
Delfzijl	NL	53.3	28649
Den Helder	NL	53.0	59569
Deventer	NL	52.3	97331
Didam	NL	51.9	17812
Diemen	NL	52.3	24361
Doetinchem	NL	52.0	49906
Dongen	NL	51.6	25464
Dordrecht	NL	51.8	119260
Drachten	NL	53.1	45186
Driebergen-Rijsenburg	NL	52.1	18553
Dronten	NL	52.5	28073
Drunen	NL	51.7	18320
Duiven	NL	51.9	25469
Ede	NL	52.0	67670
Eersel	NL	51.4	18185
Eibergen	NL	52.1	16493
Eindhoven	NL	51.4	235691
Elburg	NL	52.4	21844
Elst	NL	51.9	20488
Emmeloord	NL	52.7	46409
Emmen	NL	52.8	57010
Enkhuizen	NL	52.7	17365
Enschede	NL	52.2	153655
Epe	NL	52.3	33385
Geertruidenberg	NL	51.7	20941
Geldermalsen	NL	51.9	25734
Geldrop	NL	51.4	27900
Geleen	NL	51.0	32790
Gemert	NL	51.6	15995
Gennep	NL	51.7	16642
Glanerbrug	NL	52.2	17260
Goes	NL	51.5	36931
Goirle	NL	51.5	22646
Gorinchem	NL	51.8	34736
Gouda	NL	52.0	71952
Groesbeek	NL	51.8	18741
Groningen	NL	53.2	244807
Groot IJsselmonde	NL	51.9	28120
Haaksbergen	NL	52.2	24137
Haarlem	NL	52.4	162543
Hardenberg	NL	52.6	57909
Harderwijk	NL	52.3	40516
Harlingen	NL	53.2	16119
Heemskerk	NL	52.5	39191
Heemstede	NL	52.3	25562
Heerenveen	NL	53.0	43094
Heerhugowaard	NL	52.7	47580
Heerlen	NL	50.9	93084
Heiloo	NL	52.6	24144
Hellevoetsluis	NL	51.8	21927
Helmond	NL	51.5	74740
Hendrik-Ido-Ambacht	NL	51.8	21027
Hengelo	NL	52.3	82311
Hillegom	NL	52.3	18419
Hilversum	NL	52.2	83640
Hoensbroek	NL	50.9	25000
Hoge Vucht	NL	51.6	16000
Hoofddorp	NL	52.3	132734
Hoogeveen	NL	52.7	38754
Hoogezand	NL	53.2	21480
Hoogvliet	NL	51.9	34950
Hoorn	NL	52.6	68852
Huissen	NL	51.9	19725
Huizen	NL	52.3	41273
IJmuiden	NL	52.5	31925
IJsselstein	NL	52.0	33886
Jordaan	NL	52.4	19485
Julianadorp	NL	52.9	15135
Kampen	NL	52.6	48980
Katwijk aan Zee	NL	52.2	20010
Kerkrade	NL	50.9	49777
Korrewegwijk	NL	53.2	16710
Krimpen aan den IJssel	NL	51.9	29017
Leek	NL	53.2	19651
Leerdam	NL	51.9	20758
Leeuwarden	NL	53.2	124481
Leiden	NL	52.2	119713
Leiderdorp	NL	52.2	25966
Leidsche Rijn	NL	52.1	49307
Lelystad	NL	52.5	79811
Leusden	NL	52.1	29215
Lichtenvoorde	NL	52.0	19590
Lindenholt	NL	51.8	16121
Lisse	NL	52.3	22321
Loon op Zand	NL	51.6	23000
Losser	NL	52.3	22431
Maarssen	NL	52.1	39675
Maaspoort	NL	51.7	16150
Maassluis	NL	51.9	32780
Maastricht	NL	50.8	122378
Medemblik	NL	52.8	41500
Meppel	NL	52.7	30697
Merenwijk	NL	52.2	16500
Middelburg	NL	51.5	46485
Middelharnis	NL	51.8	17554
Mijdrecht	NL	52.2	15230
Naaldwijk	NL	52.0	17753
Naarden	NL	52.3	17115
Nieuw-Vennep	NL	52.3	31415
Nieuwegein	NL	52.0	61489
Nijkerk	NL	52.2	38335
Nijmegen	NL	51.8	177359
Nijverdal	NL	52.4	25000
Noord	NL	52.4	116777
Noordwijk-Binnen	NL	52.2	24363
Nootdorp	NL	52.0	19020
Nuenen	NL	51.5	23223
Nunspeet	NL	52.4	19496
Oegstgeest	NL	52.2	21149
Oisterwijk	NL	51.6	25980
Oldenzaal	NL	52.3	31410
Ommoord	NL	52.0	25150
Oosterhout	NL	51.6	53107
Oss	NL	51.8	76430
Oud-Beijerland	NL	51.8	23569
Papendrecht	NL	51.8	31621
Pijnacker	NL	52.0	18695
Purmerend	NL	52.5	80117
Putten	NL	52.3	23168
Raalte	NL	52.4	20015
Rhenen	NL	52.0	18061
Rhoon	NL	51.9	18250
Ridderkerk	NL	51.9	45189
Rijen	NL	51.6	16230
Rijssen	NL	52.3	27740
Rijswijk	NL	52.0	47299
Roermond	NL	51.2	44975
Roosendaal	NL	51.5	77725
Rotterdam	NL	51.9	868135
Sassenheim	NL	52.2	15510
Schagen	NL	52.8	19890
Scheveningen	NL	52.1	23000
Schiebroek	NL	52.0	16305
Schiedam	NL	51.9	75438
Schijndel	NL	51.6	23239
Sint-Oedenrode	NL	51.6	16931
Sittard	NL	51.0	48400
Sliedrecht	NL	51.8	23854
Sneek	NL	53.0	32811
Soest	NL	52.2	45021
Spijkenisse	NL	51.8	74988
Stadskanaal	NL	53.0	20000
Staphorst	NL	52.6	15765
Steenbergen	NL	51.6	23582
Steenwijk	NL	52.8	17138
Tegelen	NL	51.3	20190
Terneuzen	NL	51.3	27930
The Hague	NL	52.1	474292
Tiel	NL	51.9	40702
Tilburg	NL	51.6	221947
Tongelre	NL	51.4	19680
Tubbergen	NL	52.4	20334
Uden	NL	51.7	34601
Uithoorn	NL	52.2	26846
Urk	NL	52.7	22173
Utrecht	NL	52.1	376435
Valkenswaard	NL	51.4	31071
Veendam	NL	53.1	28155
Veenendaal	NL	52.0	61271
Veghel	NL	51.6	25352
Velp	NL	52.0	17669
Velsen-Zuid	NL	52.5	67758
Velserbroek	NL	52.4	15420
Venlo	NL	51.4	101988
Venray	NL	51.5	39047
Vianen	NL	52.0	19931
Vlaardingen	NL	51.9	73798
Vlissingen	NL	51.4	45273
Volendam	NL	52.5	22000
Voorburg	NL	52.1	38000
Voorschoten	NL	52.1	22468
Vught	NL	51.7	25043
Waalwijk	NL	51.7	45610
Waddinxveen	NL	52.0	25338
Wageningen	NL	52.0	35433
Wassenaar	NL	52.1	25353
Weert	NL	51.3	48662
Weesp	NL	52.3	17802
Wierden	NL	52.4	25342
Wijchen	NL	51.8	32693
Wijk bij Duurstede	NL	52.0	17465
Winschoten	NL	53.1	18506
Winterswijk	NL	52.0	29623
Wisch	NL	51.9	19496
Woerden	NL	52.1	48431
Ypenburg	NL	52.0	30000
Zaandam	NL	52.4	71708
Zaanstad	NL	52.5	140085
Zaltbommel	NL	51.8	26383
Zandvoort	NL	52.4	16868
Zeewolde	NL	52.3	19022
Zeist	NL	52.1	60949
Zevenaar	NL	51.9	26063
Zoetermeer	NL	52.1	115845
Zutphen	NL	52.1	36188
Zwijndrecht	NL	51.8	45696
Zwolle	NL	52.5	129840
Ålesund	NO	62.5	52626
Alta	NO	70.0	15094
Arendal	NO	58.5	30916
Åsane	NO	60.5	40146
Asker	NO	59.8	61906
Bergen	NO	60.4	294029
Bodø	NO	67.3	34073
Drammen	NO	59.7	106013
Fredrikstad	NO	59.2	83761
Gjøvik	NO	60.8	17596
Grimstad	NO	58.3	24017
Halden	NO	59.1	21970
Hamar	NO	60.8	29479
Harstad	NO	68.8	20953
Haugesund	NO	59.4	40321
Horten	NO	59.4	27178
Kongsberg	NO	59.7	17667
Kristiansand	NO	58.1	117237
Kristiansund	NO	63.1	24013
Larvik	NO	59.1	23113
Levanger	NO	63.7	20171
Lillehammer	NO	61.1	29011
Lillestrøm	NO	60.0	89684
Mo i Rana	NO	66.3	18866
Molde	NO	62.7	22410
Moss	NO	59.4	49668
Nesttun	NO	60.3	35638
Oslo	NO	59.9	1082575
Porsgrunn	NO	59.1	34377
Sandefjord	NO	59.1	64345
Sandnes	NO	58.9	85386
Sarpsborg	NO	59.3	59038
Skien	NO	59.2	50595
Sola	NO	58.9	29541
Stavanger	NO	59.0	151669
Stjørdalshalsen	NO	63.5	15693
Time	NO	58.7	19781
Tønsberg	NO	59.3	55387
Tromsdalen	NO	69.7	18291
Tromsø	NO	69.6	41915
Trondheim	NO	63.4	216518
Ytrebygda	NO	60.3	24044
Amargaḍhi̇̄	NP	29.3	19014
Bāgluṅ	NP	28.3	23296
Banepā	NP	27.6	67629
Bhadrapur	NP	26.5	19523
Bharatpur	NP	27.7	369377
Bhimdatta	NP	29.0	88381
Biratnagar	NP	26.5	244750
Birendranagar	NP	28.6	154886
Birgañj	NP	27.0	268273
Butwāl	NP	27.7	195054
Chari̇̄koṭ	NP	27.7	40000
Chautārā	NP	27.8	51347
Dailekh	NP	28.8	20908
Dārchulā	NP	29.8	18317
Dhangaḍhi̇̄	NP	28.7	204788
Dhankutā	NP	27.0	22084
Dharān	NP	26.8	173096
Dhulikhel	NP	27.6	16263
Dipayal	NP	29.3	33968
Gaur	NP	26.8	27325
Gulariyā	NP	28.2	53107
Hetauda	NP	27.4	195951
Ilām	NP	26.9	17491
Inaruwa	NP	26.6	70093
Īṭahari̇̄	NP	26.7	47984
Jaleshwar	NP	26.6	23573
Janakpur	NP	26.7	195438
Kathmandu	NP	27.7	1442271
Khā̃dbāri̇̄	NP	27.4	22903
Ki̇̄rtipur	NP	27.7	44632
Lahān	NP	26.7	102955
Madhyapur Thimi	NP	27.7	119955
Malaṅgawā	NP	26.9	20284
Nepalgunj	NP	28.1	166258
Panauti	NP	27.6	46595
Panauti̇̄	NP	27.6	27602
Pātan	NP	27.7	299283
Pokhara	NP	28.3	600051
Rājbirāj	NP	26.5	69803
Siddharthanagar	NP	27.5	63367
Siraha	NP	26.7	24657
Tānsen	NP	27.9	23693
Ṭikāpur	NP	28.5	44758
Triyuga	NP	26.8	71405
Tulsi̇̄pur	NP	28.1	39058
Wāliṅ	NP	28.0	21867
Yaren	NR	-0.6	1100
Alofi	NU	-19.1	624
Ashburton	NZ	-43.9	21600
Auckland	NZ	-36.8	1547200
Avondale	NZ	-36.9	26450
Blenheim	NZ	-41.5	29800
Cambridge	NZ	-37.9	15192
Christchurch	NZ	-43.5	419200
Dunedin	NZ	-45.9	132800
Epsom	NZ	-36.9	20200
Gisborne	NZ	-38.7	38100
Hamilton	NZ	-37.8	192100
Hamilton East	NZ	-37.8	15300
Hastings	NZ	-39.6	88300
Henderson	NZ	-36.9	18770
Invercargill	NZ	-46.4	58000
Karori	NZ	-41.3	15380
Levin	NZ	-40.6	19789
Lincoln	NZ	-36.9	17240
Lower Hutt	NZ	-41.2	114200
Mangere	NZ	-37.0	23310
Mangere East	NZ	-37.0	28540
Manukau City	NZ	-37.0	362000
Manurewa	NZ	-37.0	40820
Massey	NZ	-36.8	22210
Massey East	NZ	-36.8	22210
Masterton	NZ	-41.0	28900
Mount Eden	NZ	-36.9	15650
Napier	NZ	-39.5	66400
Nelson	NZ	-41.3	54400
New Lynn	NZ	-36.9	23800
New Plymouth	NZ	-39.1	90100
North Shore	NZ	-36.8	258697
Otahuhu	NZ	-36.9	17780
Otara	NZ	-36.9	24420
Palmerston North	NZ	-40.4	90500
Papakura	NZ	-37.1	37720
Papatoetoe	NZ	-37.0	56010
Paraparaumu	NZ	-40.9	29900
Porirua	NZ	-41.1	61500
Pukekohe East	NZ	-37.2	21438
Rangiora	NZ	-43.3	19300
Remuera	NZ	-36.9	27810
Richmond	NZ	-41.3	19950
Rolleston	NZ	-43.6	34100
Rotorua	NZ	-38.1	65901
Stoke	NZ	-41.3	20260
Takanini	NZ	-37.0	17060
Taupo	NZ	-38.7	27000
Tauranga	NZ	-37.7	161000
Te Atatu Peninsula	NZ	-36.8	15200
Te Atatu South	NZ	-36.9	17240
Timaru	NZ	-44.4	29300
Titirangi	NZ	-36.9	15490
Upper Hutt	NZ	-41.1	47400
Wainuiomata	NZ	-41.3	20450
Wellington	NZ	-41.3	381900
Whakatane	NZ	-38.0	18602
Whanganui	NZ	-39.9	49200
Whangarei	NZ	-35.7	50900
‘Ibrī	OM	23.2	163473
Adam	OM	22.4	17283
Al Buraymī	OM	24.3	73670
Al Khābūrah	OM	24.0	50223
As Suwayq	OM	23.8	107143
Badīyah	OM	22.4	18479
Bahlā’	OM	23.0	54338
Barkā’	OM	23.7	81647
Bawshar	OM	23.6	383257
Bidbid	OM	23.4	21188
Ibrā’	OM	22.7	25265
Izkī	OM	22.9	36203
Khasab	OM	26.2	17904
Liwá	OM	24.5	26372
Muscat	OM	23.6	797000
Nizwá	OM	22.9	72076
Qurayyāt	OM	23.3	63133
Rustaq	OM	23.4	120000
Şaḩam	OM	24.2	140000
Şalālah	OM	17.0	163140
Samā’il	OM	23.3	80538
Seeb	OM	23.7	470878
Shināş	OM	24.7	48009
Sohar	OM	24.3	108274
Sufālat Samā’il	OM	23.3	47718
Sur	OM	22.6	71152
Yanqul	OM	23.6	16599
Alcalde Díaz	PA	9.1	20285
Ancón	PA	9.0	20706
Arraiján	PA	8.9	76815
Cativá	PA	9.4	29607
Changuinola	PA	9.4	17997
Chilibre	PA	9.2	33536
Colón	PA	9.4	78000
Curundú	PA	9.0	16361
David	PA	8.4	82907
El Chorrillo	PA	8.9	18302
Juan Díaz	PA	9.0	100636
La Cabima	PA	9.1	17975
La Chorrera	PA	8.9	61232
La Concepción	PA	8.5	17698
Las Cumbres	PA	9.1	69102
Nuevo Belén	PA	9.1	24056
Panama City	PA	9.0	408168
Parque Lefevre	PA	9.0	36997
Pedregal	PA	9.1	51641
Penonomé	PA	8.5	16250
Río Abajo	PA	9.0	26607
Sabanitas	PA	9.3	15577
San Miguelito	PA	9.1	321501
Santiago de Veraguas	PA	8.1	45355
Tocumen	PA	9.1	50844
Veracruz	PA	8.9	17144
Abancay	PE	-13.6	72277
Aguaytía	PE	-9.0	18318
Andahuaylas	PE	-13.7	17444
Arequipa	PE	-16.4	1195700
Atalaya	PE	-10.7	16700
Ayacucho	PE	-13.2	140033
Ayaviri	PE	-14.9	22247
Bagua Grande	PE	-5.8	20382
Barranca	PE	-10.8	46290
Barranco	PE	-12.1	37525
Belen	PE	-3.8	57824
Bellavista	PE	-7.1	15231
Breña	PE	-12.1	81909
Cajamarca	PE	-7.2	201329
Callao	PE	-12.1	1226200
Camaná	PE	-16.6	16434
Carmen De La Legua Reynoso	PE	-12.1	41863
Catacaos	PE	-5.3	57304
Centenario	PE	-9.5	47581
Cerro de Pasco	PE	-10.7	58899
Chachapoyas	PE	-6.2	32026
Chancay	PE	-11.6	26958
Chaupimarca	PE	-10.4	28666
Chepén	PE	-7.2	41992
Chiclayo	PE	-6.8	609400
Chilca	PE	-12.1	73371
Chimbote	PE	-9.1	316966
Chincha Alta	PE	-13.4	153076
Chocope	PE	-7.8	32370
Chongoyape	PE	-6.6	16061
Chosica	PE	-11.9	88606
Chulucanas	PE	-5.1	68835
Ciudad Satelite	PE	-16.4	76410
Coishco	PE	-9.0	15083
Cono Norte	PE	-16.3	47347
Contamana	PE	-7.3	20900
Cusco	PE	-13.5	428450
El Pedregal	PE	-16.4	20063
Ferreñafe	PE	-6.6	34357
Guadalupe	PE	-7.3	25376
Huacho	PE	-11.1	54545
Hualmay	PE	-11.1	26658
Huamachuco	PE	-7.8	21768
Huancavelica	PE	-12.8	49570
Huancayo	PE	-12.1	456250
Huanta	PE	-12.9	18627
Huánuco	PE	-9.9	196627
Huaral	PE	-11.5	62174
Huaraz	PE	-9.5	118836
Huarmey	PE	-10.1	16172
Huaura	PE	-11.1	20723
Ica	PE	-14.1	282407
Ilave	PE	-16.1	22200
Ilo	PE	-17.6	53476
Imperial	PE	-13.1	32344
Iquitos	PE	-3.7	377609
Jacobo Hunter	PE	-16.4	46092
Jaén	PE	-5.7	52493
Jauja	PE	-11.8	21057
Jesus Maria	PE	-12.1	66171
Juanjuí	PE	-7.2	37715
Juliaca	PE	-15.5	245675
Junín	PE	-11.2	15320
La Banda	PE	-6.5	24932
La Breita	PE	-4.3	17693
La Oroya	PE	-11.5	33345
La Peca	PE	-5.6	27045
La Rinconada	PE	-14.6	29678
La Unión	PE	-5.4	34834
Lambayeque	PE	-6.7	43710
Laredo	PE	-8.1	24691
Lima	PE	-12.0	7737002
Mala	PE	-12.7	17260
Marcavelica	PE	-4.9	25645
Minas de Marcona	PE	-15.2	15478
Miraflores	PE	-12.1	187401
Moche	PE	-8.2	22581
Mollendo	PE	-17.0	28953
Monsefú	PE	-6.9	25707
Moquegua	PE	-17.2	69882
Moyobamba	PE	-6.0	50073
Nazca	PE	-14.8	23556
Nuevo Imperial	PE	-13.1	32344
Pacasmayo	PE	-7.4	29165
Paiján	PE	-7.7	21128
Paita	PE	-5.1	56151
Paramonga	PE	-10.7	27631
Pátapo	PE	-6.7	15270
Picsi	PE	-6.7	43610
Pimentel	PE	-6.8	15552
Pisco	PE	-13.7	61869
Piura	PE	-5.2	630000
Pucallpa	PE	-8.4	326040
Puerto Maldonado	PE	-12.6	85024
Puno	PE	-15.8	128637
Querecotillo	PE	-4.8	25396
Quillabamba	PE	-12.9	25300
Requena	PE	-5.1	25300
Rioja	PE	-6.1	25057
San Antonio	PE	-17.2	15633
San Clemente	PE	-13.7	15815
San Fernando	PE	-8.4	67844
San Francisco De Borja	PE	-12.1	105076
San Isidro	PE	-12.1	68309
San Juan	PE	-3.8	78153
San Martin	PE	-5.2	130000
San Martín de Pangoa	PE	-11.4	16262
San Miguel	PE	-15.5	60850
San Pedro de Lloc	PE	-7.4	16250
San Vicente de Cañete	PE	-13.1	25517
Saña	PE	-6.9	39200
Santa Ana	PE	-12.9	25145
Santa Anita - Los Ficus	PE	-12.1	184614
Santa Rosa	PE	-10.9	18057
Santiago	PE	-13.5	64075
Santiago de Cao	PE	-8.0	21982
Santiago de Surco	PE	-12.1	251648
Satipo	PE	-11.3	15532
Sechura	PE	-5.6	23020
Selva Alegre	PE	-16.4	72696
Sicuani	PE	-14.3	33575
Sullana	PE	-4.9	160789
Tacna	PE	-18.0	286240
Talara	PE	-4.6	99074
Tambo Grande	PE	-4.9	30033
Tambopata	PE	-12.7	38966
Tarma	PE	-11.4	51350
Tingo María	PE	-9.3	53177
Tocache	PE	-8.2	29029
Trujillo	PE	-8.1	1067700
Tumbes	PE	-3.6	96946
Uchiza	PE	-8.5	17742
Villa Poeta José Gálvez Barrenechea	PE	-12.2	61000
Virú	PE	-8.4	20774
Wanchaq	PE	-13.5	59134
Yanacancha	PE	-10.7	24105
Yauri	PE	-14.8	23867
Yurimaguas	PE	-5.9	41827
Zarumilla	PE	-3.5	16907
Faaa	PF	-17.6	29851
Papeete	PF	-17.5	26357
Punaauia	PF	-17.6	25750
Arawa	PG	-6.2	40266
Bulolo	PG	-7.2	16042
Daru	PG	-9.1	15214
Goroka	PG	-6.1	18503
Kimbe	PG	-5.6	18847
Kokopo	PG	-4.3	26273
Lae	PG	-6.7	76255
Madang	PG	-5.2	27419
Mendi	PG	-6.1	26252
Mount Hagen	PG	-5.9	33623
Popondetta	PG	-8.8	28198
Port Moresby	PG	-9.5	283733
Wewak	PG	-3.5	18230
Abucay	PH	14.7	35508
Abuyog	PH	10.7	15632
Aglipay	PH	16.5	30714
Agoo	PH	16.1	28972
Al-Barka	PH	6.5	23736
Alabel	PH	6.1	90120
Alaminos	PH	14.1	31427
Aliaga	PH	15.5	34020
Alicia	PH	16.8	74699
Amadeo	PH	14.2	44190
Angat	PH	14.9	67862
Angeles City	PH	15.2	483452
Angono	PH	14.5	134975
Antipolo	PH	14.6	913712
Apalit	PH	15.0	121057
Aparri	PH	18.4	68368
Apas	PH	10.3	22566
Arayat	PH	15.2	87987
Aringay	PH	16.4	29825
Asia	PH	9.6	23546
Atimonan	PH	14.0	29356
Aurora	PH	13.3	16178
Ayala Alabang	PH	14.4	25115
Baao	PH	13.5	19612
Babo-Pangulo	PH	15.1	15066
Baclaran	PH	14.5	33850
Bacolod City	PH	10.7	454898
Bacoor	PH	14.5	356974
Baggabag B	PH	16.5	24967
Bago City	PH	10.5	192993
Bagong Barrio	PH	14.7	77490
Bagong Pagasa	PH	14.7	29389
Bagong Silang	PH	14.8	261729
Bagong Silangan	PH	14.7	106886
Baguio	PH	16.4	272714
Bah-Bah	PH	8.6	28643
Bais	PH	9.6	88050
Balagtas	PH	14.8	59826
Balamban	PH	10.5	22283
Balanga	PH	14.7	72954
Balayan	PH	13.9	50115
Baliuag	PH	15.0	135679
Balulang	PH	8.4	42205
Bamban	PH	15.3	78260
Bambang	PH	16.4	60146
Banco Filipino Homes	PH	14.4	92752
Banga	PH	6.4	91536
Bañga	PH	6.4	58855
Bangued	PH	17.6	48331
Bansalan	PH	6.8	21391
Bantay	PH	17.6	37088
Bantayan	PH	11.2	87394
Baras	PH	14.5	20250
Batac City	PH	18.1	56781
Batangas	PH	13.8	237370
Bato	PH	13.4	16939
Bauan	PH	13.8	33560
Bauang	PH	16.5	77670
Bay	PH	14.2	33547
Bayambang	PH	15.8	129506
Bayanan	PH	14.4	38358
Bayawan	PH	9.4	126744
Baybay	PH	10.7	17668
Bayombong	PH	16.5	48199
Bayugan	PH	8.8	110313
Bel Air	PH	14.6	36007
Bignay Uno	PH	13.9	22401
Binalbagan	PH	10.2	38587
Biñan	PH	14.3	300000
Binangonan	PH	14.5	219204
Binmaley	PH	16.0	44026
Binondo	PH	14.6	20491
Binonga	PH	10.8	83980
Bislig	PH	8.2	99872
Bocaue	PH	14.8	98649
Bogo	PH	11.1	23562
Bongabon	PH	15.6	69376
Bongao	PH	5.0	26518
Bontoc	PH	17.1	23466
Borongan	PH	11.6	71431
Boroon	PH	8.2	15490
Botolan	PH	15.3	22994
Brookes Point	PH	8.8	76715
Budta	PH	7.2	1273715
Buenavista	PH	9.0	70691
Bugo	PH	8.5	45787
Buhi	PH	13.4	30126
Bulacan	PH	14.8	83101
Bulan	PH	12.7	28529
Bulaon	PH	15.1	131818
Buluan	PH	6.7	60931
Bunawan	PH	8.2	50999
Burauen	PH	11.0	54635
Burgos	PH	15.7	28178
Bustos	PH	15.0	80565
Butuan	PH	8.9	309709
Cabadbaran	PH	9.1	31114
Cabagan	PH	17.4	25304
Cabanatuan City	PH	15.5	343672
Cabayangan	PH	7.4	16539
Cabiao	PH	15.2	49980
Cabuyao	PH	14.3	308745
Cadiz	PH	10.9	129053
Cagayan de Oro	PH	8.5	741617
Cainta	PH	14.6	283172
Calabanga	PH	13.7	88918
Calaca	PH	13.9	37443
Calamba	PH	14.2	575046
Calapan	PH	13.4	66008
Calasiao	PH	16.0	100686
Calatagan	PH	13.8	16110
Calauag	PH	14.0	68999
Calauan	PH	14.1	89670
Calbayog City	PH	12.1	67921
Caloocan	PH	14.6	1712945
Calumpang	PH	14.6	15602
Calumpit	PH	14.9	122187
Camiling	PH	15.7	39655
Candaba	PH	15.1	47326
Candelaria	PH	13.9	137933
Canlaon	PH	10.4	44851
Capas	PH	15.3	162724
Carcar	PH	10.1	40739
Cardona	PH	14.5	51493
Carigara	PH	11.3	17495
Carmona	PH	14.3	112140
Castillejos	PH	14.9	27301
Catanauan	PH	13.6	26804
Catarman	PH	12.5	97738
Catbalogan	PH	11.8	107896
Cavite City	PH	14.5	115932
Cebu City	PH	10.3	965332
City of Isabela	PH	6.7	67336
Cogan	PH	10.6	60230
Commonwealth	PH	14.7	215034
Compostela	PH	7.7	42563
Concepcion	PH	15.3	178549
Concepcion Ibaba	PH	13.9	25628
Consolacion	PH	10.4	48638
Cordova	PH	10.2	29289
Cotabato	PH	7.2	383383
Cuenca	PH	13.9	21558
Culion	PH	11.9	23213
Cupang	PH	14.4	57482
Daanbantayan	PH	11.2	95080
Daet	PH	14.1	78142
Dagupan	PH	16.0	171271
Danao	PH	10.5	70270
Dapitan	PH	8.7	87699
Dasmariñas	PH	14.3	441876
Davao	PH	7.1	1848947
Del Pilar	PH	15.0	37329
Del Remedio	PH	14.1	17871
Diadi	PH	16.7	15567
Digos	PH	6.7	116122
Dinaig	PH	7.2	116768
Dinalupihan	PH	14.9	66670
Dipolog	PH	8.6	93549
Dologon	PH	7.8	15128
Domalanoan	PH	16.0	15108
Don Carlos	PH	7.7	73592
Dumaguete	PH	9.3	113541
Dupax Del Norte	PH	16.3	33295
Dupax del Sur	PH	16.3	21224
El Nido	PH	11.2	51367
Enrique B. Magalona	PH	10.9	64290
Escalante	PH	10.8	97050
Esperanza	PH	11.7	17534
Estancia	PH	11.5	54882
Gapan	PH	15.3	129610
General Emilio Aguinaldo	PH	14.2	24264
General Mamerto Natividad	PH	15.6	18393
General Salipada K. Pendatun	PH	6.8	31263
General Santos	PH	6.1	722059
General Tinio	PH	15.4	32875
General Trias	PH	14.4	96022
Gerona	PH	15.6	40914
Gingoog	PH	8.8	138895
Glan	PH	5.8	24256
Goa	PH	13.7	20936
Gubat	PH	12.9	61095
Guiguinto	PH	14.8	118173
Guihulñgan	PH	10.1	22931
Guimba	PH	15.7	32306
Guiset East	PH	16.1	21994
Gumaca	PH	13.9	22496
Guyong	PH	14.8	155391
Hagonoy	PH	14.8	123531
Hermosa	PH	14.8	33714
Himamaylan	PH	10.1	117286
Hinatuan	PH	8.4	44475
Hinigaran	PH	10.3	39636
Iba	PH	15.3	26935
Ilagan	PH	17.1	164020
Iligan	PH	8.2	342618
Iligan City	PH	8.3	312323
Iloilo	PH	10.7	473728
Impasugong	PH	8.3	55901
Imus	PH	14.4	481949
Inabanga	PH	10.0	48534
Indang	PH	14.2	70092
Inopacan	PH	10.5	21389
Ipil	PH	7.8	19195
Iriga City	PH	13.4	115306
Irosin	PH	12.7	20716
Isabela	PH	10.2	15897
Isulan	PH	6.6	101455
Itogon	PH	16.4	59736
Jaen	PH	15.3	39700
Jagna	PH	9.7	32566
Jalajala	PH	14.4	34901
Jasaan	PH	8.7	16435
Jetafe	PH	10.1	33485
Jolo	PH	6.1	101002
Jose Pañganiban	PH	14.3	21236
Jose Rizal	PH	8.9	59040
Kabacan	PH	7.1	31769
Kabankalan	PH	10.0	210893
Kalamansig	PH	6.6	52257
Kalibo	PH	11.7	93218
Kawit	PH	14.4	73210
Kidapawan	PH	7.0	79652
Koronadal	PH	6.5	201844
La Carlota	PH	10.4	67740
La Castellana	PH	10.3	24407
La Paz	PH	15.4	71978
La Trinidad	PH	16.5	142925
Labo	PH	14.2	18105
Lagawe	PH	16.8	19124
Laguilayan	PH	6.7	17764
Lake Sebu	PH	6.2	21767
Lambayong	PH	6.5	81288
Laoag	PH	18.2	112117
Laoang	PH	12.6	16725
Lapu-Lapu City	PH	10.3	497813
Las Piñas	PH	14.5	615549
Laur	PH	15.6	19206
Legaspi	PH	13.1	179481
Libertad	PH	8.9	250353
Libon	PH	13.3	68846
Lilio	PH	14.1	15246
Liloan	PH	10.4	49198
Limay	PH	14.6	81960
Lingayen	PH	16.0	56580
Lipa City	PH	13.9	212287
Loboc	PH	9.6	16312
Loma de Gato	PH	14.8	21990
Lopez	PH	13.9	25752
Los Baños	PH	14.2	117030
Lubao	PH	14.9	55645
Lucban	PH	14.1	30992
Lucena	PH	13.9	228758
Lumbang	PH	14.3	30269
Lupon	PH	6.9	68717
Maao	PH	10.5	25837
Maasin	PH	10.1	18313
Mabalacat City	PH	15.2	188050
Maco	PH	7.4	87680
Magalang	PH	15.2	68988
Maganoy	PH	6.9	17394
Magarao	PH	13.7	15205
Magsaysay	PH	6.8	57936
Magugpo Poblacion	PH	7.4	233254
Mahayag	PH	8.1	17144
Majayjay	PH	14.1	28504
Makati City	PH	14.6	510383
Malabanban Norte	PH	13.9	19471
Malabon	PH	14.7	365525
Malanday	PH	14.7	21901
Malapatan	PH	6.0	82577
Malaybalay	PH	8.2	61524
Malilipot	PH	13.3	41066
Malingao	PH	7.2	1121974
Malita	PH	6.4	118438
Malolos	PH	14.8	269809
Maluñgun	PH	6.3	52248
Maluso	PH	6.5	31374
Malvar	PH	14.0	29880
Mamatid	PH	14.2	40271
Mamburao	PH	13.2	23892
Manaoag	PH	16.0	59115
Manapla	PH	11.0	34312
Manay	PH	7.2	20336
Mandaluyong	PH	14.6	425000
Mandaluyong City	PH	14.6	465902
Mandaue City	PH	10.3	331320
Mangaldan	PH	16.1	88818
Manibaug Pasig	PH	15.1	24618
Manila	PH	14.6	1600000
Mankayan	PH	16.9	15886
Manolo Fortich	PH	8.4	118075
Mansalay	PH	12.5	23044
Mansilingan	PH	10.6	454150
Mantampay	PH	8.2	265032
Mapun	PH	7.0	29218
Maragondon	PH	14.3	41977
Maramag	PH	7.8	109864
Marawi City	PH	8.0	259993
Mariano	PH	8.8	70516
Marikina City	PH	14.6	471323
Marilao	PH	14.8	83276
Mariveles	PH	14.4	156200
Masantol	PH	14.9	41278
Masbate	PH	12.4	47490
Masinloc	PH	15.5	56579
Mati	PH	7.0	105908
Mauban	PH	14.2	70135
Mendez-Nuñez	PH	14.1	36518
Mercedes	PH	14.1	53702
Mexico	PH	15.1	43694
Meycauayan	PH	14.7	228023
Midsayap	PH	7.2	117365
Minglanilla	PH	10.2	62058
Molave	PH	8.1	21088
Monkayo	PH	7.8	96405
Morong	PH	14.5	49589
Muñoz	PH	15.7	85061
Muntinlupa	PH	14.4	552225
Murcia	PH	10.6	17448
Muricay	PH	7.8	132094
Nabua	PH	13.4	25687
Nabunturan	PH	7.6	16671
Naga	PH	13.6	174931
Nagcarlan	PH	14.1	24560
Naic	PH	14.3	55195
Narra	PH	9.3	28342
Nasugbu	PH	14.1	62857
Navotas	PH	14.7	249463
New Corella	PH	7.6	20574
NIA Valencia	PH	7.9	223620
Norala	PH	6.5	48499
Norzagaray	PH	14.9	140697
Novaliches Proper	PH	14.7	16096
Noveleta	PH	14.4	46172
Nunungan	PH	7.8	18827
Oas	PH	13.3	64890
Obando	PH	14.7	59929
Olongapo	PH	14.8	221178
Orani	PH	14.8	44877
Orion	PH	14.6	63044
Ormoc	PH	11.0	238545
Oroquieta	PH	8.5	71373
Ozamiz City	PH	8.1	93082
Paco	PH	14.6	79839
Pacol	PH	10.4	19839
Paete	PH	14.4	26855
Pagadian	PH	7.8	206483
Pagaluñgan	PH	7.1	31052
Pagbilao	PH	14.0	82132
Palayan City	PH	15.5	23742
Palo	PH	11.2	17534
Panabo	PH	7.3	211242
Panalanoy	PH	11.3	189090
Pandacaqui	PH	15.2	28603
Pandan	PH	11.7	37325
Pandi	PH	14.9	162725
Pangil	PH	14.4	25318
Paniqui	PH	15.7	106190
Pantubig	PH	15.0	39285
Paombong	PH	14.8	58453
Papaya	PH	15.3	38640
Paraiso	PH	10.9	30494
Paranaque City	PH	14.5	703245
Parang	PH	7.4	44930
Pasay	PH	14.5	416522
Pasig City	PH	14.6	853050
Passi	PH	11.1	42794
Pateros	PH	14.5	63840
Patuto	PH	14.1	52883
Peñaranda	PH	15.4	27465
Pila	PH	14.2	34383
Pilar	PH	14.7	17831
Pililla	PH	14.5	30408
Pinamalayan	PH	13.0	43521
Pinamungahan	PH	10.3	23068
Pio	PH	15.0	24345
Plaridel	PH	14.9	120939
Poblacion	PH	14.4	124554
Polangui	PH	13.3	89176
Polomolok	PH	6.2	63987
Porac	PH	15.1	21660
Port Area	PH	14.6	72605
Prosperidad	PH	8.6	90162
Puerto Princesa	PH	9.7	222673
Pulilan	PH	14.9	111384
Pulong Santa Cruz	PH	14.3	126844
Pulupandan	PH	10.5	27363
Putatan	PH	14.4	102146
Quezon	PH	7.7	114521
Quezon City	PH	14.6	3084270
Quiapo	PH	14.6	32236
Ramon	PH	16.8	36307
Ramos	PH	15.7	15066
Recodo	PH	7.0	42788
Rizal	PH	15.7	26201
Rodriguez	PH	14.8	134432
Romblon	PH	12.6	15316
Rosales	PH	15.9	67510
Rosario	PH	13.6	128352
Roxas	PH	17.1	16618
Roxas City	PH	11.6	185236
Sablayan	PH	12.8	91406
Sagay	PH	10.9	72153
Samal	PH	7.1	43526
Sampaloc	PH	14.5	20157
San Antonio	PH	14.9	38617
San Fernando	PH	15.0	251248
San Francisco	PH	8.5	79718
San Ildefonso	PH	15.1	65669
San Jose	PH	12.4	143495
San Jose del Monte	PH	14.8	357828
San Juan	PH	14.6	134312
San Leonardo	PH	15.4	69180
San Luis	PH	15.0	33467
San Marcelino	PH	15.0	18721
San Mariano	PH	7.5	18668
San Mateo	PH	14.7	134327
San Miguel	PH	15.1	65661
San Narciso	PH	15.0	32180
San Nicolas	PH	18.2	34237
San Pablo	PH	14.1	300166
San Pascual	PH	13.8	39395
San Pedro	PH	14.4	348968
San Simon	PH	15.0	29049
San Vicente	PH	15.3	16116
Sanchez-Mira	PH	18.6	26292
Santa Ana	PH	15.1	47158
Santa Barbara	PH	16.0	15445
Santa Catalina	PH	9.3	26457
Santa Cruz	PH	14.6	126735
Santa Maria	PH	17.0	28002
Santa Rosa	PH	14.3	216650
Santiago	PH	16.7	108414
Santo Tomas	PH	14.1	57438
Santol	PH	15.2	298976
Sariaya	PH	14.0	44977
Sasmuan	PH	14.9	21124
Sibonga	PH	10.0	54610
Sibulan	PH	9.4	28079
Silang	PH	14.2	119475
Siocon	PH	7.7	51239
Sipalay	PH	9.8	73847
Sitangkai	PH	4.7	17200
Solana	PH	17.7	71475
Solano	PH	16.5	36222
Sorsogon	PH	13.0	187670
Suay	PH	10.1	19672
Subic	PH	14.9	67664
Sultan Kudarat	PH	7.2	124965
Sultan sa Barongis	PH	6.8	39182
Sumag	PH	10.6	18752
Surallah	PH	6.4	91412
Surigao	PH	9.8	87832
Taal	PH	13.9	39745
Tabaco	PH	13.4	57860
Tabuk	PH	17.5	122771
Tacloban	PH	11.2	259353
Tacurong	PH	6.7	116945
Tagas	PH	13.2	15292
Tagaytay	PH	14.1	87811
Tagbilaran City	PH	9.7	86411
Tagbina	PH	8.5	41157
Tagoloan	PH	8.5	30390
Tagudin	PH	16.9	35791
Taguig	PH	14.5	1308085
Talacogon	PH	8.5	15581
Talavera	PH	15.6	64610
Talipapa	PH	14.7	39244
Talisay	PH	10.2	133148
Talitay	PH	7.0	19750
Taloc	PH	10.6	20409
Tanauan	PH	14.1	68456
Tanay	PH	14.5	59950
Tandag	PH	9.1	29011
Tangub	PH	8.1	29721
Tanjay	PH	9.5	84593
Tanza	PH	14.7	105510
Tarlac City	PH	15.5	401892
Tayabas	PH	14.0	115318
Taytay	PH	14.6	231460
Telabastagan	PH	15.1	25935
Teresa	PH	14.6	34716
Ternate	PH	14.3	20049
Tinongan	PH	10.2	62146
Tiwi	PH	13.5	16826
Toledo	PH	10.4	206692
Trento	PH	8.0	15916
Tubod	PH	8.1	50395
Tuguegarao	PH	17.6	167297
Tunasan	PH	14.4	61374
Tupi	PH	6.3	78599
Ualog	PH	10.6	60548
Upper Bicutan	PH	14.5	47397
Urdaneta	PH	16.0	145935
Valenzuela	PH	14.7	725173
Veruela	PH	8.1	18114
Victoria	PH	13.2	52215
Victorias	PH	10.9	86510
Vigan	PH	17.6	48545
Villasis	PH	15.9	65086
Vinzons	PH	14.2	45173
Virac	PH	13.6	75135
Wao	PH	7.7	17845
Zamboanga	PH	6.9	1018849
Zaragoza	PH	15.4	53090
Zumarraga	PH	11.6	16279
Abbottabad	PK	34.1	275890
Ahmadpur East	PK	29.1	196718
Ahmadpur Sial	PK	30.7	24889
Akora Khattak	PK	34.0	29750
Alahabad	PK	30.9	80084
Alipur	PK	29.4	33601
Amangarh	PK	34.0	42123
Arif Wala	PK	26.3	157063
Arifwala	PK	30.3	854462
Attock City	PK	33.8	141945
Baddomalhi	PK	32.0	19351
Badin	PK	24.7	117455
Baffa	PK	34.4	17556
Bāgh	PK	34.0	33548
Bahawalnagar	PK	30.0	241873
Bahawalpur	PK	29.4	903795
Bannu	PK	33.0	1357890
Basirpur	PK	30.6	65541
Bat Khela	PK	34.6	73525
Battagram	PK	34.7	700000
Bela	PK	26.2	29380
Bhakkar	PK	31.6	131658
Bhalwal	PK	32.3	74744
Bhan	PK	26.6	16961
Bhaun	PK	32.9	21711
Bhawana	PK	31.6	373841
Bhera	PK	32.5	31781
Bhimber	PK	33.0	27636
Bhit Shah	PK	25.8	19325
Bhopalwala	PK	32.4	17341
Buni	PK	36.3	50000
Burewala	PK	30.2	361664
Chak	PK	27.9	40000
Chak Azam Sahu	PK	30.8	38216
Chak Five Hundred Seventy-five	PK	31.5	30738
Chak Jhumra	PK	31.6	385169
Chak One Hundred Twenty Nine Left	PK	30.4	24053
Chak Thirty-one -Eleven Left	PK	30.4	45665
Chaksawari	PK	33.3	21475
Chakwal	PK	32.9	101200
Chaman	PK	30.9	130139
Charsadda	PK	34.1	120170
Chawinda	PK	32.3	26906
Chhor	PK	25.5	21178
Chichawatni	PK	30.5	112191
Chiniot	PK	31.7	318165
Chishtian	PK	29.8	149939
Chitral	PK	35.9	57157
Choa Saidan Shah	PK	32.7	40000
Chuhar Jamali	PK	24.4	18721
Chuhar Kana	PK	31.8	69321
Chunian	PK	31.0	634236
Dadhar	PK	29.5	17276
Dadu	PK	26.7	201017
Daharki	PK	28.1	90177
Dajal	PK	29.6	200000
Darya Khan	PK	31.8	68622
Daska Kalan	PK	32.3	126924
Daud Khel	PK	32.9	26395
Daur	PK	26.5	128958
Dayal	PK	33.3	19290
Dera Bugti	PK	29.0	18120
Dera Ghazi Khan	PK	30.0	494464
Dera Ismail Khan	PK	31.8	763195
Dera Murad Jamali	PK	28.5	106952
Dhanot	PK	29.6	15672
Dhaunkal	PK	32.4	19871
Dhirkot	PK	34.0	195000
Dhoro Naro	PK	25.5	19907
Digri	PK	25.2	234578
Dijkot	PK	31.2	96934
Dinga	PK	32.6	89922
Dipalpur	PK	30.7	99858
Dokri	PK	27.4	125000
Dullewala	PK	31.8	54277
Dunga Bunga	PK	29.7	25893
Dunyapur	PK	29.8	41575
Dursh Khela	PK	35.0	31732
Eminabad	PK	32.0	150646
Faisalabad	PK	31.4	3800193
Faqirwali	PK	29.5	61586
Faruka	PK	31.9	60000
Fatehjang	PK	33.6	81321
Fatehpur	PK	31.2	44084
Fazilpur	PK	32.2	28213
Fort Abbas	PK	29.2	83192
Gadani	PK	25.1	17540
Gambat	PK	27.4	93884
Garh Maharaja	PK	30.8	29153
Garhi Khairo	PK	28.1	193297
Gharo	PK	24.7	19524
Ghauspur	PK	28.1	29767
Ghotki	PK	28.0	119879
Gilgit	PK	35.9	216760
Gojra	PK	31.1	214000
Goth Radhan	PK	27.2	16786
Gujar Khan	PK	33.3	69374
Gujranwala	PK	32.2	2511118
Gujrat	PK	32.6	574240
Gwadar	PK	25.1	70852
Hadali	PK	32.6	49663
Hafizabad	PK	32.1	318621
Hajira	PK	33.8	28953
Hala	PK	25.8	71094
Hangu	PK	33.5	36150
Harappa	PK	30.6	23500
Haripur	PK	34.0	56977
Harnoli	PK	32.3	15669
Harunabad	PK	29.6	149679
Hasilpur	PK	29.7	168146
Haveli Lakha	PK	30.5	122389
Havelian	PK	34.1	37509
Hazro City	PK	33.9	26309
Hingorja	PK	27.2	22263
Hub	PK	25.0	195661
Hujra Shah Muqim	PK	30.7	76462
Hyderabad	PK	25.4	1921275
Islamabad	PK	33.7	601600
Islamgarh	PK	33.2	16651
Jacobabad	PK	28.3	219315
Jaglot	PK	35.7	27000
Jahangira	PK	34.0	57011
Jahanian	PK	30.0	50318
Jahanian Shah	PK	31.8	29095
Jalalpur Jattan	PK	32.6	146743
Jalalpur Pirwala	PK	29.5	500000
Jampur	PK	29.6	155243
Jamrud	PK	34.0	56642
Jand	PK	33.4	18170
Jaranwala	PK	31.3	150380
Jatoi Shimali	PK	29.5	47144
Jauharabad	PK	32.3	113188
Jhang Sadr	PK	31.3	606533
Jhawarian	PK	32.4	27893
Jhelum	PK	32.9	190425
Jhol	PK	26.0	19363
Jiwani	PK	25.0	25332
Johi	PK	26.7	16311
Kabirwala	PK	30.4	91932
Kahna Nau	PK	31.4	79301
Kahror Pakka	PK	29.6	69743
Kahuta	PK	33.6	22551
Kalabagh	PK	33.0	15976
Kalat	PK	29.0	26701
Kaleke Mandi	PK	32.0	16361
Kallar Kahar	PK	32.8	15800
Kalur Kot	PK	32.2	29578
Kamalia	PK	30.7	166617
Kamar Mushani	PK	32.8	39013
Kambar	PK	27.6	77481
Kamoke	PK	32.0	292023
Kamra	PK	33.9	45738
Kandhkot	PK	28.2	99155
Kandiaro	PK	27.1	44382
Kanganpur	PK	30.8	45000
Karachi	PK	24.9	11624219
Karachi University Employees Co-operative Housing Society	PK	25.0	41000
Karimabad	PK	36.3	16000
Karor	PK	31.2	25634
Kashmor	PK	28.4	33732
Kasur	PK	31.1	510875
Khai Gala	PK	33.8	19119
Khairpur	PK	28.1	40083
Khairpur Mir’s	PK	27.5	191044
Khairpur Nathan Shah	PK	27.1	30286
Khairpur Tamewah	PK	29.6	30967
Khalabat	PK	34.1	39148
Khangah Dogran	PK	31.8	34949
Khangarh	PK	29.9	19698
Khanpur	PK	28.6	142426
Khanpur Mahar	PK	27.8	22273
Kharan	PK	28.6	30841
Kharian	PK	32.8	103036
Khewra	PK	32.6	80000
Khurarianwala	PK	31.5	96743
Khushāb	PK	32.3	102793
Khuzdar	PK	27.8	218112
Kohat	PK	33.6	151427
Kot Addu	PK	30.5	104217
Kot Diji	PK	27.3	25616
Kot Ghulam Muhammad	PK	32.3	20897
Kot Malik Barkhurdar	PK	30.2	69359
Kot Mumin	PK	32.2	51021
Kot Radha Kishan	PK	31.2	102057
Kot Samaba	PK	28.6	22953
Kotli	PK	33.5	46907
Kotli Loharan	PK	32.6	21463
Kotri	PK	25.4	106615
Kulachi	PK	31.9	24481
Kundian	PK	32.5	42903
Kunjah	PK	32.5	90905
Kunri	PK	25.2	237063
Kuri Dulal	PK	33.4	22000
Lachi	PK	33.4	18537
Ladhewala Waraich	PK	32.2	39757
Lahore	PK	31.6	13004135
Lakki	PK	32.6	36391
Lala Musa	PK	32.7	65197
Lalian	PK	31.8	52542
Larkana	PK	27.6	364033
Lawa	PK	32.7	20619
Layyah	PK	31.0	151274
Lodhran	PK	29.5	144512
Loralai	PK	30.4	37787
Mach	PK	29.9	44542
Mailsi	PK	29.8	125431
Malakwal	PK	32.6	34589
Malakwal City	PK	32.6	35000
Malir Cantonment	PK	24.9	300000
Mamu Kanjan	PK	30.8	31914
Mananwala	PK	31.6	28432
Mandi Bahauddin	PK	32.6	129733
Mangla	PK	31.9	16264
Manhala	PK	31.5	29000
Manjhand	PK	25.9	140766
Mansehra	PK	34.3	66486
Mardan	PK	34.2	300424
Mastung	PK	29.8	29082
Matiari	PK	25.6	18929
Matli	PK	25.0	50398
Mehar	PK	27.2	30429
Mehrabpur	PK	28.1	35263
Mian Channun	PK	30.4	140112
Mian Sahib	PK	28.2	25000
Mianwali	PK	32.6	129500
Minchinabad	PK	30.2	67164
Mingora	PK	34.8	361112
Mirpur Khas	PK	25.5	267833
Mirpur Mathelo	PK	28.0	74651
Mitha Tiwana	PK	32.2	26390
Mithi	PK	24.7	52376
Model Town	PK	31.5	100000
Moro	PK	26.7	142685
Multan	PK	30.2	2169915
Muridke	PK	31.8	254291
Murree	PK	33.9	25186
Musa Banda/Musa khan kallay	PK	34.0	18000
Mustafabad	PK	30.9	45795
Muzaffarābād	PK	34.4	725000
Muzaffargarh	PK	30.1	235541
Nankana Sahib	PK	31.5	130041
Narang Mandi	PK	31.9	34778
Narowal	PK	32.1	130692
Nasirabad	PK	27.4	27809
Naudero	PK	27.7	33455
Naukot	PK	24.9	22081
Naushahra Virkan	PK	32.0	40853
Naushahro Firoz	PK	26.8	17631
Nawabshah	PK	26.2	363138
New Badah	PK	27.3	38855
New Mirpur City	PK	33.1	124352
Nok Kundi	PK	28.8	30621
Nowshera Cantonment	PK	34.0	30599
Nowshera Kalan	PK	34.0	88003
Nushki	PK	29.6	48572
Oghi	PK	34.5	21129
Okara	PK	30.8	533693
Pabbi	PK	34.0	52701
Pad Idan	PK	26.8	20919
Paharpur	PK	32.1	76027
Pakistan Employees Cooperative Housing Society	PK	24.9	19500
Pakpattan	PK	30.3	126706
Pallandri	PK	33.7	23243
Pano Aqil	PK	27.9	102701
Pasni	PK	25.3	43494
Pasrur	PK	32.3	102717
Pattoki	PK	31.0	113735
Peshawar	PK	34.0	4758762
Phalia	PK	32.4	62453
Phool Nagar	PK	31.2	114530
Pind Dadan Khan	PK	32.6	29935
Pindi Bhattian	PK	31.9	493222
Pindi Gheb	PK	33.2	63810
Pir Jo Goth	PK	27.6	54266
Pir Mahal	PK	30.8	52476
Pishin	PK	30.6	24239
Qabula	PK	30.2	52495
Qadirpur Ran	PK	30.3	200000
Qubo Saeed Khan	PK	27.9	99308
Quetta	PK	30.2	1565546
Rabwah	PK	31.8	70000
Rahim Yar Khan	PK	28.4	517000
Raiwind	PK	31.2	31592
Raja Jang	PK	31.2	100000
Rajanpur	PK	29.1	50682
Ranipur	PK	27.3	34337
Ratodero	PK	27.8	81935
Rawalakot	PK	33.9	50000
Rawalpindi	PK	33.6	3357612
Renala Khurd	PK	30.9	100054
Risalpur Cantonment	PK	34.1	36074
Rohri	PK	27.7	92135
Saddiqabad	PK	28.3	274210
Sahiwal	PK	32.0	538344
Sakrand	PK	26.1	72040
Sambrial	PK	32.5	119571
Sanghar	PK	26.0	62033
Sangla Hill	PK	31.7	103709
Sarai Alamgir	PK	32.9	73967
Sarai Naurang	PK	32.8	19694
Sarai Sidhu	PK	30.6	15632
Sargodha	PK	32.1	975886
Sehwan	PK	26.4	41150
Setharja Old	PK	27.2	32651
Shabqadar	PK	34.2	102340
Shahdad Kot	PK	27.8	120687
Shahdadpur	PK	25.9	113342
Shahkot	PK	31.6	244868
Shahpur Chakar	PK	26.2	21446
Shahr Sultan	PK	29.6	16166
Shakargarh	PK	32.3	126742
Sharifabad	PK	33.4	55027
Sharqpur Sharif	PK	31.5	31855
Shekhupura	PK	31.7	591424
Shikarpur	PK	28.0	204938
Shorkot	PK	31.9	67439
Shujaabad	PK	29.9	151115
Sialkot	PK	32.5	911817
Sibi	PK	29.5	64069
Sillanwali	PK	31.8	49311
Sinjhoro	PK	26.0	354709
Sita Road	PK	27.0	27587
Skardu	PK	35.3	260000
Sodhri	PK	32.5	15977
Sook Kalan	PK	32.6	20000
Sukheke Mandi	PK	31.9	42626
Sukkur	PK	27.7	563851
Surkhpur	PK	32.7	20000
Swabi	PK	34.1	97363
Taftan	PK	28.9	18510
Talagang	PK	32.9	79431
Talamba	PK	30.5	28151
Talhar	PK	24.9	200014
Tandlianwala	PK	31.0	38285
Tando Adam	PK	25.8	174291
Tando Allahyar	PK	25.5	421923
Tando Bago	PK	24.8	426535
Tando Jam	PK	25.4	71760
Tando Muhammad Khan	PK	25.1	114406
Tangi	PK	34.3	35659
Tank	PK	32.2	38488
Taunsa	PK	30.7	115704
Thal	PK	35.5	29331
Tharu Shah	PK	26.9	17698
Thatta	PK	24.7	44302
Thul	PK	28.2	88554
Toba Tek Singh	PK	31.0	123102
Topi	PK	34.1	74867
Tordher	PK	34.0	150000
Turbat	PK	26.0	75694
Ubauro	PK	28.2	50981
Umarkot	PK	25.4	144558
Upper Dir	PK	35.2	29869
Usta Muhammad	PK	28.2	64632
Uthal	PK	25.8	16483
Utmanzai	PK	34.2	34257
Vihari	PK	30.0	112840
Wah Cantt	PK	33.8	400733
Warah	PK	27.4	18724
Washuk	PK	27.7	41107
Wazirabad	PK	32.4	152624
Yazman	PK	29.1	60738
Zafarwal	PK	32.3	23078
Zahir Pir	PK	28.8	76979
Zaida	PK	34.1	34200
Zhob	PK	31.3	50537
Aleksandrów Łódzki	PL	51.8	20292
Andrychów	PL	49.9	21954
Augustów	PL	53.8	29752
Bartoszyce	PL	54.3	23482
Będzin	PL	50.3	58236
Bełchatów	PL	51.4	62896
Bemowo	PL	52.3	123932
Biała Podlaska	PL	52.0	57541
Białogard	PL	54.0	24368
Białołeka	PL	52.3	129106
Białystok	PL	53.1	295683
Bielany	PL	52.3	131910
Bielawa	PL	50.7	29232
Bielsk Podlaski	PL	52.8	26493
Bielsko-Biala	PL	49.8	176515
Bieńczyce	PL	50.1	42633
Bieruń	PL	50.1	19659
Biłgoraj	PL	50.5	26987
Biskupin-Sępolno-Dąbie-Bartoszowice	PL	51.1	19951
Bochnia	PL	50.0	29184
Bogatynia	PL	50.9	16460
Boguszów-Gorce	PL	50.8	16726
Bolesławiec	PL	51.3	40682
Braniewo	PL	54.4	18356
Brodnica	PL	53.3	27341
Brzeg	PL	50.9	38259
Brzesko	PL	50.0	16866
Busko-Zdrój	PL	50.5	17095
Bydgoszcz	PL	53.1	330038
Bytom	PL	50.3	189186
Bytów	PL	54.2	16724
Chełm	PL	51.1	60231
Chełmno	PL	53.3	20576
Chełmża	PL	53.2	15403
Chodzież	PL	53.0	19776
Chojnice	PL	53.7	38789
Chorzów	PL	50.3	113430
Choszczno	PL	53.2	15733
Chrzanów	PL	50.1	39973
Ciechanów	PL	52.9	46438
Cieszyn	PL	49.8	35586
Czechowice-Dziedzice	PL	49.9	34703
Czeladź	PL	50.3	34308
Czerwionka-Leszczyny	PL	50.2	28740
Częstochowa	PL	50.8	248125
Dąbrowa Górnicza	PL	50.3	116971
Dębica	PL	50.1	47366
Dęblin	PL	51.6	17775
Drzetowo-Grabowo	PL	53.4	22655
Działdowo	PL	53.2	21127
Dzierżoniów	PL	50.7	34168
Elbląg	PL	54.2	127558
Ełk	PL	53.8	55769
Fordon	PL	53.1	70000
Gądów-Popowice Południowe	PL	51.1	24508
Gaj	PL	51.1	19136
Gajowice	PL	51.1	21781
Garwolin	PL	51.9	15912
Gdańsk	PL	54.4	487371
Gdynia	PL	54.5	257000
Gierłoż	PL	54.1	28351
Giżycko	PL	54.0	29972
Gliwice	PL	50.3	198835
Głogów	PL	51.7	65400
Głowno	PL	52.0	15103
Głuchołazy	PL	50.3	15120
Gniezno	PL	52.5	70269
Goleniów	PL	53.6	22505
Gorlice	PL	49.7	28609
Gorzów Wielkopolski	PL	52.7	114567
Gostyń	PL	51.9	20771
Gostynin	PL	52.4	18976
Grajewo	PL	53.6	22803
Grodzisk Mazowiecki	PL	52.1	26684
Grudziądz	PL	53.5	92552
Gryfice	PL	53.9	16720
Gryfino	PL	53.3	21270
Grzegórzki	PL	50.1	28960
Gubin	PL	51.9	16629
Hajnówka	PL	52.7	22157
Hrubieszów	PL	50.8	18605
Huby	PL	51.1	18727
Iława	PL	53.6	32557
Inowrocław	PL	52.8	77597
Jarocin	PL	52.0	25582
Jarosław	PL	50.0	35475
Jasło	PL	49.7	37851
Jastrzębie Zdrój	PL	50.0	95813
Jawor	PL	51.1	23865
Jaworzno	PL	50.2	96541
Jędrzejów	PL	50.6	16792
Jelcz	PL	51.0	15308
Jelcz Laskowice	PL	51.0	15340
Jelenia Góra	PL	50.9	77366
Józefów	PL	52.1	17910
Kabaty	PL	52.1	30000
Kalisz	PL	51.8	108759
Kamienna Góra	PL	50.8	21743
Karłowice-Różanka	PL	51.1	31813
Kartuzy	PL	54.3	15002
Katowice	PL	50.3	286960
Kędzierzyn-Koźle	PL	50.3	65636
Kętrzyn	PL	54.1	27478
Kęty	PL	49.9	19249
Kielce	PL	50.9	192468
Kłodzko	PL	50.4	25717
Kluczbork	PL	51.0	25978
Knurów	PL	50.2	39744
Kobyłka	PL	52.3	17659
Koło	PL	52.2	23493
Kołobrzeg	PL	54.2	44377
Konin	PL	52.2	81258
Końskie	PL	51.2	20756
Konstancin-Jeziorna	PL	52.1	16548
Konstantynów Łódzki	PL	51.7	18335
Kościan	PL	52.1	24096
Kościerzyna	PL	54.1	23327
Kostrzyn nad Odrą	PL	52.6	17778
Koszalin	PL	54.2	107450
Kozanów	PL	51.1	15901
Kozienice	PL	51.6	17075
Kraków	PL	50.1	816614
Krapkowice	PL	50.5	18275
Kraśnik	PL	50.9	35834
Krasnystaw	PL	51.0	19532
Krosno	PL	49.7	47784
Krotoszyn	PL	51.7	29231
Krzyki-Partynice	PL	51.1	21233
Kutno	PL	52.2	48323
Kwidzyn	PL	53.7	37601
Łańcut	PL	50.1	18266
Łapy	PL	53.0	16434
Łask	PL	51.6	18577
Łaziska Górne	PL	50.1	21983
Lębork	PL	54.5	35161
Łęczna	PL	51.3	21719
Łęczyca	PL	52.1	15528
Lędziny	PL	50.1	16305
Legionowo	PL	52.4	50786
Legnica	PL	51.2	106033
Leszno	PL	51.8	63565
Libiąż	PL	50.1	17834
Lidzbark Warmiński	PL	54.1	16540
Łódź	PL	51.8	639890
Łomianki	PL	52.3	15315
Łomża	PL	53.2	62019
Łowicz	PL	52.1	29809
Lubań	PL	51.1	22245
Lubartów	PL	51.5	22839
Lubin	PL	51.4	77532
Lublin	PL	51.3	336339
Lubliniec	PL	50.7	23784
Luboń	PL	52.3	26431
Łuków	PL	51.9	30465
Malbork	PL	54.0	36709
Marki	PL	52.3	23177
Międzyrzec Podlaski	PL	52.0	17158
Międzyrzecz	PL	52.4	18669
Mielec	PL	50.3	59509
Mikołów	PL	50.2	38821
Milanówek	PL	52.1	15784
Mińsk Mazowiecki	PL	52.2	37027
Mława	PL	53.1	29398
Mokotów	PL	52.2	217683
Mrągowo	PL	53.9	21965
Myślenice	PL	49.8	17686
Mysłowice	PL	50.2	72124
Myszków	PL	50.6	33273
Nadodrze	PL	51.1	23177
Nakło nad Notecią	PL	53.1	19565
Namysłów	PL	51.1	16376
Nisko	PL	50.5	15573
Nowa Ruda	PL	50.6	24753
Nowa Sól	PL	51.8	40354
Nowogard	PL	53.7	16703
Nowy Dwór Mazowiecki	PL	52.4	27633
Nowy Sącz	PL	49.6	84376
Nowy Targ	PL	49.5	33763
Nowy Tomyśl	PL	52.3	15179
Nysa	PL	50.5	47283
Oborniki	PL	52.6	17915
Ochota	PL	52.2	82774
Oława	PL	50.9	33029
Ołbin	PL	51.1	31216
Olecko	PL	54.0	15923
Oleśnica	PL	51.2	36956
Olkusz	PL	50.3	37744
Olsztyn	PL	53.8	169793
Opoczno	PL	51.4	22592
Opole	PL	50.7	127676
Orunia Górna-Gdańsk Południe	PL	54.3	19807
Orzesze	PL	50.2	18438
Osiedle Kosmonautów	PL	51.1	19048
Osiedle Powstańców Śląskich	PL	51.1	24329
Osowa	PL	54.4	16021
Ostróda	PL	53.7	33524
Ostrołęka	PL	53.1	53740
Ostrów Mazowiecka	PL	52.8	22653
Ostrów Wielkopolski	PL	51.7	72898
Ostrowiec Świętokrzyski	PL	50.9	73989
Oświęcim	PL	50.0	34170
Otwock	PL	52.1	43388
Ozorków	PL	52.0	20608
Pabianice	PL	51.7	70542
Piaseczno	PL	52.1	36278
Piastów	PL	52.2	23290
Piecki-Migowo	PL	54.4	27173
Piekary Śląskie	PL	50.4	59757
Piła	PL	53.2	75532
Pilczyce-Kozanów-Popowice Północne	PL	51.1	31320
Pionki	PL	51.5	19966
Piotrków Trybunalski	PL	51.4	80128
Pisz	PL	53.6	19232
Pleszew	PL	51.9	17640
Płock	PL	52.5	127474
Płońsk	PL	52.6	22217
Police	PL	53.6	34350
Polkowice	PL	51.5	21565
Poznań	PL	52.4	536151
Praga Północ	PL	52.3	93192
Praga Południe	PL	52.2	179836
Prudnik	PL	50.3	23343
Pruszcz Gdański	PL	54.3	23618
Pruszków	PL	52.2	55371
Przasnysz	PL	53.0	16718
Przedmieście Oławskie	PL	51.1	20316
Przemyśl	PL	49.8	67013
Przeworsk	PL	50.1	15805
Przymorze Wielkie	PL	54.4	24368
Psie Pole	PL	51.1	95615
Psie Pole Zawidawie	PL	51.1	29606
Pszczyna	PL	50.0	25288
Puławy	PL	51.4	49759
Pułtusk	PL	52.7	19039
Pyskowice	PL	50.4	19018
Racibórz	PL	50.1	58464
Radlin	PL	50.1	17479
Radom	PL	51.4	226794
Radomsko	PL	51.1	44700
Radzionków	PL	50.4	17167
Radzyń Podlaski	PL	51.8	16071
Rawa Mazowiecka	PL	51.8	17770
Rawicz	PL	51.6	21380
Reda	PL	54.6	18116
Rejon placu Grunwaldzkiego	PL	51.1	27030
Rejon placu Świętego Macieja	PL	51.1	44090
Rejon ulicy Traugutta	PL	51.1	20617
Rembertów	PL	52.3	21893
Ropczyce	PL	50.1	15279
Różanka-Polanka	PL	51.1	15746
Ruda Śląska	PL	50.3	146189
Rumia	PL	54.6	44791
Rybnik	PL	50.1	142510
Rydułtowy	PL	50.1	21887
Rypin	PL	53.1	16589
Rzeszów	PL	50.0	198317
Sandomierz	PL	50.7	25087
Sanok	PL	49.6	39684
Siedlce	PL	52.2	77185
Siemianowice Śląskie	PL	50.3	73121
Siemiatycze	PL	52.4	15421
Sieradz	PL	51.6	44436
Sierpc	PL	52.9	18866
Skarżysko-Kamienna	PL	51.1	49410
Skawina	PL	50.0	23647
Skierniewice	PL	52.0	49042
Słubice	PL	52.4	17567
Słupsk	PL	54.5	98608
Sochaczew	PL	52.2	38267
Sokółka	PL	53.4	19079
Sokołów Podlaski	PL	52.4	18241
Solec Kujawski	PL	53.1	15125
Sopot	PL	54.4	35049
Sosnowiec	PL	50.3	227295
Śrem	PL	52.1	30404
Środa Wielkopolska	PL	52.2	21757
Środmieście	PL	54.4	23364
Śródmieście	PL	52.2	99950
Stalowa Wola	PL	50.6	66495
Starachowice	PL	51.0	53739
Stargard	PL	53.3	71224
Starogard Gdański	PL	54.0	47272
Staszów	PL	50.6	16137
Strzegom	PL	51.0	16106
Strzelce Opolskie	PL	50.5	20241
Sulechów	PL	52.1	18055
Sulejówek	PL	52.3	18414
Suwałki	PL	54.1	69222
Swarzędz	PL	52.4	29010
Świdnica	PL	50.8	60351
Świdnik	PL	51.2	40050
Świdwin	PL	53.8	15725
Świebodzice	PL	50.9	23228
Świebodzin	PL	52.2	21757
Świecie	PL	53.4	25843
Świerczewo	PL	53.4	16034
Świętochłowice	PL	50.3	55600
Świnoujście	PL	53.9	40919
Szamotuły	PL	52.6	18588
Szczecin	PL	53.4	395513
Szczecinek	PL	53.7	38496
Szczepin	PL	51.1	18488
Szczytno	PL	53.6	26044
Targówek	PL	52.3	124279
Tarnobrzeg	PL	50.6	50459
Tarnów	PL	50.0	117799
Tarnowskie Góry	PL	50.4	60938
Tczew	PL	54.1	60133
Tomaszów Lubelski	PL	50.4	20261
Tomaszów Mazowiecki	PL	51.5	67197
Toruń	PL	53.0	196935
Trzcianka	PL	53.0	16914
Trzebinia	PL	50.2	18828
Turek	PL	52.0	29533
Tychy	PL	50.1	130000
Ujeścisko-Łostowice	PL	54.3	29845
Ursus	PL	52.2	47285
Ursynów	PL	52.2	149775
Ustka	PL	54.6	16250
Ustroń	PL	49.7	15637
Wadowice	PL	49.9	19238
Wągrowiec	PL	52.8	25648
Wałbrzych	PL	50.8	127431
Wałcz	PL	53.3	25971
Warsaw	PL	52.2	1702139
Wawer	PL	52.2	77205
Wejherowo	PL	54.6	46820
Wesoła	PL	52.3	20000
Wieliczka	PL	50.0	18677
Wieluń	PL	51.2	21624
Włochy	PL	52.2	36276
Włocławek	PL	52.6	120339
Wodzisław Śląski	PL	50.0	49521
Wola	PL	52.2	140958
Wołomin	PL	52.3	36592
Wrocław	PL	51.1	672545
Września	PL	52.3	28703
Wrzeszcz	PL	54.4	65000
Wrzeszcz Dolny	PL	54.4	21648
Wrzeszcz Górny	PL	54.4	20810
Wyszków	PL	52.6	26500
Ząbki	PL	52.3	23473
Ząbkowice Śląskie	PL	50.6	15004
Zabrze	PL	50.3	192177
Żagań	PL	51.6	25731
Zakopane	PL	49.3	27266
Zambrów	PL	53.0	22857
Zamość	PL	50.7	66034
Żary	PL	51.6	38779
Zawiercie	PL	50.5	53159
Zduńska Wola	PL	51.6	44515
Zgierz	PL	51.9	58036
Zgorzelec	PL	51.1	33247
Zielona Góra	PL	51.9	118433
Zielonka	PL	52.3	17518
Złotoryja	PL	51.1	15564
Złotów	PL	53.4	18395
Żoliborz	PL	52.3	50934
Żory	PL	50.0	63174
Żyrardów	PL	52.0	41179
Żywiec	PL	49.7	32132
Saint-Pierre	PM	46.8	6200
Adamstown	PN	-25.1	46
Aguadilla	PR	18.4	16073
Arecibo	PR	18.5	87754
Barceloneta	PR	18.5	22322
Bayamón	PR	18.4	203499
Caguas	PR	18.2	86804
Candelaria	PR	18.4	17631
Carolina	PR	18.4	170404
Cataño	PR	18.4	28093
Cayey	PR	18.1	18494
Fajardo	PR	18.3	32124
Guayama	PR	18.0	21575
Guaynabo	PR	18.4	81360
Humacao	PR	18.1	20387
Levittown	PR	18.4	29785
Manatí	PR	18.4	16092
Mayagüez	PR	18.2	73077
Ponce	PR	18.0	137491
San Juan	PR	18.5	418140
Trujillo Alto	PR	18.4	75243
Vega Baja	PR	18.4	29325
Yauco	PR	18.0	20295
‘Abasān al Kabīrah	PS	31.3	18163
‘Aţārūt	PS	31.9	25595
Al ‘Ayzarīyah	PS	31.8	17455
Al Bīrah	PS	31.9	38192
Al Burayj	PS	31.4	34951
Al Qarārah	PS	31.4	19500
Al Yāmūn	PS	32.5	16164
An Nuşayrāt	PS	31.4	36123
Ar Rām wa Ḑāḩiyat al Barīd	PS	31.8	24838
As Samū‘	PS	31.4	19355
Az̧ Z̧āhirīyah	PS	31.4	27616
Az Zuwāydah	PS	31.4	16688
Balāţah	PS	32.2	17146
Banī Na‘īm	PS	31.5	19783
Banī Suhaylā	PS	31.3	31272
Battir	PS	31.7	56746
Bayt Ḩanīnā	PS	31.8	27000
Bayt Ḩānūn	PS	31.5	37392
Bayt Jālā	PS	31.7	16183
Bayt Lāhyā	PS	31.5	56919
Bethlehem	PS	31.7	29019
Dayr al Balaḩ	PS	31.4	59504
Dūrā	PS	31.5	20835
East Jerusalem	PS	31.8	428304
Gaza	PS	31.5	410000
Ḩalḩūl	PS	31.6	21076
Hebron	PS	31.5	160470
Idhnā	PS	31.6	18727
Jabālyā	PS	31.5	168568
Janīn	PS	32.5	34730
Jericho	PS	31.9	19783
Khān Yūnis	PS	31.3	173183
Ma‘ale Adummim	PS	31.8	38193
Nablus	PS	32.2	130326
Old City	PS	31.8	36000
Qabāţīyah	PS	32.4	19127
Qalqīlyah	PS	32.2	43212
Rafaḩ	PS	31.3	126305
Ramallah	PS	31.9	43880
Sa‘īr	PS	31.6	17775
Shu‘fāţ	PS	31.8	35000
Surif City	PS	31.7	25242
Ţūbās	PS	32.3	15591
Ţūlkarm	PS	32.3	44169
Yaţţā	PS	31.4	41425
Afurada de Baixo	PT	41.1	34332
Águas Santas	PT	41.2	27686
Albufeira	PT	37.1	15851
Alcabideche	PT	38.7	33315
Alcântara	PT	38.7	20267
Alcobaça	PT	39.6	15800
Aldoar	PT	41.2	29085
Alfena	PT	41.2	15211
Alfornelos	PT	38.8	27093
Alfragide	PT	38.7	17044
Algés	PT	38.7	19327
Algueirão	PT	38.8	66250
Almada	PT	38.7	34008
Alvalade	PT	38.8	31813
Amadora	PT	38.8	178858
Amora	PT	38.6	52577
Arcos de Valdevez	PT	41.8	22847
Areeiro	PT	38.7	21160
Arouca	PT	40.9	21146
Arrentela	PT	38.6	30156
Aveiro	PT	40.6	80880
Azambuja	PT	39.1	21422
Azeitão	PT	38.5	18877
Baguim do Monte	PT	41.2	15850
Baião	PT	41.2	20522
Bairro Novo	PT	41.5	32876
Barcelos	PT	41.5	19085
Barreiro	PT	38.7	51280
Beja	PT	38.0	34760
Belas	PT	38.8	21019
Belém	PT	38.7	16546
Benfica	PT	38.8	36985
Bomfim	PT	41.2	22978
Bougado	PT	41.3	21680
Braga	PT	41.6	193324
Bragança	PT	41.8	35341
Buraca	PT	38.7	16081
Cabeceiras de Basto	PT	41.5	16710
Cacém	PT	38.8	93982
Caldas da Rainha	PT	39.4	27378
Câmara de Lobos	PT	32.7	32209
Camarate	PT	38.8	20177
Campanhã	PT	41.2	29666
Campo De Ourique	PT	38.7	22140
Campo Grande	PT	38.8	15514
Caniço	PT	32.7	23368
Canidelo	PT	41.1	26431
Caparica	PT	38.7	21167
Carcavelos	PT	38.7	20366
Carnaxide	PT	38.7	23698
Carnide	PT	38.8	18028
Cascais	PT	38.7	36436
Castelo Branco	PT	39.8	33479
Charneca de Caparica	PT	38.6	29763
Chaves	PT	41.7	17535
Cidade Universitária	PT	38.8	37000
Coimbra	PT	40.2	140796
Condeixa-a-Nova	PT	40.1	17078
Corroios	PT	38.6	52520
Covilhã	PT	40.3	17610
Custoias	PT	41.1	19406
Damaia	PT	38.8	37607
Eiras	PT	40.2	17154
Entroncamento	PT	39.5	19887
Ermesinde	PT	41.2	39420
Espinho	PT	41.0	32786
Esposende	PT	41.5	34625
Estoril	PT	38.7	23700
Évora	PT	38.6	53591
Fafe	PT	41.5	16868
Falagueira	PT	38.8	20788
Fânzeres	PT	41.2	23916
Faro	PT	37.0	70347
Feira	PT	40.9	16376
Felgueiras	PT	41.4	58065
Figueira da Foz	PT	40.2	46600
Funchal	PT	32.7	105795
Gondomar	PT	41.1	27691
Guarda	PT	40.5	40126
Guimarães	PT	41.4	40604
Ílhavo	PT	40.6	17236
Lagos	PT	37.1	33494
Laranjeiro	PT	38.7	20988
Lavradio	PT	38.7	21877
Leça da Palmeira	PT	41.2	17996
Leça do Bailio	PT	41.2	16103
Leiria	PT	39.7	128640
Linda-a-Velha	PT	38.7	20895
Lisbon	PT	38.7	517802
Lordelo do Ouro	PT	41.2	22270
Loulé	PT	37.1	17930
Loures	PT	38.8	66231
Lumiar	PT	38.8	46334
Maia	PT	41.2	36426
Marinha Grande	PT	39.7	28916
Marvila	PT	38.7	35463
Massamá	PT	38.8	28112
Matosinhos	PT	41.2	28070
Moita	PT	38.7	17795
Monção	PT	42.1	19738
Monsanto	PT	39.5	50000
Monte Estoril	PT	38.7	23375
Montijo	PT	38.7	30011
Moscavide e Portela	PT	38.8	22488
Odivelas	PT	38.8	54624
Oeiras	PT	38.7	35000
Olhão	PT	37.0	29239
Olivais	PT	38.8	33788
Olival	PT	38.8	42961
Oliveira do Douro	PT	41.1	24407
Ovar	PT	40.9	18452
Paço de Arcos	PT	38.7	25974
Palmela	PT	38.6	16934
Paranhos	PT	41.2	45883
Parede	PT	38.7	17212
Paredes	PT	41.2	19834
Parque das Nações	PT	38.8	22382
Pedroso	PT	41.4	18963
Peniche	PT	39.4	15662
Piedade	PT	38.7	19472
Pinhal Novo	PT	38.6	23510
Pombal	PT	39.9	17355
Ponta Delgada	PT	37.7	20056
Ponte de Lima	PT	41.8	44667
Pontinha	PT	38.8	23249
Portalegre	PT	39.3	22368
Portimão	PT	37.1	38487
Porto	PT	41.1	252687
Porto de Mós	PT	37.1	23648
Póvoa de Santa Iria	PT	38.9	28901
Póvoa de Varzim	PT	41.4	29044
Quarteira	PT	37.1	24420
Quelfes	PT	37.1	17253
Queluz	PT	38.8	103399
Quinta Do Conde	PT	38.6	25606
Ramada	PT	38.8	17535
Ribeira de Frades	PT	40.2	15315
Rio de Mouro	PT	38.8	54695
Rio Tinto	PT	41.2	49966
Sacavém	PT	38.8	17718
Santa Iria da Azóia	PT	38.8	18573
Santarém	PT	39.2	29385
Santo António	PT	32.7	25940
Santo António dos Olivais	PT	40.2	41150
Santo Ovídio	PT	41.1	38544
São Domingos de Rana	PT	38.7	46718
São João da Madeira	PT	40.9	22079
São João da Talha	PT	38.8	18925
São Jorge de Arroios	PT	38.7	22990
São Mamede de Infesta	PT	41.2	25940
São Martinho	PT	32.6	26482
São Martinho do Bispo	PT	40.2	15315
São Paulo de Frades	PT	40.2	17154
São Pedro da Cova	PT	41.1	17011
São Tiago de Custoias	PT	41.2	19000
Senhora da Hora	PT	41.2	28930
Sequeira	PT	40.6	28502
Sesimbra	PT	38.4	41134
Sete Rios	PT	38.7	23261
Setúbal	PT	38.5	118166
Sintra	PT	38.8	26193
Tavira	PT	37.1	15133
Tomar	PT	39.6	19168
Torres Novas	PT	39.5	15002
Torres Vedras	PT	39.1	24443
Trofa	PT	41.3	20692
Valadares	PT	41.1	22322
Valongo	PT	41.2	21328
Vermoim	PT	41.2	15764
Vialonga	PT	38.9	16088
Viana do Castelo	PT	41.7	36148
Vila do Conde	PT	41.4	27642
Vila Franca de Xira	PT	39.0	18355
Vila Nova de Gaia	PT	41.1	70811
Vila Real	PT	41.3	17001
Vilar	PT	40.6	21227
Vilar de Andorinho	PT	41.1	18944
Viseu	PT	40.7	103502
Ngerulmud	PW	7.5	0
Asunción	PY	-25.3	1482200
Caacupé	PY	-25.4	56864
Caaguazú	PY	-25.5	54808
Caazapá	PY	-26.2	23996
Capiatá	PY	-25.4	198553
Ciudad del Este	PY	-25.5	301815
Concepción	PY	-23.4	48123
Coronel Oviedo	PY	-25.4	51286
Doctor Juan Eulogio Estigarribia	PY	-25.4	38894
Encarnación	PY	-27.3	74983
Fernando de la Mora	PY	-25.3	120167
Filadelfia	PY	-22.3	19927
Itá	PY	-25.5	18459
Itauguá	PY	-25.4	64997
Lambaré	PY	-25.3	126377
Limpio	PY	-25.2	96143
Loma Plata	PY	-22.4	16460
Mariano Roque Alonso	PY	-25.2	72008
Nemby	PY	-25.4	94641
Pedro Juan Caballero	PY	-22.5	75109
Pilar	PY	-26.9	32810
Presidente Franco	PY	-25.6	54292
San Antonio	PY	-25.4	55754
San Juan Bautista	PY	-26.7	16593
San Lorenzo	PY	-25.3	227876
Villa Elisa	PY	-25.4	64099
Villa Hayes	PY	-25.1	57217
Villarrica	PY	-25.7	41157
Villeta	PY	-25.5	36985
Yby Yaú	PY	-23.0	31290
Al ‘Unayzah	QA	25.3	39761
Al Ghānim	QA	25.3	19010
Al Hilāl al Gharbīyah	QA	25.3	15461
Al Hilāl ash Sharqīyah	QA	25.3	15461
Al Khawr	QA	25.7	18923
Al Manşūrah	QA	25.3	65493
Al Maţār al ‘Atīq	QA	25.3	76774
Al Wakrah	QA	25.2	26436
An Najmah	QA	25.3	43695
Ar Rayyān	QA	25.3	272465
As Sadd	QA	25.3	36077
As Sulţah al Jadīdah	QA	25.3	27432
Ath Thumāmah Khamsūn	QA	25.2	22284
Ath Thumāmah Sab‘ah wa Arba‘ūn	QA	25.2	22284
Ath Thumāmah Sittah wa Arba‘ūn	QA	25.2	22284
Az̧ Z̧a‘āyin	QA	25.6	54339
Doha	QA	25.3	344939
Farīj al Amīr	QA	25.3	33263
Farīj Kulayb	QA	25.3	33263
Lusail	QA	25.4	198600
Madīnat Khalīfah	QA	25.3	44459
Mu‘aydhir Rawḑat Rāshid	QA	25.3	27569
Nu‘ayjah	QA	25.2	19975
Umm Ghuwaylīnah	QA	25.6	39457
Umm Lakhbā	QA	25.3	16993
Umm Şalāl Muḩammad	QA	25.4	29391
La Possession	RE	-20.9	35245
Le Port	RE	-20.9	33336
Le Tampon	RE	-21.3	81943
Piton Saint-Leu	RE	-21.2	29278
Saint-André	RE	-21.0	57150
Saint-Benoît	RE	-21.0	37023
Saint-Denis	RE	-20.9	154765
Saint-Joseph	RE	-21.4	38807
Saint-Leu	RE	-21.2	34893
Saint-Louis	RE	-21.3	53935
Saint-Paul	RE	-21.0	105240
Saint-Pierre	RE	-21.3	84077
Sainte-Marie	RE	-20.9	34344
Sainte-Suzanne	RE	-20.9	24293
Adjud	RO	46.1	15178
Aiud	RO	46.3	28341
Alba Iulia	RO	46.1	64227
Alexandria	RO	44.0	40390
Arad	RO	46.2	169065
Bacău	RO	46.6	136087
Baia Mare	RO	47.7	108759
Baia Sprie	RO	47.7	16746
Băicoi	RO	45.0	19869
Băileşti	RO	44.0	19599
Balş	RO	44.4	20626
Bârlad	RO	46.2	67818
Bistriţa	RO	47.1	78877
Blaj	RO	46.2	20371
Bocşa	RO	45.4	16349
Borşa	RO	47.7	26966
Botoşani	RO	47.8	90010
Brad	RO	46.1	15988
Brăila	RO	45.3	154686
Braşov	RO	45.6	253200
Breaza	RO	45.2	17949
Bucharest	RO	44.4	1877155
Buftea	RO	44.6	20691
Buhuşi	RO	46.7	18395
Buzău	RO	45.1	103481
Calafat	RO	44.0	18643
Câmpia Turzii	RO	46.5	26457
Câmpina	RO	45.1	41554
Câmpulung Moldovenesc	RO	47.5	19765
Caracal	RO	44.1	33761
Caransebeş	RO	45.4	27521
Carei	RO	47.7	20775
Cernavodă	RO	44.3	18502
Cisnădie	RO	45.7	15042
Cluj-Napoca	RO	46.8	286598
Codlea	RO	45.7	20534
Comăneşti	RO	46.4	23729
Constanţa	RO	44.2	317832
Corabia	RO	43.8	20047
Craiova	RO	44.3	234140
Cugir	RO	45.8	24734
Curtea de Argeş	RO	45.1	32178
Dej	RO	47.1	38033
Deva	RO	45.9	67802
Dorohoi	RO	48.0	30776
Drăgăşani	RO	44.6	20630
Drobeta-Turnu Severin	RO	44.6	79865
Făgăraș	RO	45.9	30714
Fălticeni	RO	47.5	29576
Feteşti	RO	44.4	32866
Fetești-Gară	RO	44.4	23789
Filiaşi	RO	44.5	18995
Focșani	RO	45.7	66648
Găeşti	RO	44.7	15037
Galaţi	RO	45.4	217851
Gheorgheni	RO	46.7	19777
Gherla	RO	47.0	23741
Giurgiu	RO	43.9	54551
Gura Humorului	RO	47.5	15728
Hunedoara	RO	45.8	69136
Huşi	RO	46.7	29129
Iaşi	RO	47.2	378954
Luduş	RO	46.5	17165
Lugoj	RO	45.7	43243
Lupeni	RO	45.4	30488
Mangalia	RO	43.8	39619
Medgidia	RO	44.3	43315
Mediaş	RO	46.2	53040
Miercurea-Ciuc	RO	46.4	34484
Mioveni	RO	45.0	29062
Mizil	RO	45.0	15532
Moineşti	RO	46.5	23981
Moreni	RO	45.0	20596
Motru	RO	44.8	22319
Năvodari	RO	44.3	33106
Ocna Mureş	RO	46.4	15316
Odorheiu Secuiesc	RO	46.3	36532
Olteniţa	RO	44.1	22624
Oradea	RO	47.0	183105
Orăştie	RO	45.8	20763
Pantelimon	RO	44.5	16206
Paşcani	RO	47.2	45000
Petrila	RO	45.5	25234
Petroşani	RO	45.4	44187
Piatra Neamţ	RO	46.9	102688
Piteşti	RO	44.9	141275
Ploieşti	RO	45.0	180540
Popeşti-Leordeni	RO	44.4	15279
Rădăuți	RO	47.9	23822
Râmnicu Sărat	RO	45.4	38526
Râmnicu Vâlcea	RO	45.1	93151
Râşnov	RO	45.6	15253
Reghin-Sat	RO	46.8	35490
Reşiţa	RO	45.3	81228
Roman	RO	46.9	67819
Roșiorii de Vede	RO	44.1	27416
Săcele	RO	45.6	29918
Salonta	RO	46.8	17561
Satu Mare	RO	47.8	112490
Sebeş	RO	46.0	27246
Sector 1	RO	44.5	225453
Sector 2	RO	44.5	290507
Sector 3	RO	44.4	385439
Sector 4	RO	44.4	287828
Sector 5	RO	44.4	271575
Sector 6	RO	44.4	367760
Sfântu Gheorghe	RO	45.9	50080
Sibiu	RO	45.8	134309
Sighetu Marmaţiei	RO	47.9	40653
Sighișoara	RO	46.2	34537
Şimleu Silvaniei	RO	47.2	15721
Slatina	RO	44.4	63487
Slobozia	RO	44.6	41550
Suceava	RO	47.6	84308
Târgovişte	RO	44.9	66965
Târgu Jiu	RO	45.0	73545
Târgu Mureş	RO	46.5	212752
Târgu Neamţ	RO	47.2	20473
Târgu Secuiesc	RO	46.0	20067
Târnăveni	RO	46.3	28634
Tecuci	RO	45.8	41154
Timişoara	RO	45.8	250849
Tulcea	RO	45.2	65624
Turda	RO	46.6	43319
Turnu Măgurele	RO	43.7	28783
Urziceni	RO	44.7	16770
Vaslui	RO	46.6	63035
Vatra Dornei	RO	47.4	16054
Vişeu de Sus	RO	47.7	15349
Voluntari	RO	44.5	30323
Vulcan	RO	45.4	19772
Zalău	RO	47.2	52359
Zărnești	RO	45.6	24926
Zimnicea	RO	43.7	15228
Apatin	RS	45.7	18320
Aranđelovac	RS	44.3	24309
Bačka Palanka	RS	45.2	29449
Bačka Topola	RS	45.8	16154
Bečej	RS	45.6	25774
Belgrade	RS	44.8	1273651
Bor	RS	44.1	39387
Čačak	RS	43.9	117072
Ćuprija	RS	43.9	20585
Futog	RS	45.2	18018
Gornji Milanovac	RS	44.0	23982
Inđija	RS	45.0	24450
Jagodina	RS	44.0	35589
Kikinda	RS	45.8	41935
Knjazevac	RS	43.6	25000
Kragujevac	RS	44.0	147473
Kraljevo	RS	43.7	82846
Kruševac	RS	43.6	75256
Lazarevac	RS	44.4	23551
Leskovac	RS	43.0	94758
Loznica	RS	44.5	19515
Negotin	RS	44.2	17612
Niš	RS	43.3	250000
Nova Pazova	RS	44.9	15488
Novi Beograd	RS	44.8	209763
Novi Pazar	RS	43.1	85996
Novi Sad	RS	45.3	215400
Obrenovac	RS	44.7	16821
Pančevo	RS	44.9	76654
Pirot	RS	43.2	40678
Požarevac	RS	44.6	41736
Prokuplje	RS	43.2	27673
Ruma	RS	45.0	32229
Šabac	RS	44.7	55114
Senta	RS	45.9	20302
Smederevo	RS	44.7	62000
Smederevska Palanka	RS	44.4	27000
Sombor	RS	45.8	48454
Sremčica	RS	44.7	23000
Sremska Mitrovica	RS	45.0	39084
Stara Pazova	RS	45.0	16217
Subotica	RS	46.1	100000
Trstenik	RS	43.6	49043
Užice	RS	43.9	63577
Valjevo	RS	44.3	61035
Vranje	RS	42.6	56199
Vrbas	RS	45.6	25907
Vršac	RS	45.1	36300
Zaječar	RS	43.9	49800
Zemun	RS	44.8	155591
Zrenjanin	RS	45.4	79773
Abakan	RU	53.7	184168
Abaza	RU	52.7	18094
Abdulino	RU	53.7	21195
Abinsk	RU	44.9	34668
Achinsk	RU	56.3	117634
Achkhoy-Martan	RU	43.2	16779
Adler	RU	43.4	70200
Admiralteisky	RU	59.9	157897
Afipskiy	RU	44.9	18209
Agidel’	RU	55.9	19217
Aginskoye	RU	51.1	17496
Agryz	RU	56.5	18601
Akademgorodok	RU	54.9	50000
Akademicheskoe	RU	60.0	103304
Akhtubinsk	RU	48.3	44551
Akhtyrskiy	RU	44.9	19468
Aksay	RU	47.3	38871
Al’met’yevsk	RU	54.9	140437
Alagir	RU	43.0	19665
Alapayevsk	RU	57.8	44000
Alatyr’	RU	54.8	42156
Aldan	RU	58.6	24426
Aleksandrov	RU	56.4	64088
Aleksandrovsk	RU	59.2	15486
Aleksandrovskoye	RU	44.7	28006
Alekseyevka	RU	55.6	78000
Aleksin	RU	54.5	66885
Alexeyevka	RU	50.6	39848
Aleysk	RU	52.5	28019
Altuf’yevskiy	RU	55.9	54000
Amin’yevo	RU	55.7	30000
Amursk	RU	50.2	46993
Anadyr	RU	64.7	15604
Anapa	RU	44.9	53600
Andreyevskoye	RU	55.6	20000
Angarsk	RU	52.6	243158
Anna	RU	51.5	19148
Annino	RU	55.6	30000
Anzhero-Sudzhensk	RU	56.1	82526
Apatity	RU	67.6	61186
Aprelevka	RU	55.6	17780
Apsheronsk	RU	44.5	40451
Aramil	RU	56.7	15237
Ardon	RU	43.2	18313
Argun	RU	43.3	28100
Arkhangel’sk	RU	64.5	349742
Armavir	RU	45.0	199548
Arsen’yev	RU	44.2	58700
Arsk	RU	56.1	17243
Artëm	RU	43.4	102300
Artëmovskiy	RU	57.4	33700
Arzamas	RU	55.4	109479
Arzgir	RU	45.4	15838
Asbest	RU	57.0	74583
Asha	RU	55.0	33006
Asino	RU	57.0	27070
Astrakhan	RU	46.3	533925
Atkarsk	RU	51.9	27554
Avtovo	RU	59.9	44667
Avtury	RU	43.2	18370
Aykhal	RU	65.9	15267
Aznakayevo	RU	54.9	34750
Azov	RU	47.1	82133
Babushkin	RU	55.9	86000
Bagayevskaya	RU	47.3	15300
Bakal	RU	54.9	21762
Baksan	RU	43.7	37519
Balabanovo	RU	55.2	30194
Balakovo	RU	52.0	199572
Balashikha	RU	55.8	150103
Balashov	RU	51.6	98107
Balezino	RU	58.0	16618
Baltiysk	RU	54.7	34540
Barabinsk	RU	55.4	31508
Barnaul	RU	53.4	632372
Barysh	RU	53.6	18547
Bataysk	RU	47.1	109962
Bavly	RU	54.4	22982
Baykal’sk	RU	51.5	15600
Baymak	RU	52.6	17493
Belaya Glina	RU	46.1	17997
Belaya Kalitva	RU	48.2	47521
Belebey	RU	54.1	62582
Belëv	RU	53.8	15300
Belgorod	RU	50.6	345289
Belidzhi	RU	41.9	16078
Belogorsk	RU	50.9	67911
Beloozyorskiy	RU	55.5	18297
Belorechensk	RU	44.8	54526
Beloretsk	RU	54.0	70468
Belovo	RU	54.4	75764
Beloyarskiy	RU	63.7	20087
Belyy Yar	RU	61.3	16772
Berdsk	RU	54.8	90250
Berezniki	RU	59.4	167748
Berëzovka	RU	56.0	20913
Berëzovskiy	RU	55.7	55000
Beryozovsky	RU	56.9	47000
Beslan	RU	43.2	35604
Bezenchuk	RU	53.0	23736
Bezhetsk	RU	57.8	28114
Bibirevo	RU	55.9	159000
Bikin	RU	46.8	19659
Birobidzhan	RU	48.8	73623
Birsk	RU	55.4	41014
Biryulëvo	RU	55.6	144000
Biryulëvo Zapadnoye	RU	55.6	89000
Biysk	RU	52.5	215430
Blagodarnyy	RU	45.1	35995
Blagoveshchensk	RU	50.3	225091
Bobrov	RU	51.1	20587
Bodaybo	RU	57.9	15933
Bogdanovich	RU	56.8	32270
Bogoroditsk	RU	53.8	30216
Bogorodsk	RU	56.1	36652
Bogorodskoye	RU	55.8	103000
Bogotol	RU	56.2	23622
Boguchar	RU	49.9	15048
Boksitogorsk	RU	59.5	17366
Bol’shaya Setun’	RU	55.7	20000
Bol'šoj Kamen'	RU	43.1	40387
Bologoye	RU	57.9	25142
Bolotnoye	RU	55.7	17704
Bor	RU	56.4	60647
Borisoglebsk	RU	51.4	68597
Borodino	RU	55.9	19602
Borovichi	RU	58.4	56571
Borovskiy	RU	57.0	15406
Borzya	RU	50.4	30421
Brateyevo	RU	55.6	102000
Bratsk	RU	56.1	256600
Bronnitsy	RU	55.4	18645
Bryansk	RU	53.3	427236
Bryukhovetskaya	RU	45.8	22309
Budyonnovsk	RU	44.8	67962
Bugulma	RU	54.5	91900
Buguruslan	RU	53.7	53511
Buinsk	RU	55.0	20266
Buturlinovka	RU	50.8	28581
Buy	RU	58.5	26486
Buynaksk	RU	42.8	62689
Buzuluk	RU	52.8	87714
Centralniy	RU	59.9	214625
Chapayevsk	RU	53.0	70147
Chaykovskiy	RU	56.8	86712
Chebarkul’	RU	55.0	46502
Cheboksary	RU	56.1	492331
Chegem	RU	43.6	18000
Chekhov	RU	55.1	75643
Chelyabinsk	RU	55.2	1202371
Cheremkhovo	RU	53.1	57395
Cherëmushki	RU	55.7	106587
Cherepanovo	RU	54.2	20125
Cherepovets	RU	59.1	315738
Cherkessk	RU	44.2	122395
Chernaya Rechka	RU	60.0	56429
Chernogolovka	RU	56.0	20483
Chernogorsk	RU	53.8	71582
Chernushka	RU	56.5	35942
Chernyakhovsk	RU	54.6	45187
Chernyanka	RU	50.9	15261
Chertanovo Yuzhnoye	RU	55.6	142000
Chigiri	RU	50.3	18538
Chishmy	RU	54.6	22000
Chistopol’	RU	55.4	62200
Chita	RU	52.0	349005
Chudovo	RU	59.1	17377
Chunskiy	RU	56.1	16199
Chusovoy	RU	58.3	50205
Dachnoye	RU	59.8	72822
Dagestanskiye Ogni	RU	42.1	27835
Dagomys	RU	43.7	20000
Dalnegorsk	RU	44.6	38424
Dalnerechensk	RU	45.9	28300
Danilov	RU	58.2	16808
Dankov	RU	53.2	22913
Davlekanovo	RU	54.2	23952
Davydkovo	RU	55.7	30000
Dedovsk	RU	55.9	27001
Degtyarsk	RU	56.7	15294
Derbent	RU	42.1	105965
Desnogorsk	RU	54.2	32451
Dimitrovgrad	RU	54.2	132226
Dinskaya	RU	45.2	34573
Divnogorsk	RU	56.0	30018
Divnoye	RU	45.9	15700
Dmitrov	RU	56.3	61607
Dobryanka	RU	58.5	33291
Dolgoprudnyy	RU	55.9	68259
Domodedovo	RU	55.4	53887
Donetsk	RU	48.3	50850
Donskoy	RU	54.0	31968
Donskoye	RU	45.5	15469
Dorogomilovo	RU	55.7	68000
Drozhzhino	RU	55.5	32345
Dubna	RU	56.7	60604
Dubovka	RU	49.1	15217
Dudinka	RU	69.4	23619
Dugulubgey	RU	43.7	20965
Dyat’kovo	RU	53.6	25000
Dyurtyuli	RU	55.5	31087
Dzerzhinsk	RU	56.2	233126
Dzerzhinskiy	RU	55.6	41146
Dzerzhinsky	RU	55.6	47163
Ekazhevo	RU	43.2	25549
Elektrogorsk	RU	55.9	20724
Elektrostal’	RU	55.8	144387
Elektrougli	RU	55.7	20000
Elista	RU	46.3	106971
Enem	RU	44.9	17665
Engels	RU	51.5	196011
Ezhva	RU	61.8	56000
Fedorovskiy	RU	61.6	23375
Fili	RU	55.7	80000
Finlyandskiy	RU	60.0	72292
Fokino	RU	43.0	25827
Frolovo	RU	49.8	40882
Fryazevo	RU	55.7	53212
Fryazino	RU	56.0	52255
Furmanov	RU	57.3	38380
Gagarin	RU	55.6	28879
Galich	RU	58.4	18594
Gatchina	RU	59.6	89761
Gavrilov-Yam	RU	57.3	17351
Gay	RU	51.5	41619
Gelendzhik	RU	44.6	50715
Georgiyevsk	RU	44.1	72649
Giaginskaya	RU	44.9	15169
Glazov	RU	58.1	100676
Gol’yanovo	RU	55.8	158000
Golitsyno	RU	55.6	16056
Gorelovo	RU	59.8	22503
Gorno-Altaysk	RU	52.0	63214
Gornyak	RU	51.0	15668
Gorod Shebekino	RU	50.4	39680
gorod Solnetchnogorsk	RU	56.2	62000
Gorodets	RU	56.7	31788
Gorodishche	RU	48.8	19509
Goryachevodskiy	RU	44.0	35075
Goryachiy Klyuch	RU	44.6	28078
Grazhdanka	RU	60.0	71128
Gribanovskiy	RU	51.5	17220
Grozny	RU	43.3	297137
Gryazi	RU	52.5	47413
Gryazovets	RU	58.9	16133
Gubakha	RU	58.8	26605
Gubkin	RU	51.3	87000
Gubkinskiy	RU	64.4	20463
Gudermes	RU	43.4	32769
Gukovo	RU	48.1	66079
Gul’kevichi	RU	45.4	34953
Gur’yevsk	RU	54.3	25000
Gus’-Khrustal’nyy	RU	55.6	62746
Gusev	RU	54.6	28690
Gusinoozyorsk	RU	51.3	24083
Igra	RU	57.6	22033
Il’skiy	RU	44.8	22970
Ilanskiy	RU	56.2	16668
Inozemtsevo	RU	44.1	28779
Inta	RU	66.0	32080
Inza	RU	53.9	19737
Ipatovo	RU	45.7	29073
Irbit	RU	57.7	41647
Irkutsk	RU	52.3	623869
Isakogorka	RU	64.4	28571
Ishim	RU	56.1	67762
Ishimbay	RU	53.4	70421
Isil’kul’	RU	54.9	20050
Iskitim	RU	54.6	61827
Istra	RU	55.9	33390
Ivanovo	RU	57.0	406113
Ivanovskoye	RU	55.8	128000
Ivanteyevka	RU	56.0	51085
Ivdel’	RU	60.7	19379
Izberbash	RU	42.6	42121
Izhevsk	RU	56.9	648213
Izluchinsk	RU	61.0	18000
Izmaylovo	RU	55.8	104000
Izobil’nyy	RU	45.4	39022
Kabanovo	RU	55.7	23414
Kachkanar	RU	58.7	43983
Kalach	RU	50.4	20449
Kalach-na-Donu	RU	48.7	27522
Kalachinsk	RU	55.1	24059
Kaliningrad	RU	54.7	475056
Kalininsk	RU	51.5	18685
Kalininskiy	RU	60.0	504641
Kaltan	RU	53.5	25903
Kaluga	RU	54.5	340851
Kamen’-na-Obi	RU	53.8	44564
Kamenka	RU	53.2	33060
Kamensk-Shakhtinsky	RU	48.3	75814
Kamensk-Ural’skiy	RU	56.4	182500
Kamyshin	RU	50.1	128626
Kamyshlov	RU	56.8	28006
Kamyzyak	RU	46.1	16191
Kanash	RU	55.5	49886
Kandalaksha	RU	67.2	38431
Kanevskaya	RU	46.1	45334
Kansk	RU	56.2	101502
Kantyshevo	RU	43.2	17363
Kapotnya	RU	55.6	29594
Karabanovo	RU	56.3	15615
Karabash	RU	55.5	15630
Karabulak	RU	43.3	34511
Karachayevsk	RU	43.8	20264
Karachev	RU	53.1	19757
Karasuk	RU	53.7	28589
Karpinsk	RU	59.8	30070
Kartaly	RU	53.1	28503
Kashin	RU	57.4	16598
Kashira	RU	54.8	40084
Kasimov	RU	54.9	35355
Kasli	RU	55.9	17911
Kaspiysk	RU	42.9	81752
Kastanayevo	RU	55.7	20000
Katav-Ivanovsk	RU	54.8	19339
Kataysk	RU	56.3	15619
Kavalerovo	RU	44.3	16945
Kayyerkan	RU	69.4	27295
Kazan	RU	55.8	1243500
Kedrovka	RU	55.5	17752
Kemerovo	RU	55.4	558973
Khabarovsk	RU	48.5	618150
Khadyzhensk	RU	44.4	21685
Khanty-Mansiysk	RU	61.0	101466
Kharabali	RU	47.4	18223
Khasavyurt	RU	43.2	126829
Khimki	RU	55.9	239967
Kholmsk	RU	47.0	32681
Kholmskiy	RU	44.8	17494
Khoroshëvo-Mnevniki	RU	55.8	159000
Khosta	RU	43.5	20000
Khot'kovo	RU	56.3	20872
Kimovsk	RU	54.0	31947
Kimry	RU	56.9	52070
Kinel’	RU	53.2	34336
Kinel’-Cherkassy	RU	53.5	18393
Kineshma	RU	57.4	92983
Kingisepp	RU	59.4	50566
Kireyevsk	RU	53.9	25513
Kirishi	RU	59.5	56190
Kirov	RU	58.6	507155
Kirovgrad	RU	57.4	22685
Kirovo-Chepetsk	RU	58.6	90252
Kirovsk	RU	67.6	29605
Kirsanov	RU	52.7	17975
Kirzhach	RU	56.2	30566
Kiselëvsk	RU	54.0	104000
Kisilevsk	RU	54.0	83431
Kislovodsk	RU	43.9	132771
Kizel	RU	59.0	21807
Kizilyurt	RU	43.2	33411
Kizlyar	RU	43.8	50564
Klimovsk	RU	55.4	55206
Klin	RU	56.3	80778
Klintsy	RU	52.8	66336
Kochenëvo	RU	55.0	16446
Kochubeyevskoye	RU	44.6	28491
Kodinsk	RU	58.6	15670
Kogalym	RU	62.3	57800
Kokhma	RU	56.9	28984
Kol’chugino	RU	56.3	45912
Kolomenskoye	RU	55.7	30000
Kolomna	RU	55.1	147690
Kolomyagi	RU	60.0	39945
Kolpashevo	RU	58.3	27876
Kolpino	RU	59.8	138979
Komendantsky aerodrom	RU	60.0	84052
Kommunar	RU	59.6	17358
Komsomolsk-on-Amur	RU	50.6	275908
Konakovo	RU	56.7	42239
Kondopoga	RU	62.2	34360
Konstantinovsk	RU	47.6	18876
Kopeysk	RU	55.1	70780
Korenovsk	RU	45.5	41665
Korkino	RU	54.9	40046
Korolev	RU	55.9	139798
Korsakov	RU	46.6	35091
Koryazhma	RU	61.3	42627
Kosaya Gora	RU	54.1	17836
Kostomuksha	RU	64.6	30135
Kostroma	RU	57.8	277280
Kotel’nich	RU	58.3	27600
Kotel’niki	RU	55.7	18300
Kotel’nikovo	RU	47.6	19622
Kotlas	RU	61.3	59180
Kotlovka	RU	55.7	64000
Kotovo	RU	50.3	26981
Kotovsk	RU	52.6	33077
Kovdor	RU	67.6	19518
Kovrov	RU	56.4	154224
Kovylkino	RU	54.0	21400
Koz’modem’yansk	RU	56.3	22700
Kozel’sk	RU	54.0	19500
Kozeyevo	RU	55.9	50000
Kozhukhovo	RU	55.7	50000
Krasnaya Glinka	RU	53.7	85566
Krasnoarmeysk	RU	51.0	25841
Krasnoarmeyskaya	RU	45.4	29009
Krasnodar	RU	45.0	899541
Krasnogorsk	RU	55.8	92932
Krasnogvardeyskoye	RU	45.8	16169
Krasnogvargeisky	RU	60.0	337091
Krasnokamensk	RU	50.1	54316
Krasnokamsk	RU	58.1	52689
Krasnoobsk	RU	54.9	16894
Krasnoturinsk	RU	59.8	62600
Krasnoufimsk	RU	56.6	43121
Krasnoural’sk	RU	58.4	27257
Krasnovishersk	RU	60.4	18185
Krasnoyarsk	RU	56.0	1090811
Krasnoye Selo	RU	59.7	44323
Krasnoznamensk	RU	55.6	33700
Krasnyy Sulin	RU	47.9	44133
Krestovskiy ostrov	RU	60.0	20000
Kronstadt	RU	60.0	43005
Kropotkin	RU	45.4	79599
Krymsk	RU	44.9	57555
Kstovo	RU	56.1	67242
Kubinka	RU	55.6	25942
Kudepsta	RU	43.5	17000
Kudrovo	RU	59.9	30000
Kudymkar	RU	59.0	31596
Kukmor	RU	56.2	16795
Kulebaki	RU	55.4	37622
Kulunda	RU	52.6	15345
Kumertau	RU	52.8	65321
Kungur	RU	57.4	66389
Kuntsevo	RU	55.7	147497
Kupchino	RU	59.9	54198
Kupino	RU	54.4	16333
Kur’yanovo	RU	55.7	30000
Kurchaloy	RU	43.2	20903
Kurchatov	RU	51.7	46600
Kurgan	RU	55.4	309285
Kurganinsk	RU	44.9	47681
Kurortnyy	RU	60.2	70589
Kurovskoye	RU	55.6	19173
Kursk	RU	51.7	448733
Kurtamysh	RU	54.9	17936
Kusa	RU	55.3	19818
Kushchyovskaya	RU	46.6	29915
Kushva	RU	58.3	34058
Kuskovo	RU	55.7	30000
Kuvandyk	RU	51.5	28706
Kuybyshev	RU	55.4	48308
Kuz’minki	RU	55.7	143000
Kuznetsk	RU	53.1	90480
Kyakhta	RU	50.3	18431
Kyshtym	RU	55.7	41625
Kyzyl	RU	51.7	116983
L’govskiy	RU	51.6	23500
Labinsk	RU	44.6	61945
Labytnangi	RU	66.7	27067
Lakinsk	RU	56.0	16706
Langepas	RU	61.3	40000
Lazarevskoye	RU	43.9	30000
Lebedyan’	RU	53.0	22970
Lefortovo	RU	55.8	91000
Leningradskaya	RU	46.3	38712
Leninogorsk	RU	54.6	66263
Leninsk	RU	48.7	15167
Leninsk-Kuznetsky	RU	54.7	109023
Leninskiye Gory	RU	55.7	30000
Lensk	RU	60.7	23694
Leonovo	RU	55.9	30000
Lermontov	RU	44.1	23369
Lesnoy	RU	57.6	55100
Lesosibirsk	RU	58.2	65945
Lesozavodsk	RU	45.5	41778
Levoberezhnyy	RU	55.9	52000
Lianozovo	RU	55.9	86000
Likhobory	RU	55.9	50000
Likino-Dulevo	RU	55.7	31100
Linëvo	RU	54.5	21816
Lipetsk	RU	52.6	509735
Liski	RU	51.0	55939
Livny	RU	52.4	46779
Lobnya	RU	56.0	61772
Lodeynoye Pole	RU	60.7	22164
Lomonosov	RU	59.9	42505
Losino-Petrovskiy	RU	55.9	22116
Luchegorsk	RU	46.4	21833
Luga	RU	58.7	40114
Lukhovitsy	RU	55.0	32387
Luzhniki	RU	55.7	30000
Lyantor	RU	61.6	38200
Lys’va	RU	58.1	68660
Lyskovo	RU	56.0	23570
Lytkarino	RU	55.6	50619
Lyubertsy	RU	55.7	154650
Lyublino	RU	55.7	172000
Lyudinovo	RU	53.9	41392
Magadan	RU	59.6	92782
Magnitogorsk	RU	53.4	413351
Makhachkala	RU	43.0	596356
Malakhovka	RU	55.6	18399
Malgobek	RU	43.5	43400
Maloyaroslavets	RU	55.0	32669
Manturovo	RU	58.3	18817
Mar’ino	RU	55.6	243000
Mariinsk	RU	56.2	43122
Markova	RU	52.2	17756
Marks	RU	51.7	32929
Matveyevskoye	RU	55.7	30000
Maykop	RU	44.6	141970
Mayma	RU	52.0	15428
Mednogorsk	RU	51.4	30676
Medvedevo	RU	56.6	22555
Medvedovskaya	RU	45.5	16941
Medvezh’yegorsk	RU	62.9	16551
Megion	RU	61.0	48691
Melenki	RU	55.3	15902
Meleuz	RU	53.0	65362
Mendeleyevsk	RU	55.9	22969
Menzelinsk	RU	55.7	16858
Metallostroy	RU	59.8	26361
Metrogorodok	RU	55.8	50000
Mezgor'e	RU	54.0	15861
Mezhdurechensk	RU	53.7	101026
Miass	RU	55.0	167500
Michurinsk	RU	52.9	93499
Mikhalkovo	RU	55.7	30000
Mikhaylovka	RU	50.1	58898
Mikhaylovsk	RU	45.1	59198
Millerovo	RU	48.9	38527
Mineralnye Vody	RU	44.2	76280
Minusinsk	RU	53.7	72781
Mirny	RU	62.5	40308
Mirnyy	RU	62.8	28000
Monchegorsk	RU	67.9	49868
Monino	RU	55.8	19852
Morozovsk	RU	48.4	29289
Morshansk	RU	53.4	43311
Moscow	RU	55.8	10381222
Moskovskiy	RU	55.6	15435
Mostovskoy	RU	44.4	25188
Mozdok	RU	43.7	40823
Mozhaysk	RU	55.5	31557
Mozhga	RU	56.4	47270
Mtsensk	RU	53.3	47609
Muravlenko	RU	63.8	39137
Murmansk	RU	69.0	295374
Murom	RU	55.6	126931
Myski	RU	53.7	44082
Mytishchi	RU	55.9	160542
Naberezhnyye Chelny	RU	55.7	509870
Nadym	RU	65.5	46339
Nagornyy	RU	55.6	76000
Nakhabino	RU	55.8	31715
Nakhodka	RU	42.8	146920
Nalchik	RU	43.5	239300
Nar'yan-Mar	RU	67.6	18041
Narian-Mar	RU	67.7	22912
Naro-Fominsk	RU	55.4	72632
Nartkala	RU	43.6	33390
Nazarovo	RU	56.0	55252
Nazran	RU	43.2	164131
Neftegorsk	RU	52.8	19542
Neftekamsk	RU	56.1	126805
Neftekumsk	RU	44.8	27716
Nefteyugansk	RU	61.1	112632
Nelidovo	RU	56.2	25349
Nerchinsk	RU	52.0	15360
Nerekhta	RU	57.5	25352
Neryungri	RU	56.7	66320
Nesterovskaya	RU	43.2	19186
Nev’yansk	RU	57.5	25900
Nevel’	RU	56.0	17832
Nevel’sk	RU	46.7	17000
Nevinnomyssk	RU	44.6	134345
Nezlobnaya	RU	44.1	18412
Nikel	RU	69.4	15596
Nikol’sk	RU	53.7	24300
Nikol’skoye	RU	55.7	50000
Nikolayevsk	RU	50.0	16044
Nikolayevsk-on-Amure	RU	53.1	27152
Nikulino	RU	55.7	30000
Nizhnekamsk	RU	55.6	234297
Nizhnesortymskiy	RU	62.4	15204
Nizhneudinsk	RU	54.9	38723
Nizhnevartovsk	RU	60.9	244937
Nizhniy Lomov	RU	53.5	23835
Nizhniy Novgorod	RU	56.3	1259013
Nizhny Tagil	RU	57.9	381116
Nizhnyaya Salda	RU	58.1	17473
Nizhnyaya Tura	RU	58.6	22600
Noginsk	RU	55.9	115979
Norilsk	RU	69.4	140800
Novaya Balakhna	RU	56.5	63083
Novaya Derevnya	RU	60.0	20000
Novaya Usman’	RU	51.6	22165
Novo-Peredelkino	RU	55.6	115536
Novoaleksandrovsk	RU	45.5	27610
Novoaltaysk	RU	53.4	61050
Novoanninskiy	RU	50.5	19231
Novocheboksarsk	RU	56.1	128468
Novocherkassk	RU	47.4	166974
Novodvinsk	RU	64.4	42900
Novogireyevo	RU	55.8	95000
Novokhovrino	RU	55.9	50000
Novokubansk	RU	45.1	36401
Novokuybyshevsk	RU	53.1	111800
Novokuz’minki	RU	55.7	50000
Novokuznetsk	RU	53.8	539616
Novomichurinsk	RU	54.0	20821
Novomoskovsk	RU	54.0	130982
Novopavlovsk	RU	44.0	24408
Novopokrovskaya	RU	46.0	19342
Novorossiysk	RU	44.7	241856
Novoshakhtinsk	RU	47.8	99478
Novosibirsk	RU	55.0	1612833
Novosilikatnyy	RU	53.3	15241
Novotitarovskaya	RU	45.2	22630
Novotroitsk	RU	51.2	106186
Novoul’yanovsk	RU	54.1	17139
Novoural’sk	RU	57.3	93849
Novouzensk	RU	50.5	16932
Novovladykino	RU	55.9	50000
Novovoronezh	RU	51.3	37392
Novozybkov	RU	52.5	42571
Novy Oskol	RU	50.8	21035
Novyy Urengoy	RU	66.1	94212
Novyye Cherëmushki	RU	55.7	101000
Novyye Kuz’minki	RU	55.7	143000
Noyabrsk	RU	63.2	110000
Nurlat	RU	54.4	34451
Nyagan	RU	62.1	52137
Nyandoma	RU	61.7	22179
Nytva	RU	57.9	20525
Ob’	RU	55.0	24238
Obninsk	RU	55.1	107392
Obruchevo	RU	55.7	85616
Obukhovo	RU	59.8	45664
Ochakovo-Matveyevskoye	RU	55.7	114000
Ochër	RU	57.9	15395
Odintsovo	RU	55.7	137041
Okha	RU	53.6	26560
Oktyabr’sk	RU	53.2	26306
Oktyabrsky	RU	54.5	108200
Olenegorsk	RU	68.1	23670
Omsk	RU	55.0	1172070
Omutninsk	RU	58.7	25364
Onega	RU	63.9	22693
Orekhovo-Borisovo	RU	55.6	144000
Orekhovo-Borisovo Severnoye	RU	55.6	128000
Orekhovo-Zuyevo	RU	55.8	120000
Orël	RU	53.0	303696
Orenburg	RU	51.8	564773
Orlovskiy	RU	46.9	19325
Orsk	RU	51.2	246836
Osa	RU	57.3	23292
Osinniki	RU	53.6	48919
Ostankinskiy	RU	55.8	60000
Ostashkov	RU	57.1	19563
Ostrogozhsk	RU	50.9	34403
Ostrov	RU	57.3	24500
Otradnaya	RU	44.4	22985
Otradnoye	RU	59.8	21397
Otradnyy	RU	53.4	50127
Ozerki	RU	60.0	95000
Ozersk	RU	55.8	81023
Ozëry	RU	54.9	25900
Pallasovka	RU	50.0	17139
Parnas	RU	60.1	66693
Partizansk	RU	43.1	42489
Pashkovskiy	RU	45.0	43634
Pavlovo	RU	56.0	63338
Pavlovsk	RU	50.5	26565
Pavlovskaya	RU	46.1	31133
Pavlovskiy Posad	RU	55.8	60051
Pechora	RU	65.1	46113
Penza	RU	53.2	523553
Pereslavl’-Zalesskiy	RU	56.7	40283
Perm	RU	58.0	982419
Persianovka	RU	47.5	15730
Pervouralsk	RU	56.9	133600
Pestovo	RU	58.6	15910
Peterhof	RU	59.9	73199
Petrodvorets	RU	59.9	61973
Petrogradka	RU	60.0	130455
Petropavlovsk-Kamchatsky	RU	53.1	181216
Petrovsk	RU	52.3	33622
Petrovsk-Zabaykal’skiy	RU	51.3	19713
Petrovskaya	RU	55.5	30000
Petrozavodsk	RU	61.8	279190
Petushki	RU	55.9	15866
Pikalëvo	RU	59.5	22072
Plast	RU	54.4	17050
Plavsk	RU	53.7	16763
Pochep	RU	52.9	15100
Podolsk	RU	55.4	179400
Podporozh’ye	RU	60.9	19600
Pokachi	RU	61.7	17084
Pokhvistnevo	RU	53.7	28300
Pokrov	RU	55.9	15867
Pokrovskoye-Streshnëvo	RU	55.8	55000
Polevskoy	RU	56.4	65770
Polyarnyy	RU	69.2	17332
Polyarnyye Zori	RU	67.4	15092
Polysayevo	RU	54.6	28026
Poronaysk	RU	49.2	16677
Povorino	RU	51.2	18004
Poykovskiy	RU	61.0	28080
Presnenskiy	RU	55.8	122000
Pridonskoy	RU	51.7	16896
Primorsko-Akhtarsk	RU	46.0	33102
Priozërsk	RU	61.0	18300
Privolzhsk	RU	57.4	17864
Privolzhskiy	RU	51.4	31849
Priyutovo	RU	53.9	20847
Prokhladnyy	RU	43.8	60800
Prokop’yevsk	RU	53.9	219000
Proletarsk	RU	46.7	19493
Promyshlennaya	RU	54.9	17216
Protvino	RU	54.9	37329
Pskov	RU	57.8	210501
Pugachëv	RU	52.0	41375
Pushchino	RU	54.8	20072
Pushkin	RU	59.7	92889
Pushkino	RU	56.0	102816
Pyatigorsk	RU	44.0	142865
Pyt-Yakh	RU	60.7	41500
Raduzhny	RU	62.1	47679
Raduzhnyy	RU	56.0	17811
Ramenki	RU	55.7	130000
Ramenskoye	RU	55.6	96000
Rasskazovo	RU	52.7	45957
Raychikhinsk	RU	49.8	23745
Rayevskiy	RU	54.1	20060
Razumnoye	RU	50.5	15529
Reftinskiy	RU	57.1	17673
Reutov	RU	55.8	78370
Revda	RU	56.8	61785
Rezh	RU	57.4	37420
Rodniki	RU	57.1	27681
Roshal’	RU	55.7	21951
Roslavl’	RU	54.0	56971
Rossosh’	RU	51.1	64323
Rostokino	RU	55.8	37000
Rostov Veliky	RU	57.2	31039
Rostov-on-Don	RU	47.2	1130305
Rtishchevo	RU	52.3	44013
Rublëvo	RU	55.8	20000
Rubtsovsk	RU	51.5	161065
Ruzayevka	RU	54.1	49311
Ryazan’	RU	54.6	538962
Ryazanskiy	RU	55.7	101000
Ryazhsk	RU	53.7	22041
Rybatskoye	RU	59.8	55076
Rybinsk	RU	58.0	216724
Rybnoye	RU	54.7	19159
Ryl’sk	RU	51.6	17007
Rzhev	RU	56.3	62246
Safonovo	RU	55.1	46000
Saint Petersburg	RU	59.9	5351935
Sal’sk	RU	46.5	61000
Salavat	RU	53.4	159893
Salekhard	RU	66.5	49214
Samara	RU	53.2	1163399
Sampsonievskiy	RU	60.0	39318
Saraktash	RU	51.8	17413
Saransk	RU	54.2	318841
Sarapul	RU	56.5	98830
Saratov	RU	51.5	844858
Sarov	RU	54.9	88000
Sasovo	RU	54.4	29858
Satka	RU	55.0	49384
Sayanogorsk	RU	53.1	49939
Sayansk	RU	54.1	43949
Segezha	RU	63.7	33354
Sel’tso	RU	53.4	18167
Semender	RU	43.0	15691
Semënov	RU	56.8	24300
Semënovskoye	RU	55.7	50000
Semikarakorsk	RU	47.5	23583
Semiluki	RU	51.7	26257
Serdobsk	RU	52.5	36652
Sergach	RU	55.5	22361
Sergiyev Posad	RU	56.3	109252
Serov	RU	59.6	98438
Serpukhov	RU	54.9	128158
Sertolovo	RU	60.1	43622
Sestroretsk	RU	60.1	37248
Setun’	RU	55.7	20000
Severnyy	RU	55.9	200000
Severo-Zadonsk	RU	54.0	16569
Severobaykal’sk	RU	55.6	25800
Severodvinsk	RU	64.6	194292
Severomorsk	RU	69.1	53921
Severoural’sk	RU	60.2	33500
Seversk	RU	56.6	109844
Severskaya	RU	44.9	22849
Shadrinsk	RU	56.1	79479
Shakhty	RU	47.7	221312
Shakhun’ya	RU	57.7	22400
Shali	RU	43.1	25000
Shar’ya	RU	58.4	29800
Sharypovo	RU	55.5	42773
Shatura	RU	55.6	30069
Shchëkino	RU	54.0	60700
Shcherbinka	RU	55.5	28065
Shchigry	RU	51.9	19198
Shchukino	RU	55.8	102000
Shchyolkovo	RU	55.9	113000
Shebekino	RU	50.4	45194
Sheksna	RU	59.2	21197
Shelekhov	RU	52.2	47459
Shilovo	RU	54.3	16159
Shimanovsk	RU	52.0	21466
Shumerlya	RU	55.5	35220
Shumikha	RU	55.2	18499
Shushary	RU	59.8	15503
Shushenskoye	RU	53.3	18770
Shuya	RU	56.8	60705
Sibay	RU	52.7	61590
Sim	RU	55.0	15632
Skhodnya	RU	55.9	18897
Skopin	RU	53.8	24357
Slantsy	RU	59.1	36209
Slavgorod	RU	53.0	34141
Slavyansk-na-Kubani	RU	45.3	65196
Slobodka	RU	55.9	20000
Slobodskoy	RU	58.7	32361
Slyudyanka	RU	51.7	18809
Smolensk	RU	54.8	330025
Snezhinsk	RU	56.1	50086
Sobinka	RU	56.0	20458
Sochi	RU	43.6	327608
Sofrino	RU	56.1	15265
Sokol	RU	55.8	57000
Sokol’niki	RU	55.8	57000
Sol’-Iletsk	RU	51.2	27419
Solikamsk	RU	59.7	100812
Solnechnogorsk	RU	56.2	58891
Solntsevo	RU	55.6	120000
Sorochinsk	RU	52.4	30731
Sortavala	RU	61.7	20760
Sosnogorsk	RU	63.6	29343
Sosnovaya Polyana	RU	59.8	48271
Sosnovka	RU	60.0	66227
Sosnovoborsk	RU	56.1	31632
Sosnovyy Bor	RU	59.9	68563
Sovetsk	RU	55.1	43309
Sovetskaya Gavan’	RU	49.0	29740
Sovetskiy	RU	61.4	23685
Spassk-Dal’niy	RU	44.6	45265
Sredneuralsk	RU	57.0	20169
Staraya Derevnya	RU	60.0	35000
Staraya Kupavna	RU	55.8	22099
Staraya Russa	RU	58.0	34303
Starodub	RU	52.6	18539
Starominskaya	RU	46.5	30461
Staroshcherbinovskaya	RU	46.6	18785
Staryy Malgobek	RU	43.5	46334
Staryy Oskol	RU	51.3	226977
Stavropol	RU	45.0	433931
Sterlitamak	RU	53.6	267231
Strezhevoy	RU	60.7	44784
Strogino	RU	55.8	152000
Stroitel	RU	50.8	18636
Strunino	RU	56.4	15483
Stupino	RU	54.9	60999
Sukhinichi	RU	54.1	16100
Sukhoy Log	RU	56.9	36329
Sunzha	RU	43.3	71841
Surgut	RU	61.3	300367
Surkhakhi	RU	43.2	16215
Surovikino	RU	48.6	20677
Suvorov	RU	54.1	21059
Suvorovskaya	RU	44.2	17261
Suzun	RU	53.8	15365
Svetlanovskiy	RU	60.0	85508
Svetlograd	RU	45.3	39727
Svetlyy	RU	54.7	22119
Svetogorsk	RU	61.1	15733
Sviblovo	RU	55.9	60000
Svobodnyy	RU	51.4	61017
Svobody	RU	44.0	17661
Syktyvkar	RU	61.7	245083
Sysert’	RU	56.5	21942
Syzran	RU	53.2	189338
Taganrog	RU	47.2	279056
Taganskiy	RU	55.7	116000
Tal’menka	RU	53.8	18900
Talitsa	RU	56.9	19100
Talnakh	RU	69.5	59051
Tambov	RU	52.7	293661
Tara	RU	56.9	26986
Tarko-Sale	RU	64.9	18568
Tashtagol	RU	52.8	22779
Tatarsk	RU	55.2	25150
Tavda	RU	58.0	39480
Tayga	RU	56.1	24328
Tayshet	RU	55.9	37766
Tbilisskaya	RU	45.4	24446
Tekstil’shchiki	RU	55.7	100000
Temryuk	RU	45.3	36546
Terek	RU	43.5	21180
Teykovo	RU	56.9	36015
Tikhoretsk	RU	45.9	64387
Tikhvin	RU	59.6	62075
Timashyovsk	RU	45.6	53940
Tobolsk	RU	58.2	113800
Toguchin	RU	55.2	21886
Tolyatti	RU	53.5	702879
Tomilino	RU	55.7	28310
Tomsk	RU	56.5	574002
Topki	RU	55.3	30572
Torzhok	RU	57.0	48546
Tosno	RU	59.5	40198
Trëkhgornyy	RU	54.8	34500
Troitsk	RU	54.1	82338
Troitskaya	RU	43.3	23745
Troparëvo	RU	55.7	118000
Trubchevsk	RU	52.6	16100
Trudovoye	RU	43.3	18484
Tsaritsyno	RU	55.6	123000
Tsimlyansk	RU	47.6	15341
Tsotsin-Yurt	RU	43.2	15970
Tuapse	RU	44.1	64234
Tuchkovo	RU	55.6	16826
Tula	RU	54.2	482873
Tulun	RU	54.6	51330
Turinsk	RU	58.0	18555
Tutayev	RU	57.9	43828
Tuymazy	RU	54.6	68829
Tver	RU	56.9	420065
Tynda	RU	55.1	37335
Tyoply Stan	RU	55.6	125000
Tyrnyauz	RU	43.4	20104
Tyumen	RU	57.2	768358
Uchaly	RU	54.4	37788
Uchkeken	RU	43.9	15118
Udachny	RU	66.4	15266
Udomlya	RU	57.9	32373
Ufa	RU	54.7	1120547
Uglich	RU	57.5	37732
Ukhta	RU	63.6	102187
Ulan-Ude	RU	51.8	360278
Ulyanovsk	RU	54.3	626540
Unecha	RU	52.8	29028
Untolovo	RU	60.0	50000
Uray	RU	60.1	39878
Uritsk	RU	59.8	55037
Urus-Martan	RU	43.1	41480
Uryupinsk	RU	50.8	41644
Usinsk	RU	66.0	44078
Usman’	RU	52.0	19910
Usol’ye-Sibirskoye	RU	52.8	85900
Ussuriysk	RU	43.8	157068
Ust’-Dzheguta	RU	44.1	34001
Ust’-Ilimsk	RU	58.0	100271
Ust’-Katav	RU	54.9	25046
Ust’-Kut	RU	56.8	48202
Ust’-Labinsk	RU	45.2	44088
Uva	RU	57.0	19143
Uvarovo	RU	52.0	28771
Uzhur	RU	55.3	15637
Uzlovaya	RU	54.0	58458
Vagonoremont	RU	55.9	50000
Valday	RU	58.0	18549
Valuyki	RU	50.2	35887
Vanino	RU	49.1	18618
Vasil’yevo	RU	55.8	16800
Vasyl'evsky Ostrov	RU	59.9	203058
Vatutino	RU	55.9	50000
Vel’sk	RU	61.1	23126
Velikiy Novgorod	RU	58.5	222868
Velikiy Ustyug	RU	60.8	32642
Velikiye Luki	RU	56.3	103149
Venëv	RU	54.4	15700
Vereshchagino	RU	58.1	22451
Verkhniy Ufaley	RU	56.1	33245
Verkhnyaya Pyshma	RU	57.0	59061
Verkhnyaya Salda	RU	58.0	48992
Veshnyaki	RU	55.7	122000
Vichuga	RU	57.2	39071
Vidnoye	RU	55.6	51721
Vikhorevka	RU	56.1	22500
Vilyuchinsk	RU	52.9	25204
Vladikavkaz	RU	43.0	306258
Vladimir	RU	56.1	357024
Vladivostok	RU	43.1	604901
Vnukovo	RU	55.6	20000
Vol’sk	RU	52.0	70500
Volgodonsk	RU	47.5	167731
Volgograd	RU	48.7	1013533
Volgorechensk	RU	57.4	17700
Volkhov	RU	59.9	45673
Vologda	RU	59.2	312420
Volokolamsk	RU	56.0	25000
Volzhsk	RU	55.9	58000
Volzhsky	RU	48.8	323293
Vorgashor	RU	67.6	18946
Vorkuta	RU	67.5	80039
Vorob’yovo	RU	55.7	30000
Voronezh	RU	51.7	1047549
Voskresensk	RU	55.3	77086
Vostochnoe Degunino	RU	55.9	95000
Vostryakovo	RU	55.7	30000
Votkinsk	RU	57.0	98633
Vrangel’	RU	42.7	20000
Vsevolozhsk	RU	60.0	48224
Vyatskiye Polyany	RU	56.2	39534
Vyaz’ma	RU	55.2	55500
Vyazemskiy	RU	47.5	15247
Vyazniki	RU	56.2	39243
Vyborg	RU	60.7	78633
Vykhino-Zhulebino	RU	55.7	216000
Vyksa	RU	55.3	61664
Vyselki	RU	45.6	18746
Vyshniy Volochëk	RU	57.6	53800
Yablonovskiy	RU	45.0	33431
Yagry	RU	64.6	40000
Yakutsk	RU	62.0	235600
Yalutorovsk	RU	56.7	35892
Yanaul	RU	56.3	27963
Yaransk	RU	57.3	19557
Yaroslavl	RU	57.6	608722
Yaroslavskiy	RU	55.9	91000
Yarovoye	RU	52.9	21195
Yartsevo	RU	55.1	52706
Yasenevo	RU	55.6	180000
Yashkino	RU	55.9	15197
Yasnogorsk	RU	54.5	18022
Yasnyy	RU	51.0	17359
Yefremov	RU	53.1	45497
Yegor’yevsk	RU	55.4	85200
Yegorlykskaya	RU	46.6	17978
Yekaterinburg	RU	56.9	1495066
Yelabuga	RU	55.8	72643
Yelan’	RU	50.9	15181
Yelets	RU	52.6	115688
Yelizavetinskaya	RU	45.0	19306
Yelizovo	RU	53.2	40692
Yemanzhelinsk	RU	54.8	29849
Yemva	RU	62.6	16404
Yeniseysk	RU	58.5	19920
Yershov	RU	51.4	23681
Yessentuki	RU	44.0	81015
Yessentukskaya	RU	44.0	19956
Yeysk	RU	46.7	87814
Yoshkar-Ola	RU	56.6	268272
Yubileyny	RU	55.9	32508
Yugorsk	RU	61.3	30878
Yur’yev-Pol’skiy	RU	56.5	19906
Yurga	RU	55.7	84220
Yushkovo	RU	55.6	25324
Yuzhno-Sakhalinsk	RU	47.0	198973
Yuzhnoural’sk	RU	54.4	39200
Yuzhnyy	RU	53.3	19515
Zagor’ye	RU	55.6	30000
Zainsk	RU	55.3	42044
Zamoskvorech’ye	RU	55.7	55000
Zapolyarnyy	RU	69.4	17789
Zaraysk	RU	54.8	24637
Zarechnyy	RU	53.2	63579
Zarinsk	RU	53.7	52209
Zarya	RU	55.8	27000
Zavety Il’icha	RU	56.0	20000
Zavodoukovsk	RU	56.5	25682
Zavolzh’ye	RU	56.6	42900
Zelenchukskaya	RU	43.9	21117
Zelenodolsk	RU	55.8	99600
Zelenogorsk	RU	56.1	71354
Zelenograd	RU	56.0	215727
Zelenogradsk	RU	55.0	15644
Zelenokumsk	RU	44.4	41306
Zernograd	RU	46.8	29268
Zeya	RU	53.7	26999
Zheleznodorozhnyy	RU	55.7	141648
Zheleznogorsk	RU	52.3	97900
Zheleznogorsk-Ilimskiy	RU	56.6	28456
Zheleznovodsk	RU	44.1	24632
Zherdevka	RU	51.9	16019
Zhigulëvsk	RU	53.4	57094
Zhirnovsk	RU	51.0	17887
Zhukovka	RU	53.5	19690
Zhukovsky	RU	55.6	97200
Zhulebino	RU	55.7	150000
Zima	RU	53.9	33323
Zimovniki	RU	47.1	17678
Zlatoust	RU	55.2	191366
Znamensk	RU	48.6	31922
Zvenigorod	RU	55.7	16395
Zverevo	RU	48.0	24978
Zyablikovo	RU	55.6	129000
Zyuzino	RU	55.7	121000
Bugaragara	RW	-1.3	15732
Bugarama	RW	-2.7	31086
Bushekeri	RW	-2.4	29680
Bushenge	RW	-2.4	22624
Busogo	RW	-1.6	28264
Butare	RW	-2.6	62823
Byumba	RW	-1.6	43134
Cyangugu	RW	-2.5	43866
Cyato	RW	-2.4	26996
Gihombo	RW	-2.2	29843
Gikongoro	RW	-2.5	21029
Gisenyi	RW	-1.7	172357
Gitarama	RW	-2.1	87613
Gitesi	RW	-2.1	24859
Kagano	RW	-2.3	39994
Kamuhanda / Ruyenzi	RW	-2.0	16369
Karambi	RW	-2.3	29726
Karengera	RW	-2.5	32504
Kayonza	RW	-2.0	27059
Kibungo	RW	-2.2	46240
Kibuye	RW	-2.1	48024
Kigali	RW	-1.9	1132686
Kirambo	RW	-2.3	40341
Kirimbi	RW	-2.3	25647
Kora	RW	-1.6	15134
Macuba	RW	-2.3	33319
Mahembe	RW	-2.2	20043
Mugina	RW	-2.1	18586
Muhanga	RW	-2.0	82797
Mukamira	RW	-1.6	19021
Mukingo	RW	-1.5	15695
Musanze	RW	-1.5	153368
Ndera	RW	-1.9	41764
Ngororero	RW	-1.9	38823
Nyabitekeli	RW	-2.4	29293
Nyagatare	RW	-1.3	100000
Nyamata	RW	-2.2	21509
Nyanza	RW	-2.4	32016
Nzega	RW	-2.5	33832
Rangiro	RW	-2.4	17967
Ruhango	RW	-2.2	21478
Rwamagana	RW	-1.9	47203
Shangi	RW	-2.4	28064
Shyorongi	RW	-1.9	43744
Umutara	RW	-1.3	18038
‘Inak	SA	26.5	20038
‘Irqah	SA	24.7	42179
‘Uyūn al Jiwā’	SA	26.5	15619
Abha	SA	18.2	210886
Abqaiq	SA	25.9	29474
Abū ‘Arīsh	SA	17.0	69632
Ad Dawādimī	SA	24.5	86861
Ad Dilam	SA	24.0	35371
Ad Dir‘īyah	SA	24.8	61609
Afif	SA	23.9	45525
Al ‘Aqīq	SA	20.6	19269
Al ‘Awwāmīyah	SA	26.6	26276
Al Badā’i‘ al Wusţá	SA	26.0	48474
Al Bahah	SA	20.0	88419
Al Baţţālīyah	SA	25.4	16606
Al Bukayrīyah	SA	26.1	43229
Al Hufūf	SA	25.4	293179
Al Jubayl	SA	27.0	237274
Al Jumūm	SA	21.6	22207
Al Khabrā’	SA	26.1	16906
Al Khafjī	SA	28.4	54857
Al Kharj	SA	24.2	425300
Al Khurmah	SA	21.9	28491
Al Līth	SA	20.1	72000
Al Mash‘ilīyah	SA	17.8	23252
Al Mithnab	SA	25.9	33341
Al Mubarraz	SA	25.4	290802
Al Munayzilah	SA	25.4	16296
Al Qaţīf	SA	26.6	98259
Al Wajh	SA	26.2	26636
Al-`Ula	SA	26.6	32413
An Nimas	SA	19.1	24153
Ar Rass	SA	25.9	81728
Arar	SA	31.0	148540
As Sulayyil	SA	20.5	24097
Ash Shafā	SA	21.1	72190
Aţ Ţaraf	SA	25.4	21386
Az Zulfī	SA	26.3	125000
Badr Ḩunayn	SA	23.8	27257
Baljurashi	SA	19.9	51787
Baq‘ā’	SA	27.9	19659
Bariq	SA	18.9	75351
Bīshah	SA	20.0	115537
Buraydah	SA	26.3	745353
Ḑamad	SA	17.1	26079
Dammam	SA	26.4	1252523
Dhahran	SA	26.3	99540
Duba	SA	27.4	22000
Fayfā’	SA	17.3	29793
Ha'il	SA	27.5	605930
Hafar Al-Batin	SA	28.4	271642
Ḩaql	SA	29.3	25649
Ḥawṭah Banī Tamīm	SA	23.5	30720
Jeddah	SA	21.5	4697000
Jizan	SA	16.9	105198
Khamis Mushait	SA	18.3	387553
Khobar	SA	26.3	165799
Khulayş	SA	22.2	20139
King Faisal Military City	SA	28.4	65000
King Khalid Military City	SA	27.9	25356
Laylá	SA	22.3	29698
Madinah	SA	24.5	1300000
Mahd adh Dhahab	SA	23.5	20272
Makkah	SA	21.4	1578722
Najrān	SA	17.5	505652
Qaisumah	SA	28.3	20685
Qurayyat	SA	31.3	102903
Rābigh	SA	22.8	72928
Raḩīmah	SA	26.7	41188
Ranyah	SA	21.3	45942
Ras Tanura	SA	26.7	62314
Riyāḑ al Khabrā’	SA	26.1	25588
Riyadh	SA	24.7	4205961
Rumāḩ	SA	25.6	25031
Sabt Alalayah	SA	19.6	100000
Şabyā	SA	17.1	228375
Şafwá	SA	26.6	45876
Sakakah	SA	30.0	128332
Şāmitah	SA	16.6	26945
Sarāt ‘Abīdah	SA	18.1	19855
Sayhāt	SA	26.5	66702
Shaqra	SA	25.2	32215
Sulţānah	SA	24.5	946697
Ta’if	SA	21.3	688693
Tabuk	SA	28.4	667000
Tārūt	SA	26.6	85371
Taymā’	SA	27.6	37579
Thuqbah	SA	26.3	248888
Thuwal	SA	22.3	26957
Ţubarjal	SA	30.5	40019
Turabah	SA	21.2	23235
Turaif	SA	31.7	40819
Ţurayf	SA	31.7	66014
Turubah	SA	28.3	28279
Umluj	SA	25.0	33874
Unaizah	SA	26.1	183319
Yanbu	SA	24.1	200161
Honiara	SB	-9.4	56298
Kola'a	SB	-9.4	20783
Malango	SB	-9.4	15560
Nggosi	SB	-9.4	26009
Panatina	SB	-9.4	32712
Tandai	SB	-9.4	24592
Vura	SB	-9.4	18753
Victoria	SC	-4.6	22881
'Ārdamatā	SD	13.5	55637
Abu Jibeha	SD	11.5	47188
Abū Zabad	SD	12.3	23317
Abyei	SD	9.6	20000
Ad Dindar	SD	13.2	15144
Ad Douiem	SD	14.0	87068
Ad-Damazin	SD	11.8	186051
Ad-Damir	SD	17.6	103941
Ad-Dindar	SD	13.3	25567
Al Fūlah	SD	11.7	26020
Al Hasaheisa	SD	14.8	47408
Al Ḩawātah	SD	13.4	30184
Al Hilāliyya	SD	14.9	17345
Al Jazeera Aba	SD	13.3	21683
Al Manāqil	SD	14.2	128297
Al Mijlad	SD	11.0	40418
Al Qadarif	SD	14.0	363945
Al Qiţena	SD	14.9	18321
Al-Fashaqah	SD	14.4	21106
Al-Fāw	SD	14.1	30629
Al-Junaynah	SD	13.5	162981
Al-Quṭaynah	SD	14.7	26893
An Nuhūd	SD	12.7	108008
Ar Rahad	SD	12.7	36518
As Sūkī	SD	13.3	33524
Atbara	SD	17.7	112021
Babanūsah	SD	11.3	32759
Bārah	SD	13.7	16969
Berber	SD	18.0	26203
Burām	SD	10.9	65473
Dilling	SD	12.1	59089
Doka	SD	13.5	19821
Dongola	SD	19.2	56167
El Bauga	SD	18.3	19141
El Daein	SD	11.5	264734
El Fasher	SD	13.6	252609
El Geneina Fort	SD	13.5	134264
El Obeid	SD	13.2	393311
Er Roseires	SD	11.9	58712
Gereida	SD	11.3	120000
Ghubaysh	SD	12.2	22733
Jubayt	SD	19.0	30856
Kabkābīyah	SD	13.7	42376
Kadugli	SD	11.0	87666
Kas	SD	12.5	55255
Kassala	SD	15.5	401477
Khartoum	SD	15.6	1974647
Khartoum North	SD	15.6	1012211
Khashm al Qirbah	SD	15.0	42900
Kināna	SD	14.0	26233
Kosti	SD	13.2	345068
Kuraymah	SD	18.6	19593
Kutum	SD	14.2	34694
Maiurno	SD	13.4	28727
Mellit	SD	14.1	50165
New Halfa	SD	15.3	63589
Nyala	SD	12.0	565734
Omdurman	SD	15.6	1849659
Port Sudan	SD	19.6	489725
Rabak	SD	13.2	135281
Rahad al Bardi	SD	11.3	24768
Rufā‘a	SD	14.8	28374
Sennar	SD	13.6	130122
Sh'īarīah	SD	12.4	48966
Shendi	SD	16.7	63746
Singa	SD	13.1	250000
Sinkat	SD	18.8	35617
Suakin	SD	19.1	42456
Tandaltī	SD	13.0	31329
Tokār	SD	18.4	37051
Tullus	SD	11.1	41807
Umm Ruwaba	SD	12.9	56833
Umm Shawkah	SD	13.3	20302
Wad Medani	SD	14.4	332714
Zalinjay	SD	12.9	35061
Åkersberga	SE	59.5	32659
Alingsås	SE	57.9	26329
Ängelholm	SE	56.2	23240
Årsta	SE	59.3	16807
Björlanda	SE	57.8	23088
Boden	SE	65.8	16830
Boo	SE	59.3	24052
Borås	SE	57.7	71700
Borlänge	SE	60.5	41955
Bromma	SE	59.3	72000
Danderyd	SE	59.4	32425
Enköping	SE	59.6	22553
Eskilstuna	SE	59.4	67359
Eslöv	SE	55.8	18592
Falkenberg	SE	56.9	24099
Falköping	SE	58.2	17170
Falun	SE	60.6	37291
Gamla Uppsala	SE	59.9	17973
Gävle	SE	60.7	74884
Gothenburg	SE	57.7	608462
Gustavsberg	SE	59.3	20774
Halmstad	SE	56.7	70480
Haninge	SE	59.2	74968
Härnösand	SE	62.6	25012
Hässelby Villastad	SE	59.4	19000
Hässleholm	SE	56.2	19309
Helsingborg	SE	56.0	104250
Huddinge	SE	59.2	90182
Hudiksvall	SE	61.7	16081
Huskvarna	SE	57.8	21500
Jakobsberg	SE	59.4	24046
Jönköping	SE	57.8	112766
Kalmar	SE	56.7	38408
Karlshamn	SE	56.2	20112
Karlskoga	SE	59.3	27490
Karlskrona	SE	56.2	66675
Karlstad	SE	59.4	61492
Katrineholm	SE	59.0	23283
Kinna	SE	57.5	15019
Kiruna	SE	67.9	17037
Köping	SE	59.5	18355
Kristianstad	SE	56.0	39762
Kristinehamn	SE	59.3	18557
Kumla	SE	59.1	16663
Kungälv	SE	57.9	24101
Kungsbacka	SE	57.5	18698
Kungsholmen	SE	59.3	69363
Landskrona	SE	55.9	32229
Lerum	SE	57.8	26913
Lidingö	SE	59.4	42466
Lidköping	SE	58.5	22988
Limhamn	SE	55.6	20000
Linköping	SE	58.4	166673
Ljungby	SE	56.8	15785
Ludvika	SE	60.1	15245
Luleå	SE	65.6	77832
Lund	SE	55.7	87244
Majorna	SE	57.7	29254
Malmö	SE	55.6	362133
Mariestad	SE	58.7	16122
Märsta	SE	59.6	27034
Mölndal	SE	57.7	59430
Mölnlycke	SE	57.7	17579
Motala	SE	58.5	30944
Nacka	SE	59.3	25170
Nässjö	SE	57.7	17719
Norrköping	SE	58.6	93765
Norrtälje	SE	59.8	19365
Nyköping	SE	58.8	38780
Örebro	SE	59.3	155989
Örnsköldsvik	SE	63.3	32493
Oskarshamn	SE	57.3	18287
Östermalm	SE	59.3	36418
Östersund	SE	63.2	49806
Partille	SE	57.7	28648
Piteå	SE	65.3	23067
Råsunda	SE	59.4	16877
Rinkeby	SE	59.4	19349
Sandviken	SE	60.6	24724
Skellefteå	SE	64.8	35516
Skövde	SE	58.4	36842
Södermalm	SE	59.3	127323
Södertälje	SE	59.2	70777
Sollentuna	SE	59.4	139606
Solna	SE	59.4	66909
Staffanstorp	SE	55.6	15373
Stockholm	SE	59.3	1515017
Sundbyberg	SE	59.4	34529
Sundsvall	SE	62.4	57606
Täby	SE	59.4	58123
Tensta	SE	59.4	17083
Trångsund	SE	59.2	23110
Trelleborg	SE	55.4	29316
Trollhättan	SE	58.3	48573
Tullinge	SE	59.2	16000
Tumba	SE	59.2	40832
Uddevalla	SE	58.3	34781
Umeå	SE	63.8	130224
Upplands Väsby	SE	59.5	36534
Uppsala	SE	59.9	177074
Vallentuna	SE	59.5	31937
Vänersborg	SE	58.4	23119
Varberg	SE	57.1	34248
Värnamo	SE	57.2	19061
Vasastaden	SE	59.4	58458
Västerås	SE	59.6	127799
Västervik	SE	57.8	21178
Västra Frölunda	SE	57.6	15924
Växjö	SE	56.9	71282
Visby	SE	57.6	23402
Ystad	SE	55.4	18806
Anak Bukit	SG	1.3	22960
Ang Mo Kio New Town	SG	1.4	159340
Bangkit	SG	1.4	21010
Bedok New Town	SG	1.3	276990
Bishan New Town	SG	1.4	87320
Boon Lay	SG	1.3	29510
Brickworks Estate	SG	1.3	19820
Bukit Batok New Town	SG	1.4	158030
Bukit Merah Estate	SG	1.3	151250
Bukit Panjang New Town	SG	1.4	138050
Bukit Timah	SG	1.3	85900
Choa Chu Kang New Town	SG	1.4	187550
Clementi Housing Estate	SG	1.3	92420
Eunos	SG	1.3	32820
Fajar	SG	1.4	26420
Geylang	SG	1.3	110201
Hong Kah	SG	1.4	26150
Hougang New Town	SG	1.4	227560
Jelebu	SG	1.4	29960
Jurong East	SG	1.3	72960
Jurong Town	SG	1.3	262730
Jurong West	SG	1.4	253840
Kaki Bukit Estate	SG	1.3	37150
Kallang	SG	1.3	101290
Kampong Loyang	SG	1.4	15340
Kampong Pasir Ris	SG	1.4	144260
Kangkar	SG	1.4	32290
Keat Hong Village	SG	1.4	39370
Kembangan	SG	1.3	130252
Loyang	SG	1.4	15340
MacPherson	SG	1.3	26850
Margaret Drive	SG	1.3	24160
Marine Parade	SG	1.3	47180
Marsiling	SG	1.4	22000
Matilda Estate	SG	1.4	52200
Novena	SG	1.3	53160
Outram Park	SG	1.3	18340
Pasir Ris New Town	SG	1.4	54420
Paya Lebar	SG	1.4	16920
Peng Siang	SG	1.4	33860
Punggol	SG	1.4	204150
Queenstown Estate	SG	1.3	101480
Saujana	SG	1.4	25000
Sembawang Estate	SG	1.5	110090
Sengkang New Town	SG	1.4	267600
Senja	SG	1.4	23830
Serangoon	SG	1.4	116900
Serangoon Garden	SG	1.4	36080
Serangoon New Town	SG	1.4	116900
Simei New Town	SG	1.3	39450
Singapore	SG	1.3	5638700
Sungai Simpang	SG	1.4	20000
Tampines Estate	SG	1.4	265340
Tampines New Town	SG	1.3	259900
Tanglin	SG	1.3	21810
Teck Whye	SG	1.4	24560
Telok Blangah	SG	1.3	19320
Thomson	SG	1.3	29390
Tiong Bahru Estate	SG	1.3	15120
Toa Payoh New Town	SG	1.3	120650
Ulu Bedok	SG	1.3	276990
Woodlands	SG	1.4	254440
Yew Tee	SG	1.4	39100
Yio Chu Kang	SG	1.4	28350
Yishun New Town	SG	1.4	228730
Jamestown	SH	-15.9	637
Celje	SI	46.2	38059
Koper	SI	45.5	25753
Kranj	SI	46.2	37966
Ljubljana	SI	46.1	272220
Maribor	SI	46.6	96209
Novo Mesto	SI	45.8	24446
Ptuj	SI	46.4	17984
Trbovlje	SI	46.2	15163
Velenje	SI	46.4	24327
Longyearbyen	SJ	78.2	2368
Bánovce nad Bebravou	SK	48.7	16486
Banská Bystrica	SK	48.7	74590
Bardejov	SK	49.3	30267
Bratislava	SK	48.1	423737
Brezno	SK	48.8	19866
Čadca	SK	49.4	22655
Devínska Nová Ves	SK	48.2	17153
Dlhé diely	SK	48.2	30000
Dolný Kubín	SK	49.2	17660
Dubnica nad Váhom	SK	49.0	21914
Dúbravka	SK	48.2	35518
Dunajská Streda	SK	48.0	22730
Galanta	SK	48.2	15277
Handlová	SK	48.7	15694
Hlohovec	SK	48.4	19883
Humenné	SK	48.9	30450
Karlova Ves	SK	48.2	35644
Kežmarok	SK	49.1	15271
Komárno	SK	48.1	32287
Košice	SK	48.7	225044
Levice	SK	48.2	30556
Liptovský Mikuláš	SK	49.1	30162
Lučenec	SK	48.3	25191
Malacky	SK	48.4	18804
Martin	SK	49.1	51139
Michalovce	SK	48.8	35874
Nitra	SK	48.3	86329
Nové Mesto nad Váhom	SK	48.8	19325
Nové Zámky	SK	48.0	36781
Partizánske	SK	48.6	20739
Petržalka	SK	48.1	112380
Pezinok	SK	48.3	24443
Piešťany	SK	48.6	26862
Podunajské Biskupice	SK	48.1	23464
Poprad	SK	49.1	49091
Považská Bystrica	SK	49.1	37483
Prešov	SK	49.0	82927
Prievidza	SK	48.8	43645
Púchov	SK	49.1	16995
Rimavská Sobota	SK	48.4	21434
Rožňava	SK	48.7	17122
Ružomberok	SK	49.1	26671
Šaľa	SK	48.2	20239
Senec	SK	48.2	20115
Senica	SK	48.7	19355
Sereď	SK	48.3	15228
Skalica	SK	48.8	15466
Snina	SK	49.0	22221
Spišská Nová Ves	SK	48.9	34855
Stará Ľubovňa	SK	49.3	15667
Staré Mesto	SK	48.2	46080
Topoľčany	SK	48.6	24086
Trebišov	SK	48.6	22851
Trenčín	SK	48.9	58278
Trnava	SK	48.4	62806
Vrakuňa	SK	48.1	20711
Vranov nad Topľou	SK	48.9	20595
Žiar nad Hronom	SK	48.6	16955
Žilina	SK	49.2	81219
Zvolen	SK	48.6	39844
Bo	SL	8.0	233684
Bumpe	SL	7.9	16123
Freetown	SL	8.5	802639
Goderich	SL	8.4	19209
Kabala	SL	9.6	17948
Kenema	SL	7.9	255110
Koidu	SL	8.6	128030
Lunsar	SL	8.7	22461
Makeni	SL	8.9	85116
Mile 91	SL	8.5	15491
Njala	SL	8.2	40000
Port Loko	SL	8.8	44900
Segbwema	SL	8.0	16532
Waterloo	SL	8.3	55000
San Marino	SM	43.9	4500
Bambey	SN	14.7	37374
Bargny	SN	14.7	69242
Bargny Guèdj	SN	14.7	51188
Bargny Ngoude	SN	14.7	51188
Bignona	SN	12.8	28642
Dagana	SN	16.5	21750
Dakar	SN	14.7	2646503
Dara	SN	15.3	45530
Diamniadio	SN	14.7	47759
Diaoubé	SN	12.9	26165
Diourbel	SN	14.6	157554
Dougnane	SN	15.0	69556
Fatick	SN	14.3	39361
Gandiaye	SN	14.2	18239
Gossas Village	SN	14.5	15630
Goudomp	SN	12.6	18239
Guédiawaye	SN	14.8	329659
Guinguinéo	SN	14.3	20340
Jaxaay Parcelle Niakoul Rap	SN	14.8	41570
Joal	SN	14.2	45903
Kaffrine	SN	14.1	57307
Kahone	SN	14.2	26376
Kanel	SN	15.5	15244
Kaolack	SN	14.2	298904
Kayar	SN	14.9	23585
Kbombole	SN	14.8	15587
Kébémer	SN	15.4	19902
Kédougou	SN	12.6	30051
Keur Médoune	SN	14.8	77255
Khombole	SN	14.8	20321
Kolda	SN	12.9	103574
Koumpentoum	SN	14.0	15723
Koungheul	SN	14.0	31149
Koungneul Sossé	SN	14.0	20942
Le Plateau	SN	14.7	34713
Linguère	SN	15.4	19191
Louga	SN	15.6	113365
Matam	SN	15.7	27695
Mbaké	SN	14.8	101451
Mboro	SN	15.1	40811
Mbour	SN	14.4	284189
Médina Gounas	SN	13.1	36588
Mékhé	SN	15.1	27566
N’diareme limamoulaye	SN	14.8	35171
Ndibène Dahra	SN	15.3	32941
Ndioum	SN	16.5	20270
Nguékhokh	SN	14.5	47964
Niakoul Rab	SN	14.8	41570
Nioro du Rip	SN	13.8	20784
Ouro Sogui	SN	15.6	27222
Pikine	SN	14.8	1170791
Poukham Un	SN	14.4	24146
Pout	SN	14.8	23728
Richard-Toll	SN	16.5	73147
Rufisque	SN	14.7	295459
Rufisque est	SN	14.7	221066
Saint-Louis	SN	16.0	254171
Sali	SN	14.4	41811
Sébikhotane	SN	14.7	42839
Sédhiou	SN	12.7	31511
Tambacounda	SN	13.8	149071
Thiadiaye	SN	14.4	20168
Thiès	SN	14.8	317763
Thiès Nones	SN	14.8	252320
Thilogne	SN	15.9	15044
Tiébo	SN	14.6	100289
Tivaouane	SN	15.0	102658
Touba	SN	14.9	1120824
Vélingara	SN	13.2	45431
Yoff	SN	14.7	89442
Ziguinchor	SN	12.6	214874
Afgooye	SO	2.1	65461
Baardheere	SO	2.3	42240
Baidoa	SO	3.1	129839
Baki	SO	9.9	20000
Balanbale	SO	5.8	68000
Beled Hawo	SO	3.9	73000
Beledweyne	SO	4.7	55410
Berbera	SO	10.4	242344
Borama	SO	9.9	597842
Bosaso	SO	11.3	74287
Bu’aale	SO	1.1	17475
Burao	SO	9.5	99270
Buulobarde	SO	3.9	16928
Buurhakaba	SO	2.8	27792
Cabudwaaq	SO	6.2	120000
Ceeldheer	SO	3.8	26562
Ceerigaabo	SO	10.6	33853
Dhabad	SO	6.4	36000
Dhamas	SO	3.2	27000
Diinsoor	SO	2.4	20000
El Dibir	SO	11.8	200000
Eyl	SO	8.0	18904
Gaalkacyo	SO	6.8	61200
Garoowe	SO	8.4	57300
Gebiley	SO	9.7	77320
Hargeysa	SO	9.6	477876
Jamaame	SO	0.1	42270
Jawhar	SO	2.8	47086
Jilib	SO	0.5	43694
Kaambooni	SO	-1.6	79000
Kismayo	SO	-0.4	234852
Laascaanood	SO	8.5	60100
Luuq	SO	3.8	33820
Marka	SO	1.7	230100
Mogadishu	SO	2.0	2587183
Qandala	SO	11.5	19300
Qoryooley	SO	1.8	51720
Ruqi	SO	10.0	148702
Saaxo	SO	6.8	26000
Saylac	SO	11.4	18600
Tog Wajaale	SO	9.6	22700
Wanlaweyn	SO	2.6	22022
Beekhuizen	SR	5.8	17185
Blauwgrond	SR	5.8	31483
Flora	SR	5.8	19538
Latour	SR	5.8	29526
Lelydorp	SR	5.7	18223
Munder Buiten	SR	5.8	17234
Paramaribo	SR	5.9	223757
Pontbuiten	SR	5.8	23211
Rainville	SR	5.8	22747
Tammenga	SR	5.8	15819
Weg naar Zee	SR	5.9	16037
Welgelegen	SR	5.8	19304
Aweil	SS	8.8	38745
Bor	SS	6.2	26782
Gogrial	SS	8.5	44600
Juba	SS	4.9	450000
Kafia Kingi	SS	9.3	16000
Kuacjok	SS	8.3	78000
Leer	SS	8.3	17827
Malakal	SS	9.5	160765
Pajok	SS	3.9	49000
Rumbek	SS	6.8	32083
Tonj	SS	7.3	17338
Torit	SS	4.4	20048
Wau	SS	7.7	127384
Winejok	SS	9.0	300000
Yambio	SS	4.6	40382
Yei	SS	4.1	260720
São Tomé	ST	0.3	53300
Acajutla	SV	13.6	22763
Aguilares	SV	14.0	21445
Ahuachapán	SV	13.9	34102
Antiguo Cuscatlán	SV	13.7	33767
Apopa	SV	13.8	112158
Ayutuxtepeque	SV	13.7	25426
Chalatenango	SV	14.0	19364
Chalchuapa	SV	14.0	32282
Cojutepeque	SV	13.7	48411
Cuscatancingo	SV	13.7	44369
Delgado	SV	13.7	71594
Ilopango	SV	13.7	38890
Izalco	SV	13.7	19197
La Libertad	SV	13.5	16855
La Unión	SV	13.3	26807
Mejicanos	SV	13.7	160317
Metapán	SV	14.3	19143
Puerto El Triunfo	SV	13.3	19074
Quezaltepeque	SV	13.8	28886
San Francisco	SV	13.7	16152
San Marcos	SV	13.7	54615
San Martín	SV	13.8	39361
San Miguel	SV	13.5	247126
San Rafael Oriente	SV	13.4	19095
San Salvador	SV	13.7	525990
San Vicente	SV	13.6	41504
Santa Ana	SV	14.0	176661
Santa Tecla	SV	13.7	124694
Santiago de María	SV	13.5	15032
Sensuntepeque	SV	13.9	20386
Sonsonate	SV	13.7	59468
Sonzacate	SV	13.7	15446
Soyapango	SV	13.7	329708
Usulután	SV	13.3	51910
Zacatecoluca	SV	13.5	39613
Philipsburg	SX	18.0	1400
‘Afrīn	SY	36.5	48693
‘Āmūdā	SY	37.1	26821
‘Ayn al ‘Arab	SY	36.9	50000
‘Irbīn	SY	33.5	42474
Ad Dānā	SY	36.2	21987
Ad Darbāsīyah	SY	37.1	21481
Al Bāb	SY	36.4	130745
Al Ḩasakah	SY	36.5	422445
Al Ḩirāk	SY	32.7	23784
Al Kiswah	SY	33.4	23526
Al Mālikīyah	SY	37.2	26311
Al Mayādīn	SY	35.0	54534
Al Qāmishlī	SY	37.1	184231
Al Qaryatayn	SY	34.2	31748
Al Qunayţirah	SY	33.1	36143
Al Quşayr	SY	34.5	41062
Al Quţayfah	SY	33.7	16118
Al-Tabqa	SY	35.8	87880
al-Yarmūk	SY	33.5	99999
Ālbū Kamāl	SY	34.5	57572
Aleppo	SY	36.2	2098210
An Nabk	SY	34.0	49372
Ar Raqqah	SY	36.0	531952
Ar Rastan	SY	34.9	53152
As Safīrah	SY	36.1	63708
As Salamīyah	SY	35.0	94887
Aş Şanamayn	SY	33.1	25702
As-Suwayda	SY	32.7	59052
At Tall	SY	33.6	55561
Az Zabadānī	SY	33.7	29549
Babīlā	SY	33.5	50880
Bāniyās	SY	35.2	39066
Batabo	SY	36.1	25560
Binnish	SY	36.0	30354
Burj Islām	SY	35.7	30000
Dā‘il	SY	32.8	29408
Damascus	SY	33.5	1569394
Dar‘ā	SY	32.6	97969
Dārayyā	SY	33.5	71596
Dayr Ḩāfir	SY	36.2	28905
Deir ez-Zor	SY	35.3	271800
Dūmā	SY	33.6	111864
Hajīn	SY	34.7	29237
Ḩalfāyā	SY	35.3	23403
Ḩamāh	SY	35.1	460602
Ḩarastā	SY	33.6	37348
Homs	SY	34.7	775404
I‘zāz	SY	36.6	66138
Idlib	SY	35.9	128840
Inkhil	SY	33.0	29076
Jablah	SY	35.4	65915
Jarābulus	SY	36.8	24997
Jaramānā	SY	33.5	99999
Jāsim	SY	33.0	30283
Jayrūd	SY	33.8	32352
Jisr ash Shughūr	SY	35.8	39311
Kabbasin	SY	36.4	51230
Kafr Lāhā	SY	34.9	21819
Kafr Takhārīm	SY	36.1	22436
Kafr Zaytā	SY	35.4	21845
Kafranbel	SY	35.6	45652
Khān Shaykhūn	SY	35.4	48975
Latakia	SY	35.5	709000
Ma‘arratmişrīn	SY	36.0	32163
Maharda	SY	35.2	17578
Manbij	SY	36.5	99497
Maşyāf	SY	35.1	32262
Muadamiyat al-Sham	SY	33.5	52738
Nawá	SY	32.9	47066
Nubl	SY	36.4	25546
Qārah	SY	34.2	20656
Qaţanā	SY	33.4	18511
Şāfītā	SY	34.8	27815
Şaḩnāyā	SY	33.4	30519
Salqīn	SY	36.1	31608
Saraqib	SY	35.9	34231
Shaykh Miskīn	SY	32.8	25920
Subaykhān	SY	34.9	25514
Şūrān	SY	35.3	30716
Tādif	SY	36.3	34670
Tadmur	SY	34.6	51015
Ţafas	SY	32.7	31249
Tall Rif‘at	SY	36.5	25658
Tallbīsah	SY	34.8	38491
Tallkalakh	SY	34.7	29754
Ţarţūs	SY	34.9	458327
Ţayyibat al Imām	SY	35.3	29259
Yabrūd	SY	34.0	40502
Zākīyah	SY	33.3	18553
Lobamba	SZ	-26.5	4557
Manzini	SZ	-26.5	110537
Mbabane	SZ	-26.3	76218
Cockburn Town	TC	21.5	3720
Providenciales	TC	21.8	23769
Abéché	TD	13.8	139983
Adré	TD	13.5	21950
Am Timan	TD	11.0	74691
Amdjarass	TD	16.1	29793
Ati	TD	13.2	29867
Bébédja	TD	8.7	40289
Bédiondo	TD	8.6	15841
Benoy	TD	9.0	17285
Béré	TD	9.3	15431
Biltine	TD	14.5	33540
Bitkine	TD	12.0	41871
Bokoro	TD	12.4	26095
Bol	TD	13.5	51389
Bongor	TD	10.3	63699
Bousso	TD	10.5	16732
Déressia	TD	9.8	50113
Doba	TD	8.7	70942
Dourbali	TD	11.8	18604
Fada	TD	17.2	17240
Faya-Largeau	TD	17.9	44011
Fianga	TD	9.9	31668
Goré	TD	8.7	30936
Gounou Gaya	TD	9.6	29742
Goz Beida	TD	12.2	58941
Guelendeng	TD	10.9	23320
Iriba	TD	15.1	47972
Kelo	TD	9.3	82677
Koumra	TD	8.9	54109
Kyabé	TD	9.5	22806
Laï	TD	9.4	27071
Léré	TD	9.6	32721
Mandelia	TD	11.7	19373
Mangalmé	TD	12.4	15939
Mao	TD	14.1	50681
Maro	TD	9.2	21274
Massaguet	TD	12.5	28401
Massakory	TD	13.0	39944
Mboursou Léré	TD	9.8	17132
Moïssala	TD	8.3	17281
Mongo	TD	12.2	53768
Moundou	TD	8.6	196124
Moussoro	TD	13.6	35100
N'Djamena	TD	12.1	1359526
Pala	TD	9.4	70677
Sarh	TD	9.1	138928
Umm Hājar	TD	13.3	37941
Port-aux-Français	TF	-49.3	45
Aného	TG	6.2	47579
Anié	TG	7.8	37398
Atakpamé	TG	7.5	80683
Badou	TG	7.6	24000
Bafilo	TG	9.3	22543
Bassar	TG	9.3	61845
Dapaong	TG	10.9	58071
Kara	TG	9.6	104207
Kpalimé	TG	6.9	75084
Lomé	TG	6.1	2188376
Mango	TG	10.4	37748
Niamtougou	TG	9.8	23261
Notsé	TG	7.0	35039
Sinkassé	TG	11.1	26926
Sokodé	TG	9.0	117811
Sotouboua	TG	8.6	24332
Tabligbo	TG	6.6	22304
Tchamba	TG	9.0	25668
Tsévié	TG	6.4	55775
Vogan	TG	6.3	20569
Amnat Charoen	TH	15.9	34769
Amphoe Sikhiu	TH	14.9	28681
Anusawari	TH	13.9	94550
Aranyaprathet	TH	13.7	20236
Arun Amarin	TH	13.8	19882
Ban Ang Sila	TH	13.3	36055
Ban Aranyik	TH	16.8	30508
Ban Bang Bamru	TH	13.8	18514
Ban Bang Kadi	TH	14.0	27911
Ban Bueng	TH	13.3	23509
Ban Chalong	TH	7.8	18072
Ban Chang	TH	12.7	28204
Ban Chang Lo	TH	13.8	29122
Ban Dung	TH	17.7	19479
Ban Huai Thalaeng	TH	15.0	15352
Ban I Chang	TH	13.7	119858
Ban Kamala	TH	8.0	22296
Ban Khlong Bang Bon	TH	13.6	24008
Ban Khlong Bang Phran	TH	13.7	32286
Ban Khlong Bang Ramat	TH	13.8	19783
Ban Khlong Bang Sao Thong	TH	13.6	31153
Ban Khlong Prawet	TH	13.7	160671
Ban Ko Sire	TH	7.9	71284
Ban Lak Song	TH	13.7	52144
Ban Lam Luk Ka	TH	14.0	60700
Ban Mai	TH	7.2	86899
Ban Mo	TH	14.6	15959
Ban Na	TH	17.0	40174
Ban Na San	TH	8.8	21900
Ban Nong Wua So	TH	17.3	21722
Ban Phaeo	TH	13.6	41904
Ban Phai	TH	16.1	35583
Ban Phan Don	TH	17.1	29211
Ban Phe	TH	12.6	17414
Ban Phra	TH	14.1	15396
Ban Pong	TH	13.8	57559
Ban Ratsada	TH	7.9	33534
Ban Samae Dam	TH	13.6	125133
Ban Sang	TH	14.0	38245
Ban Selaphum	TH	16.0	17412
Ban Tak	TH	17.0	18384
Ban Talat Bueng	TH	13.1	26113
Ban Talat Nua	TH	7.9	23381
Ban Talat Yai	TH	7.9	52192
Ban Tha Kham	TH	13.6	61011
Bang Ban	TH	14.4	16588
Bang Bo District	TH	13.6	28376
Bang Bon	TH	13.7	105161
Bang Bon Nuea	TH	13.7	22619
Bang Bua Thong	TH	13.9	41567
Bang Kapi	TH	13.8	147800
Bang Khae	TH	13.7	193002
Bang Khae Nuea	TH	13.7	59821
Bang Khlo	TH	13.7	35838
Bang Kho Laem	TH	13.7	22697
Bang Kho Laem subdistrict	TH	13.7	22697
Bang Khun Si	TH	13.8	31689
Bang Khun Thian	TH	13.7	165491
Bang Krathum	TH	16.6	18874
Bang Kruai	TH	13.8	78305
Bang Lamung	TH	13.0	39620
Bang Len	TH	14.0	17914
Bang Mun Nak	TH	16.0	15616
Bang Na	TH	13.7	95912
Bang O	TH	13.8	24225
Bang Pa-in	TH	14.2	20484
Bang Pakong	TH	13.5	25620
Bang Phae	TH	13.7	29548
Bang Phai	TH	13.7	40277
Bang Phlat	TH	13.8	92325
Bang Racham	TH	14.9	15313
Bang Rak	TH	13.7	99273
Bang Rakam	TH	16.8	16841
Bang Saphan	TH	11.2	15134
Bang Sue	TH	13.8	125440
Bang Sue subdistrict	TH	13.8	79405
Bang Yi Khan	TH	13.8	24745
Bangbontai	TH	13.6	24860
Bangkok	TH	13.8	5104476
Bangkok Noi	TH	13.8	117793
Bangkok Riverside	TH	13.8	48227
Bangkok Yai	TH	13.7	72321
Betong	TH	5.8	29604
Bo Phloi	TH	14.3	16786
Bua Yai	TH	15.6	16832
Bueng Kum	TH	13.8	145830
Buri Ram	TH	15.0	28283
Cha-am	TH	12.8	49375
Chachoengsao	TH	13.7	49741
Chai Badan	TH	15.2	25196
Chai Nat	TH	15.2	15469
Chaiyaphum	TH	15.8	58350
Chan Kasem	TH	13.8	38080
Chanthaburi	TH	12.6	99819
Chatuchak	TH	13.8	160906
Chatuchak subdistrict	TH	13.8	21853
Chiang Mai	TH	18.8	127240
Chiang Rai	TH	19.9	78756
Chok Chai	TH	14.7	23337
Chom Bueng	TH	13.6	15143
Chom Thong	TH	13.7	158005
Chomphon	TH	13.8	33250
Chon Buri	TH	13.4	219164
Chon Daen	TH	16.2	17567
Chong Nonsi	TH	13.7	48277
Chorakhe Bua	TH	13.8	27465
Chum Phae	TH	16.5	46335
Chumphon	TH	10.5	55835
Damnoen Saduak	TH	13.5	23296
Dan Khun Thot	TH	15.2	15580
Den Chai	TH	18.0	17019
Det Udom	TH	14.9	35669
Din Daeng	TH	13.8	130220
Dok Kham Tai	TH	19.2	23824
Dusit	TH	13.8	107655
Erawan	TH	17.3	15137
Hang Dong	TH	18.7	17931
Hat Yai	TH	7.0	191696
Hua Hin	TH	12.6	126355
Huai Khwang	TH	13.8	78175
Huai Yot	TH	7.8	16586
Huamak	TH	13.8	67798
Inner Huai Khwang	TH	13.8	25879
Kabin Buri	TH	14.0	140056
Kaeng Khoi	TH	14.6	30332
Kaeng Khro	TH	16.1	29056
Kalasin	TH	16.4	55102
Kamalasai	TH	16.3	23393
Kamphaeng Phet	TH	16.5	58787
Kanchanaburi	TH	14.0	63699
Kantharalak	TH	14.6	36621
Kaset Sombun	TH	16.3	16996
Kaset Wisai	TH	15.7	18569
Kathu	TH	7.9	34835
Khan Na Yao	TH	13.8	88678
Khanu Woralaksaburi	TH	16.1	21889
Khao Saming	TH	12.4	38941
Khao Wong	TH	16.7	15184
Khao Yoi	TH	13.2	18506
Khetsamsenok	TH	13.8	38204
Khlong Chan	TH	13.8	76934
Khlong Kum	TH	13.8	69071
Khlong Luang	TH	14.1	118551
Khlong Sam Wa	TH	13.9	169489
Khlong San	TH	13.7	73263
Khlong Toei	TH	13.7	109041
Khlong Yai	TH	11.8	38099
Khon Buri	TH	14.5	18596
Khon Kaen	TH	16.4	114459
Khwaeng Bang Khae	TH	13.7	38915
Khwaeng Bang Plat	TH	13.8	21953
Klaeng	TH	12.8	55619
Ko Samui	TH	9.5	50000
Krabi	TH	8.1	31219
Krathum Baen	TH	13.7	72819
Kuchinarai	TH	16.5	20532
Kui Buri	TH	12.1	19046
Kut Chap	TH	17.4	24696
Laem Ngop	TH	12.2	17198
Laem Sing	TH	12.5	16066
Lak Si	TH	13.9	109770
Lampang	TH	18.3	156139
Lamphun	TH	18.6	43196
Lang Suan	TH	9.9	16142
Lat Krabang	TH	13.7	163175
Lat Phrao	TH	13.8	122182
Lat Yao	TH	13.8	41238
Latkrabang	TH	13.7	173987
Loei	TH	17.5	35273
Lom Sak	TH	16.8	17309
Lop Buri	TH	14.8	57761
Mae Chan	TH	20.1	37672
Mae Ramat	TH	17.0	17316
Mae Sai	TH	20.4	27520
Mae Sot	TH	16.7	44563
Maha Sarakham	TH	16.2	51584
Makkasan	TH	13.8	15815
Mueang Nonthaburi	TH	13.9	254375
Mukdahan	TH	16.5	40480
Na Di	TH	14.1	57466
Na Klang	TH	17.3	31024
Nakhon Luang	TH	14.5	15008
Nakhon Nayok	TH	14.2	21309
Nakhon Pathom	TH	13.8	117927
Nakhon Phanom	TH	17.4	34595
Nakhon Ratchasima	TH	15.0	126391
Nakhon Sawan	TH	15.7	82305
Nakhon Si Thammarat	TH	8.4	102152
Nam Som	TH	17.8	19324
Nan	TH	18.8	24670
Nang Rong	TH	14.6	21961
Narathiwat	TH	6.4	47771
Non Sung	TH	15.2	18399
Nong Bua Lamphu	TH	17.2	34401
Nong Chok	TH	13.9	157138
Nong Khae	TH	14.3	41067
Nong Khaem	TH	13.7	150218
Nong Khai	TH	17.9	63609
Nong Kung Si	TH	16.6	17001
Nong Phai	TH	16.0	27756
Pa Sang	TH	18.5	15607
Pak Chong	TH	14.7	48999
Pak Kret	TH	13.9	190272
Pak Phanang	TH	8.4	25014
Pathum Thani	TH	14.0	24547
Pathum Wan	TH	13.7	53263
Pattani	TH	6.9	43690
Pattaya	TH	12.9	116417
Phak Hai	TH	14.5	19386
Phan Thong	TH	13.5	18708
Phanat Nikhom	TH	13.4	21924
Phanom Sarakham	TH	13.7	16057
Phasi Charoen	TH	13.7	122070
Phatthalung	TH	7.6	43522
Phaya Thai	TH	13.8	70238
Phayao	TH	19.2	21058
Phetchabun	TH	16.4	50656
Phetchaburi	TH	13.1	46601
Phibun Mangsahan	TH	15.2	19883
Phichit	TH	16.4	35760
Phitsanulok	TH	16.8	62584
Phon Charoen	TH	18.0	15208
Photharam	TH	13.7	36248
Phra Khanong	TH	13.7	90354
Phra Nakhon	TH	13.8	51231
Phra Nakhon Si Ayutthaya	TH	14.4	50830
Phra Phutthabat	TH	14.7	57008
Phra Pradaeng	TH	13.7	196129
Phrae	TH	18.1	38538
Phu Khiao	TH	16.4	17122
Phu Kradueng	TH	16.9	16079
Phuket	TH	7.9	79308
Pom Prap Sattru Phai	TH	13.8	51006
Prachantakham	TH	14.1	59696
Prachin Buri	TH	14.0	32600
Prachin Buri Town	TH	14.1	25157
Prachuap Khiri Khan	TH	11.8	33521
Prakhon Chai	TH	14.6	15564
Pran Buri	TH	12.4	47293
Ra-ngae	TH	6.3	16862
Ranong	TH	10.0	24561
Ranot	TH	7.8	19780
Rat Burana	TH	13.7	86695
Ratchaburi	TH	13.5	92448
Ratchathewi	TH	13.8	73035
Rayong	TH	12.7	106737
Roi Et	TH	16.1	39328
Ron Phibun	TH	8.2	26621
Sa Kaeo	TH	13.8	28497
Sadao	TH	6.6	46236
Sai Mai	TH	13.9	188123
Sakon Nakhon	TH	17.2	76237
Sam Phran	TH	13.7	37115
Sam Roi Yot	TH	12.3	19709
Sam Sen Nai	TH	13.8	30476
Samphanthawong	TH	13.7	24150
Samut Prakan	TH	13.6	388920
Samut Sakhon	TH	13.5	63498
Samut Songkhram	TH	13.4	35065
San Kamphaeng	TH	18.7	32950
San Pa Tong	TH	18.6	17773
Saphan Sung	TH	13.8	89825
Saraburi	TH	14.5	67763
Sathon	TH	13.7	84916
Sathorn	TH	13.7	79624
Sattahip	TH	12.7	65444
Satun	TH	6.6	34544
Sawang Daen Din	TH	17.5	16825
Sawankhalok	TH	17.3	19805
Seka	TH	17.9	16493
Sena Nikhom	TH	13.8	20393
Si Maha Phot	TH	14.0	100563
Si Mahosot	TH	13.9	18903
Si Racha	TH	13.2	178916
Si Sa Ket	TH	15.1	44751
Si Satchanalai	TH	17.5	25942
Sing Buri	TH	14.9	20046
Songkhla	TH	7.2	61758
Su-ngai Kolok	TH	6.0	42776
Suan Luang	TH	13.7	115658
Sukhothai	TH	17.0	37000
Suphan Buri	TH	14.5	53399
Surat Thani	TH	9.1	132040
Surin	TH	14.9	46673
Tak	TH	16.9	24149
Tak Bai	TH	6.3	17241
Takua Pa	TH	8.9	48004
Taling Chan	TH	13.8	105299
Taphan Hin	TH	16.2	21895
Tha Bo	TH	17.9	35292
Tha Kham	TH	9.1	25810
Tha Mai	TH	12.6	22445
Tha Maka	TH	13.9	52907
Tha Muang	TH	14.0	26746
Tha Raeng	TH	13.9	97658
Tha Ruea	TH	14.6	19116
Tha Yang	TH	13.0	42602
Thambon Na Mueang	TH	14.1	19910
Thap Khlo	TH	16.2	15528
Thap Than	TH	15.5	16615
Thawi Watthana	TH	13.8	76351
Thoen	TH	17.6	18459
Thon Buri	TH	13.7	119708
Thung Khru	TH	13.6	116473
Thung Song	TH	8.2	28223
Trang	TH	7.6	66713
Trat	TH	12.2	21590
Ubon Ratchathani	TH	15.2	122533
Udon Thani	TH	17.4	130531
Uthai Thani	TH	15.4	22219
Uttaradit	TH	17.6	58313
Wang Nam Yen	TH	13.5	16299
Wang Noi	TH	14.2	15865
Wang Saphung	TH	17.3	15747
Wang Thonglang	TH	13.8	114768
Warichaphum	TH	17.3	15760
Warin Chamrap	TH	15.2	43102
Wat Tha Phra	TH	13.7	53111
Watthana	TH	13.7	171150
Wichian Buri	TH	15.7	39272
Wichit	TH	7.9	38701
Wiset Chaichan	TH	14.6	19129
Wong Sawang	TH	13.8	43005
Yala	TH	6.5	93558
Yan Nawa	TH	13.7	81521
Yaring	TH	6.9	31111
Yasothon	TH	15.8	21643
Bokhtar	TJ	37.8	110800
Boshkengash	TJ	38.5	23696
Buston	TJ	40.2	36900
Chubek	TJ	37.6	19563
Dalyoni Bolo	TJ	39.7	23670
Danghara	TJ	38.1	22824
Dushanbe	TJ	38.5	679400
Farkhor	TJ	37.5	21736
Hisor	TJ	38.5	23978
Hulbuk	TJ	37.8	21736
Isfara	TJ	40.1	274000
Ishqoshim	TJ	36.7	26000
Istaravshan	TJ	39.9	273500
Istiqlol	TJ	40.6	17600
Khorugh	TJ	37.5	30500
Khujand	TJ	40.3	191000
Kolkhozobod	TJ	37.6	18476
Konibodom	TJ	40.3	211100
Kŭlob	TJ	37.9	214700
Moskovskiy	TJ	37.6	22100
Muchun	TJ	39.9	27835
Norak	TJ	38.4	18122
Panjakent	TJ	39.5	35085
Proletar	TJ	40.2	16441
Qayroqqum	TJ	40.3	49200
Shahriston	TJ	39.8	22903
Tursunzoda	TJ	38.5	37000
Vahdat	TJ	38.6	45693
Vakhsh	TJ	37.7	15215
Yovon	TJ	38.3	17471
Zarhalol	TJ	37.5	30689
Aileu	TL	-8.7	17356
Atsabe	TL	-8.9	16304
Baukau	TL	-8.5	16000
Dili	TL	-8.6	150000
Likisá	TL	-8.6	19000
Lospalos	TL	-8.5	17186
Maliana	TL	-9.0	22000
Maubara	TL	-8.6	16300
Suai	TL	-9.3	21539
Venilale	TL	-8.6	16000
Abadan	TM	38.1	39481
Änew	TM	37.9	28653
Ashgabat	TM	38.0	1030063
Bäherden	TM	38.4	37588
Balkanabat	TM	39.5	87822
Bayramaly	TM	37.6	70376
Bereket	TM	39.2	24500
Boldumsaz	TM	42.1	39532
Çaşgyn	TM	37.8	15470
Daşoguz	TM	41.8	201142
Gämi	TM	37.9	18148
Gazojak	TM	41.2	21021
Gökdepe	TM	38.2	33381
Görogly	TM	41.7	26770
Gubadag	TM	42.1	17118
Gumdag	TM	39.2	30884
Gyzylarbat	TM	39.0	48558
Halaç	TM	38.1	20778
Jebel	TM	39.6	15056
Kaka	TM	37.3	33315
Kerki	TM	37.8	33242
Köneürgenç	TM	42.3	37176
Magdanly	TM	37.8	44508
Magtymguly	TM	38.4	15386
Mary	TM	37.6	167027
Oýrat	TM	41.9	21160
Sarahs	TM	36.5	31269
Saýat	TM	38.8	17762
Seydi	TM	39.5	17762
Tejen	TM	37.4	67488
Türkmenabat	TM	39.1	230861
Türkmenbaşy	TM	40.0	91745
Türkmengala	TM	37.4	16696
Yolöten	TM	37.3	37705
Yylanly	TM	41.8	36594
Ajim	TN	33.7	24294
Akouda	TN	35.9	27200
Ar Rudayyif	TN	34.4	26976
Aryanah	TN	36.9	114486
Béja	TN	36.7	61568
Bekalta	TN	35.6	20506
Bembla et Mnara	TN	35.7	16078
Ben Arous	TN	36.8	88322
Ben Gardane	TN	33.1	87404
Beni Khalled	TN	36.7	15439
Beni Khiar	TN	36.5	21624
Bizerte	TN	37.3	138430
Borj Cedria	TN	36.7	31858
Boumhel El Bassatine	TN	36.7	40101
Carthage	TN	36.9	24216
Chebba	TN	35.2	22227
Chenini Nahal	TN	33.9	17248
Dahmani	TN	35.9	30720
Dar Chabanne	TN	36.5	42140
Dar el Haj Taïeb	TN	34.8	26304
Den Den	TN	36.8	26787
Djemmal	TN	35.6	55285
Douane	TN	36.4	60192
Douar Hicher	TN	36.8	82532
Douar Tindja	TN	37.2	18551
Douz	TN	33.5	34221
El Ain	TN	34.8	43333
El Alia	TN	37.2	18410
El Fahs	TN	36.4	25100
El Hamma	TN	33.9	47000
El Jem	TN	35.3	21544
El Kef	TN	36.2	53596
El Ksar	TN	34.4	33729
El Mgarsa	TN	33.8	63528
El Mourouj	TN	36.7	120732
Ettadhamen	TN	36.8	84312
Ez Zahra	TN	36.7	34962
Ezzouhour	TN	35.8	17348
Feriana	TN	34.9	75000
Fouchana	TN	36.7	45107
Gabès	TN	33.9	110075
Gafsa	TN	34.4	95242
Galaat el Andeless	TN	37.1	18225
Ghardimaou	TN	36.4	19574
Gremda	TN	34.8	40862
Grombalia	TN	36.6	27236
Hammam Sousse	TN	35.9	42691
Hammam-Lif	TN	36.7	44207
Hammamet	TN	36.4	106326
Houmt Souk	TN	33.9	89228
Jedeïda	TN	36.8	45000
Jendouba	TN	36.5	51408
Kairouan	TN	35.7	139070
Kalaa Srira	TN	35.8	44220
Kasserine	TN	35.2	84365
Kebili	TN	33.7	26310
Kelaa Kebira	TN	35.9	63264
Kélibia	TN	36.8	62993
Kellabine	TN	34.7	15501
Korba	TN	36.6	65542
Ksar Hellal	TN	35.6	55415
Ksour Essaf	TN	35.4	37683
La Goulette	TN	36.8	45711
La Marsa	TN	36.9	92987
La Mohammedia	TN	36.7	66593
La Mornaghia	TN	36.8	23100
La Sebala du Mornag	TN	36.7	33421
Le Bardo	TN	36.8	71961
Le Kram	TN	36.8	88302
Maatmeur	TN	35.8	18996
Mahdia	TN	35.5	51803
Mahires	TN	34.5	15878
Manouba	TN	36.8	32005
Mareth	TN	33.6	17385
Mateur	TN	37.0	32492
Medenine	TN	33.4	71406
Medjez el Bab	TN	36.6	24100
Mégrine	TN	36.8	25863
Mennzel Bou Zelfa	TN	36.7	18551
Menzel Abderhaman	TN	37.2	19078
Menzel Bourguiba	TN	37.2	58800
Menzel Jemil	TN	37.2	22231
Menzel Temime	TN	36.8	38908
Metlaoui	TN	34.3	39021
Métouia	TN	34.0	20648
Midoun	TN	33.8	32000
Mnihla	TN	36.8	58641
Moknine	TN	35.6	62802
Monastir	TN	35.8	93306
Moularès	TN	34.5	21431
Msaken	TN	35.7	89745
Nabeul	TN	36.5	70437
Nefta	TN	33.9	22745
Ouardenine	TN	35.7	18287
Oued Lill	TN	36.8	66100
Ouerdanine	TN	35.7	23707
Radès	TN	36.8	72209
Rass el Djebel	TN	37.2	31574
Rawad	TN	36.9	94961
Rhennouch	TN	33.9	28051
Sahline	TN	35.8	21533
Sakiet ed Daier	TN	34.8	125204
Sakiet ez Zit	TN	34.8	100000
Sbeitla	TN	35.2	23764
Sfax	TN	34.7	280566
Sidi Abid	TN	34.7	33419
Sidi Bouzid	TN	35.0	47595
Sīdī Ḥusayn	TN	36.8	130255
Siliana	TN	36.1	31251
Skanes	TN	35.8	64222
Soliman	TN	36.7	45053
Sousse	TN	35.8	221715
Sukrah	TN	36.9	159862
Tabarka	TN	37.0	19770
Tabursuq	TN	36.5	21022
Tajerouine	TN	35.9	19362
Takelsa	TN	36.8	24109
Tataouine	TN	32.9	66924
Teboulba	TN	35.6	41731
Teboulbou	TN	33.8	16931
Tebourba	TN	36.8	29948
Thala	TN	35.6	18230
Tinja	TN	37.2	21167
Tozeur	TN	33.9	37370
Tunis	TN	36.8	693210
Zaghouan	TN	36.4	20798
Zaouiet Sousse	TN	35.8	20992
Zarzis	TN	33.5	79316
Zeramedine	TN	35.6	16806
Zouila	TN	35.5	44349
Nuku‘alofa	TO	-21.1	22400
Adana	TR	37.0	1816750
Adapazarı	TR	40.8	286787
Adilcevaz	TR	38.8	52781
Adıyaman	TR	37.8	290883
Afşin	TR	38.2	39613
Afyonkarahisar	TR	38.8	251799
Ağrı	TR	39.7	124483
Ahlat	TR	38.7	64695
Akçaabat	TR	41.0	45105
Akçakale	TR	36.7	32114
Akçakoca	TR	41.1	35151
Akçapınar	TR	38.9	84366
Akdağmadeni	TR	39.7	23048
Akhisar	TR	38.9	84659
Aksaray	TR	38.4	327575
Akşehir	TR	38.4	64446
Akyazı	TR	40.7	25068
Akyurt	TR	40.1	26572
Alaca	TR	40.2	27019
Alanya	TR	36.5	364180
Alaplı	TR	41.2	20890
Alaşehir	TR	38.4	48147
Aliağa	TR	38.8	44883
Altınşehir	TR	37.7	26153
Amasya	TR	40.7	114921
Anamur	TR	36.1	57128
Ankara	TR	39.9	3517182
Antakya	TR	36.2	399045
Antalya	TR	36.9	1335002
Araklı	TR	40.9	29917
Ardahan	TR	41.1	22927
Ardeşen	TR	41.2	67965
Arhavi	TR	41.4	16217
Arnavutköy	TR	41.2	198165
Arsin	TR	41.0	16148
Arsuz	TR	36.4	109550
Artvin	TR	41.2	25841
Aşkale	TR	39.9	15462
Ataşehir	TR	41.0	361615
Aydın	TR	37.8	163022
Ayvalık	TR	39.3	70002
Babaeski	TR	41.4	26724
Bafra	TR	41.6	92944
Bağcılar	TR	41.0	740069
Bağlar Mahallesi	TR	39.9	17505
Bahçelievler	TR	41.0	576799
Balatçık	TR	38.5	19082
Balıkesir	TR	39.6	238151
Banaz	TR	38.7	17080
Bandırma	TR	40.4	107631
Bartın	TR	41.6	81692
Başakşehir	TR	41.1	193750
Baskil	TR	38.6	15922
Batikent	TR	40.0	300000
Batman	TR	37.9	452157
Bayburt	TR	40.3	48036
Bayındır	TR	38.2	16850
Belek	TR	36.9	73260
Belen	TR	36.5	20113
Bergama	TR	39.1	57200
Beşikdüzü	TR	41.1	36987
Besni	TR	37.7	41892
Beykonak	TR	36.3	30339
Beylikdüzü	TR	41.0	415290
Beypazarı	TR	40.2	38769
Beyşehir	TR	37.7	44460
Biga	TR	40.2	61066
Bigadiç	TR	39.4	15242
Bilecik	TR	40.1	74457
Bingöl	TR	38.9	128935
Birecik	TR	37.0	44284
Bismil	TR	37.8	74493
Bitlis	TR	38.4	53023
Bodrum	TR	37.0	39317
Bolu	TR	40.7	184682
Bolvadin	TR	38.7	55870
Bor	TR	37.9	32435
Bornova	TR	38.5	452479
Bostanlı	TR	38.5	29842
Boyabat	TR	41.5	27717
Bozova	TR	37.4	21502
Bozüyük	TR	39.9	55365
Bozyazı	TR	36.1	28456
Bucak	TR	37.5	29234
Bulancak	TR	40.9	43635
Bulanık	TR	39.1	31430
Burdur	TR	37.7	95436
Burhaniye	TR	39.5	38083
Bursa	TR	40.2	3101833
Büyükçekmece	TR	41.0	163140
Çağlayancerit	TR	37.7	15530
Çan	TR	40.0	26201
Çanakkale	TR	40.2	143622
Çankaya	TR	39.9	792189
Çankırı	TR	40.6	90564
Çarşamba	TR	41.2	50459
Çat	TR	39.6	15556
Çatalca	TR	41.1	39678
Çay	TR	38.6	34215
Çaycuma	TR	41.4	21773
Çayeli	TR	41.1	24556
Çerkeş	TR	40.8	17802
Çerkezköy	TR	41.3	84234
Çermik	TR	38.1	20975
Çeşme	TR	38.3	33259
Ceyhan	TR	37.0	96303
Ceylanpınar	TR	36.8	31488
Çiğli	TR	38.5	214065
Cikcilli	TR	36.6	21449
Cimin	TR	39.7	39591
Çine	TR	37.6	21327
Cizre	TR	37.3	134041
Çorlu	TR	41.2	202578
Çorum	TR	40.5	269595
Çubuk	TR	40.2	62602
Çubuklu	TR	41.1	20698
Çumra	TR	37.6	45657
Dalaman	TR	36.8	19292
Darende	TR	38.5	20388
Dargeçit	TR	37.5	20793
Demirci	TR	39.0	21378
Denizciler	TR	36.6	17495
Denizli	TR	37.8	313238
Derince	TR	40.8	125485
Develi	TR	38.4	35868
Devrek	TR	41.2	24559
Didim	TR	37.4	26000
Dinar	TR	38.1	35359
Diyadin	TR	39.5	18172
Diyarbakır	TR	37.9	1833684
Doğubayazıt	TR	39.5	70171
Dörtyol	TR	36.8	56513
Dursunbey	TR	39.6	17532
Düzce	TR	40.8	194097
Edirne	TR	41.7	180002
Edremit	TR	39.6	40777
Eğirdir	TR	37.9	16891
Elazığ	TR	38.7	443363
Elbistan	TR	38.2	80456
Elmadağ	TR	39.9	25394
Elmalı	TR	36.7	16587
Emet	TR	39.3	23812
Eminönü	TR	41.0	55548
Emirdağ	TR	39.0	20063
Erbaa	TR	40.7	52185
Erciş	TR	39.0	91915
Erdek	TR	40.4	22678
Erdemli	TR	36.6	46570
Ereğli	TR	37.5	156253
Ergani	TR	38.3	52684
Ermenek	TR	36.6	16986
Erzin	TR	37.0	26316
Erzincan	TR	39.7	150714
Erzurum	TR	39.9	767848
Esenler	TR	41.0	520235
Esenyurt	TR	41.0	983571
Eskişehir	TR	39.8	921630
Espiye	TR	40.9	15058
Etlik	TR	40.0	32156
Evka-Üç	TR	38.5	20600
Ezine	TR	39.8	15677
Fatih	TR	41.0	356025
Fatsa	TR	41.0	82160
Ferizli	TR	40.9	23740
Fethiye	TR	36.6	60437
Foça	TR	38.7	28594
Gaziantep	TR	37.1	2222415
Gazipaşa	TR	36.3	18371
Gebze	TR	40.8	281436
Gediz	TR	39.0	22058
Gelibolu	TR	40.4	25178
Gemerek	TR	39.2	16916
Gemlik	TR	40.4	71063
Genç	TR	38.7	22493
Gerede	TR	40.8	28582
Geyve	TR	40.5	20199
Giresun	TR	40.9	125682
Göksun	TR	38.0	34243
Gölbaşı	TR	39.8	165201
Gölcük	TR	40.7	56189
Gönen	TR	40.1	40763
Görele	TR	41.0	30381
Görükle	TR	40.2	35882
Gümüşhane	TR	40.5	39214
Güngören Merter	TR	41.0	50000
Gürgentepe	TR	40.8	18771
Güroymak	TR	38.6	25826
Gürpınar	TR	41.0	29411
Gürsu	TR	40.2	24510
Hacılar	TR	38.6	21167
Hadim	TR	37.0	20110
Hakkâri	TR	37.6	77699
Havza	TR	41.0	21500
Hayrabolu	TR	41.2	19793
Hendek	TR	40.8	35257
Hilvan	TR	37.6	16990
Hizan	TR	38.2	15302
Hıdırbey	TR	36.2	27057
Hınıs	TR	39.4	35472
Hopa	TR	41.4	17519
Horasan	TR	40.0	17067
İdil	TR	37.3	22960
Iğdır	TR	39.9	101700
Ilgın	TR	38.3	27423
İmamoğlu	TR	37.3	31916
İncirli	TR	40.0	30440
İncirliova	TR	37.9	18572
İnegol	TR	40.1	133959
İskenderun	TR	36.6	251682
İskilip	TR	40.7	19829
Isparta	TR	37.8	172334
Istanbul	TR	41.0	15701602
İstinye	TR	41.1	15721
İzmir	TR	38.4	2938292
İzmit	TR	40.8	196571
İznik	TR	40.4	22230
Kadirli	TR	37.4	70248
Kadınhanı	TR	38.2	15301
Kağızman	TR	40.2	25157
Kahramanmaraş	TR	37.6	384953
Kâhta	TR	37.8	97875
Kaman	TR	39.4	28605
Kandıra	TR	41.1	16264
Karabağlar	TR	38.4	479338
Karabük	TR	41.2	125403
Karacabey	TR	40.2	44256
Karaçoban	TR	39.3	20467
Karakoçan	TR	39.0	29735
Karaman	TR	37.2	175390
Karamürsel	TR	40.7	30525
Karapınar	TR	37.7	49509
Karasu	TR	41.1	30746
Karasu Mahallesi	TR	41.1	39508
Kars	TR	40.6	91450
Karşıyaka	TR	38.5	339624
Kastamonu	TR	41.4	125622
Kavaklı	TR	41.1	50502
Kaynaşlı	TR	40.8	20379
Kayseri	TR	38.7	1452458
Kazan	TR	40.2	23889
Kelkit	TR	40.1	23870
Kemalpaşa	TR	38.4	30411
Kemer	TR	36.6	17300
Keşan	TR	40.9	44644
Keskin	TR	39.7	49679
Kestel	TR	40.2	36185
Kilis	TR	36.7	111648
Kireçocağı	TR	37.0	45476
Kırıkhan	TR	36.5	60916
Kırıkkale	TR	39.8	186960
Kırkağaç	TR	39.1	21789
Kırklareli	TR	41.7	58223
Kırşehir	TR	39.1	150700
Kızılcahamam	TR	40.5	17975
Kızıltepe	TR	37.2	150174
Kocaali	TR	41.1	15076
Konak	TR	38.4	332277
Konaklı	TR	36.6	17966
Konya	TR	37.9	1433861
Körfez	TR	40.8	90580
Korgan	TR	40.8	16733
Korkuteli	TR	37.1	20465
Kovancılar	TR	38.7	22976
Kozan	TR	37.5	88115
Kozluk	TR	38.2	29502
Küçükçekmece	TR	41.0	792030
Küçükçiğli	TR	38.5	21784
Kula	TR	38.5	31100
Kulp	TR	38.5	26569
Kulu	TR	39.1	47037
Kumru	TR	40.9	32174
Kurtalan	TR	37.9	32114
Kuşadası	TR	37.9	63177
Kütahya	TR	39.4	185008
Lice	TR	38.5	16336
Lüleburgaz	TR	41.4	90899
Mahmutlar	TR	36.5	24227
Malatya	TR	38.4	750491
Malazgirt	TR	39.1	26108
Malkara	TR	40.9	27427
Maltepe	TR	40.9	427040
Manavgat	TR	36.8	99254
Manisa	TR	38.6	243971
Mardin	TR	37.3	129864
Marmaris	TR	36.9	33731
Menderes	TR	38.2	21965
Menemen	TR	38.6	53489
Merkezefendi	TR	37.8	280341
Mersin	TR	36.8	537842
Merter Keresteciler	TR	41.0	50000
Merzifon	TR	40.9	50658
Midyat	TR	37.4	76268
Milas	TR	37.3	43193
Mimarsinan	TR	41.0	31002
Mucur	TR	39.1	16522
Mudanya	TR	40.4	23161
Muğla	TR	37.2	92328
Muratpaşa	TR	36.9	450000
Muş	TR	38.7	82536
Mustafakemalpaşa	TR	40.0	101412
Mut	TR	36.6	49397
Nallıhan	TR	40.2	19106
Narlıca	TR	36.2	18445
Nazilli	TR	37.9	119370
Nevşehir	TR	38.6	75527
Niğde	TR	38.0	91039
Niksar	TR	40.6	49865
Nilüfer	TR	40.2	536365
Nizip	TR	37.0	82308
Nusaybin	TR	37.1	88977
Oba	TR	36.6	28864
Ödemiş	TR	38.2	67153
Of	TR	40.9	31951
Oltu	TR	40.5	23504
Ordu	TR	41.0	229214
Orhangazi	TR	40.5	51792
Ortaca	TR	36.8	19741
Ortaköy	TR	38.7	31144
Osmancık	TR	41.0	36443
Osmaneli	TR	40.4	15708
Osmaniye	TR	37.1	202837
Pasinler	TR	40.0	24553
Patnos	TR	39.2	87451
Pazarcık	TR	37.5	23850
Polatlı	TR	39.6	93262
Reyhanlı	TR	36.3	56995
Rize	TR	41.0	119828
Safranbolu	TR	41.3	35242
Salihli	TR	38.5	119311
Samandağ	TR	36.1	123447
Samsun	TR	41.3	394050
Sancaktepe	TR	41.0	489848
Sandıklı	TR	38.5	42981
Şanlıurfa	TR	37.2	449549
Sapanca	TR	40.7	25224
Sarayköy	TR	37.9	18937
Sarigerme	TR	36.7	16000
Sarıkamış	TR	40.3	23665
Şarkîkaraağaç	TR	38.1	32771
Şarkışla	TR	39.4	23800
Şebin Karahisar	TR	40.3	47360
Seferihisar	TR	38.2	19596
Selçuk	TR	38.0	29101
Şemdinli	TR	37.3	18978
Şemikler	TR	38.5	29321
Senirkent	TR	38.1	15919
Şereflikoçhisar	TR	38.9	44101
Serik	TR	36.9	36925
Serinhisar	TR	37.6	17169
Serinyol	TR	36.4	16753
Seydişehir	TR	37.4	51089
Siirt	TR	37.9	114034
Şile	TR	41.2	19778
Silifke	TR	36.4	132665
Silivri	TR	41.1	53167
Silopi	TR	37.2	114645
Silvan	TR	38.1	65956
Simav	TR	39.1	34909
Sinop	TR	42.0	34834
Şişli	TR	41.1	314684
Sivas	TR	39.7	264022
Siverek	TR	37.8	175341
Şırnak	TR	37.5	67662
Söke	TR	37.7	68230
Solhan	TR	39.0	15303
Soma	TR	39.2	98714
Sorgun	TR	39.8	62862
Sultanbeyli	TR	41.0	358201
Sultangazi	TR	41.1	436935
Suluova	TR	40.8	47572
Sungurlu	TR	40.2	37526
Sürmene	TR	40.9	20039
Suruç	TR	37.0	101178
Suşehri	TR	40.2	25820
Susurluk	TR	39.9	24816
Talas	TR	38.7	36890
Tarabya	TR	41.1	17852
Tarsus	TR	36.9	350732
Taşköprü	TR	41.5	17491
Taşova	TR	40.8	19253
Taşucu	TR	36.3	15184
Tatvan	TR	38.5	73222
Tavşanlı	TR	39.5	52182
Tekirdağ	TR	41.0	122287
Tekkeköy	TR	41.2	17226
Tepecik	TR	41.0	21699
Terme	TR	41.2	28397
Tire	TR	38.1	47220
Tirebolu	TR	41.0	17124
Tokat	TR	40.3	129702
Torbalı	TR	38.2	50303
Tosya	TR	41.0	24013
Trabzon	TR	41.0	244083
Tunceli	TR	39.1	35161
Turgutlu	TR	38.5	103292
Turgutreis	TR	37.0	16490
Turhal	TR	40.4	110884
Umraniye	TR	41.0	573265
Ünye	TR	41.1	77585
Ürgüp	TR	38.6	16642
Urla	TR	38.3	62989
Uşak	TR	38.7	369433
Üsküdar	TR	41.0	524452
Uzunköprü	TR	41.3	36470
Vakfıkebir	TR	41.0	37728
Van	TR	38.5	525016
Varto	TR	39.2	18691
Vezirköprü	TR	41.1	25155
Viranşehir	TR	37.2	154163
Yahyalı	TR	38.1	25019
Yakınca	TR	38.3	23063
Yakuplu	TR	41.0	28811
Yalova	TR	40.7	71289
Yalvaç	TR	38.3	39145
Yatağan	TR	37.3	19020
Yenişehir	TR	40.3	28656
Yerköy	TR	39.6	35294
Yeşilli	TR	37.3	32072
Yeşilova	TR	38.2	15242
Yomra	TR	41.0	19770
Yozgat	TR	39.8	87881
Yüksekova	TR	37.6	71729
Yumurtalık	TR	36.8	17654
Zekeriya	TR	41.2	22558
Zeytinburnu	TR	41.0	280896
Zile	TR	40.3	55680
Zonguldak	TR	41.5	101749
Arima	TT	10.6	35000
Chaguanas	TT	10.5	67433
Diego Martin	TT	10.7	25370
Laventille	TT	10.6	21000
Marabella	TT	10.3	26700
Mon Repos	TT	10.3	56380
Paradise	TT	10.7	15067
Point Fortin	TT	10.2	19056
Port of Spain	TT	10.7	49031
Rio Claro	TT	10.3	35650
San Fernando	TT	10.3	55419
Sangre Grande	TT	10.6	15968
Scarborough	TT	11.2	17000
Tunapuna	TT	10.7	17758
Funafuti	TV	-8.5	6320
Bade	TW	24.9	209148
Banqiao	TW	25.0	551221
Beidou	TW	23.9	33289
Beigang	TW	23.6	33300
Budai	TW	23.4	19268
Buzi	TW	24.2	40467
Caotun	TW	24.0	96838
Chang-hua	TW	24.1	226564
Changhua	TW	24.1	226564
Chaozhou	TW	22.5	53338
Chiayi City	TW	23.5	263188
Citong	TW	23.8	24998
Danshui	TW	25.2	189271
Daxi	TW	24.9	94222
Donggang	TW	22.5	47746
Douliu	TW	23.7	107924
Erlin	TW	23.9	43652
Erlun	TW	23.8	25183
Fengshan	TW	22.6	356463
Hengchun	TW	22.0	29702
Hsinchu	TW	24.8	453536
Hualien City	TW	24.0	99458
Jincheng	TW	24.4	37507
Jinhu	TW	24.4	30826
Kaohsiung	TW	22.6	2737660
Keelung	TW	25.1	362487
Linnei	TW	23.8	16856
Lugu	TW	23.7	17746
Magong	TW	23.6	63745
Miaoli	TW	24.6	86327
Nantou	TW	23.9	105682
Neihu	TW	25.1	274538
Neili	TW	25.0	112845
New Taipei City	TW	25.1	4004367
Pitou	TW	23.9	29314
Puli	TW	24.0	86406
Sanxia	TW	24.9	115185
Sanzhi	TW	25.3	23452
Shetou	TW	23.9	36565
Shulin	TW	25.0	180044
Taibao	TW	23.5	38696
Taichung	TW	24.1	2850285
Tainan	TW	23.0	1856642
Taipei	TW	25.1	7871900
Taitung	TW	22.8	103260
Taoyuan	TW	25.0	475798
Tianwei	TW	23.9	26063
Tianzhong	TW	23.9	34903
Toufen	TW	24.7	106310
Wufeng	TW	24.1	65567
Xihu	TW	24.0	54033
Xiluo	TW	23.8	37181
Xingang	TW	23.6	30543
Xinying	TW	23.3	74972
Xiulin	TW	24.1	17068
Xizhi	TW	25.1	204619
Xizhou	TW	24.3	28597
Yilan	TW	24.8	94188
Yingge	TW	25.0	87920
Yongjing	TW	23.9	35365
Yongkang	TW	23.0	233730
Yuanlin	TW	24.0	124725
Yujing	TW	23.1	16597
Zhongxing New Village	TW	24.0	25549
Zhubei	TW	24.8	212695
Zhudong	TW	24.7	96518
Zhushan	TW	23.8	44083
Arusha	TZ	-3.4	617631
Babati	TZ	-4.2	67445
Bagamoyo	TZ	-6.4	82426
Bariadi	TZ	-2.8	260927
Bashanet	TZ	-4.2	19087
Basotu	TZ	-4.4	20937
Biharamulo	TZ	-2.6	34038
Boma la Ngombe	TZ	-3.3	37538
Bugarama	TZ	-2.9	32494
Bukoba	TZ	-1.3	144938
Bunda	TZ	-2.0	182970
Bungu	TZ	-7.6	27873
Buseresere	TZ	-3.0	52870
Butiama	TZ	-1.8	16376
Chake Chake	TZ	-5.2	52047
Chala	TZ	-7.6	22624
Chalinze	TZ	-6.6	34335
Chanika	TZ	-5.4	30905
Chato	TZ	-2.6	30000
Chimala	TZ	-8.9	24817
Dar es Salaam	TZ	-6.8	5383728
Dareda	TZ	-4.2	19876
Diobahika	TZ	-3.3	45000
Dodoma	TZ	-6.2	765179
Dongobesh	TZ	-4.1	18864
Dumila	TZ	-6.4	40000
Galappo	TZ	-4.3	18528
Geiro	TZ	-6.2	40000
Geita	TZ	-2.9	318006
Handeni	TZ	-5.4	108968
Hedaru	TZ	-4.5	21000
Ifakara	TZ	-8.1	205843
Igugunu	TZ	-4.6	22810
Igunga	TZ	-4.3	45000
Igurusi	TZ	-8.8	25000
Ikungi	TZ	-5.1	19692
Ikwiriri	TZ	-8.0	45000
Ilembula	TZ	-8.9	18870
Ilongero	TZ	-4.7	17342
Ilula	TZ	-7.7	29193
Ipinda	TZ	-9.5	17775
Iringa	TZ	-7.8	202490
Isaka	TZ	-3.9	21094
Itigi	TZ	-5.7	24000
Izazi	TZ	-7.2	18010
Kabanga	TZ	-2.6	19421
Kahama	TZ	-3.8	453654
Kakonko	TZ	-3.3	24688
Kakunyu	TZ	-1.0	26379
Kamachumu	TZ	-1.6	15701
Kasamwa	TZ	-2.9	27681
Kassambya	TZ	-1.2	37028
Kasulu	TZ	-4.6	238321
Katerero	TZ	-1.4	18430
Katesh	TZ	-4.5	21462
Katoro	TZ	-3.0	75000
Katumba	TZ	-9.2	108558
Kibaha	TZ	-6.8	265360
Kibaigwa	TZ	-6.1	50054
Kibakwe	TZ	-6.7	19526
Kibara	TZ	-2.1	17211
Kibiti	TZ	-7.7	30163
Kibondo	TZ	-3.6	28666
Kidatu	TZ	-7.7	37542
Kidodi	TZ	-7.6	35953
Kigoma	TZ	-4.9	232388
Kigonsera	TZ	-10.8	22155
Kihangara	TZ	-2.6	19082
Kilindoni	TZ	-7.9	23426
Kilosa	TZ	-6.8	91889
Kilwa Masoko	TZ	-8.9	21519
Kingori	TZ	-3.3	22839
Kiomboi	TZ	-4.3	23519
Kirando	TZ	-7.4	33111
Kiratu	TZ	-3.3	20000
Kisesa	TZ	-2.5	30000
Kishapu	TZ	-3.6	16371
Kitama	TZ	-10.7	16232
Kiwira	TZ	-9.2	21342
Kondoa	TZ	-4.9	80443
Korogwe	TZ	-5.2	62032
Kyela	TZ	-9.6	47000
Laela	TZ	-8.6	19185
Lalago	TZ	-3.5	22551
Lembeni	TZ	-3.8	16008
Lindi	TZ	-10.0	95096
Liwale	TZ	-9.8	25000
Lubata	TZ	-6.1	18000
Luchingu	TZ	-10.9	25145
Lugoba	TZ	-6.5	16902
Lukuledi	TZ	-10.6	29699
Lushoto	TZ	-4.8	34000
Mabama	TZ	-5.1	15320
Madizini	TZ	-6.1	18000
Mafinga	TZ	-8.3	99305
Magole	TZ	-6.4	18753
Magomeni	TZ	-6.8	19086
Magu	TZ	-2.6	35000
Magugu	TZ	-4.0	26131
Mahanje	TZ	-9.9	15009
Makongolosi	TZ	-8.4	23787
Makumbako	TZ	-8.8	116232
Makuyuni	TZ	-3.5	20000
Malampaka	TZ	-3.1	16916
Malinyi	TZ	-8.9	27041
Mambali	TZ	-4.5	30398
Manyoni	TZ	-5.8	25000
Mapinga	TZ	-6.6	40000
Maposeni	TZ	-10.6	19472
Maramba	TZ	-5.0	26531
Masasi	TZ	-10.7	89700
Masumbwe	TZ	-3.6	50000
Maswa	TZ	-2.7	22025
Matai	TZ	-8.3	24070
Matiri	TZ	-10.8	18830
Matongo	TZ	-1.5	20000
Matui	TZ	-4.8	20241
Matundasi	TZ	-8.4	26073
Mazinde	TZ	-4.8	20534
Mbeya	TZ	-8.9	541603
Mbinga	TZ	-10.9	60868
Mbuguni	TZ	-3.6	49801
Mbulu	TZ	-3.9	45384
Merelani	TZ	-3.6	50000
Mgandu	TZ	-6.0	23718
Mhalamba	TZ	-2.6	25000
Mhango	TZ	-3.3	21553
Mikumi	TZ	-7.4	20000
Misungwi	TZ	-2.9	35530
Mkoani	TZ	-5.4	23719
Mkuranga	TZ	-7.1	28037
Mlalo	TZ	-4.9	15576
Mlandizi	TZ	-6.7	29394
Mlangali	TZ	-9.8	15168
Mlimba	TZ	-8.8	34970
Mlowo	TZ	-9.0	40000
Morogoro	TZ	-6.8	471409
Moshi	TZ	-3.4	221733
Mpanda	TZ	-6.3	204338
Mpwapwa	TZ	-6.3	30000
Msowero	TZ	-6.5	17861
Mtinko	TZ	-4.5	26725
Mto wa Mbu	TZ	-3.4	17754
Mtwango	TZ	-9.0	19040
Mtwara	TZ	-10.3	140793
Mugumu	TZ	-1.9	29000
Muheza	TZ	-5.2	20000
Mungaa	TZ	-5.0	16715
Muriti	TZ	-2.0	20254
Musoma	TZ	-1.5	164172
Mutukula	TZ	-1.0	26532
Mvomero	TZ	-6.3	31324
Mwadui	TZ	-3.5	23296
Mwandege	TZ	-7.0	45000
Mwandiga	TZ	-4.8	16822
Mwanhuzi	TZ	-3.5	21664
Mwanza	TZ	-2.5	1104521
Nachingwea	TZ	-10.4	21000
Namanyere	TZ	-7.5	40000
Nanganga	TZ	-10.4	17468
Nangomba	TZ	-10.9	23028
Nangwa	TZ	-4.5	18595
Nansio	TZ	-2.1	44000
Nanyamba	TZ	-10.7	19555
Newala	TZ	-10.9	34862
Newala Kisimani	TZ	-10.9	38099
Ngara	TZ	-2.5	16890
Ngerengere	TZ	-6.8	17181
Ngudu	TZ	-3.0	32446
Nguruka	TZ	-5.1	39135
Njombe	TZ	-9.3	92537
Nshamba	TZ	-1.8	19815
Nsunga	TZ	-1.1	20049
Nungwi	TZ	-5.7	30762
Nyakabindi	TZ	-2.6	18428
Nyalikungu	TZ	-3.2	24648
Nyamuswa	TZ	-1.9	16507
Nyangao	TZ	-10.3	16343
Nzega	TZ	-4.2	125193
Old Shinyanga	TZ	-3.5	23747
Puma	TZ	-5.0	17092
Ruaha	TZ	-7.7	24000
Ruangwa	TZ	-10.1	20000
Rujewa	TZ	-8.7	42013
Rulenge	TZ	-2.7	22069
Same	TZ	-4.1	34322
Sengerema	TZ	-2.7	110000
Sepuka	TZ	-4.8	25657
Shanwa	TZ	-3.2	28000
Shelui	TZ	-4.4	24817
Shinyanga	TZ	-3.7	139727
Shirati	TZ	-1.1	18904
Sikonge	TZ	-5.6	27113
Singida	TZ	-4.8	232459
Sirari	TZ	-1.3	25000
Sokoni	TZ	-6.4	25821
Somanda	TZ	-3.4	33932
Songea	TZ	-10.7	286285
Songwa	TZ	-3.5	23618
Sumbawanga	TZ	-8.0	303986
Tabora	TZ	-5.0	308741
Tandahimba	TZ	-10.8	20000
Tanga	TZ	-5.1	393429
Tarakea	TZ	-3.0	18000
Tarime	TZ	-1.4	133043
Tinde	TZ	-3.9	22082
Tingi	TZ	-11.3	16315
Tukuyu	TZ	-9.3	50000
Tumbi	TZ	-5.1	32900
Tunduma	TZ	-9.3	219309
Tunduru	TZ	-11.1	48000
Urambo	TZ	-5.1	31752
Urunda	TZ	-8.7	23000
Usa River	TZ	-3.4	21000
Usagara	TZ	-2.7	15514
Usangi	TZ	-3.7	21000
Usevia	TZ	-7.1	17742
Ushirombo	TZ	-3.5	95052
Utengule	TZ	-8.9	50000
Uvinza	TZ	-5.1	24650
Uyovu	TZ	-3.3	60849
Vikindu	TZ	-7.0	70000
Vwawa	TZ	-9.1	85000
Wete	TZ	-5.1	35951
Zanzibar	TZ	-6.2	709809
Alchevsk	UA	48.5	106062
Alushta	UA	44.7	29586
Amvrosiyivka	UA	47.8	17998
Antratsyt	UA	48.1	52150
Apostolove	UA	47.7	15828
Armyansk	UA	46.1	24442
Arshyntseve	UA	45.3	34500
Avdiyivka	UA	48.1	35826
Avtozavodskyi	UA	49.1	157382
Bahacheve	UA	49.0	15763
Bakhchysaray	UA	44.8	27448
Bakhmach	UA	51.2	16862
Bakhmut	UA	48.6	80500
Balaklava	UA	44.5	18649
Balakliya	UA	49.5	26334
Balta	UA	47.9	18511
Bar	UA	49.1	15337
Berdyansk	UA	46.8	106311
Berdychiv	UA	49.9	73046
Berehove	UA	48.2	23325
Berestovskyi	UA	48.0	80671
Berestyn	UA	49.4	21426
Berezan	UA	50.3	16202
Berezhany	UA	49.4	17697
Berezniaky	UA	50.4	46000
Bila Tserkva	UA	49.8	207273
Bilhorod-Dnistrovskyi	UA	46.2	47727
Bilohirsk	UA	45.1	16428
Bilohorodka	UA	50.4	21369
Bilopillia	UA	51.1	15600
Bilychi	UA	50.5	40200
Bohodukhiv	UA	50.2	17818
Bohodukhivskyi	UA	48.0	90600
Bohuniya	UA	50.3	147324
Bohuslav	UA	49.5	15789
Bolhrad	UA	45.7	15044
Borshchahivka	UA	50.4	179900
Bortnychi	UA	50.4	15500
Boryslav	UA	49.3	32473
Boryspil	UA	50.4	64117
Bosse	UA	48.0	50000
Boyarka	UA	50.3	34394
Brody	UA	50.1	23134
Brovary	UA	50.5	109806
Bryanka	UA	48.5	44760
Bucha	UA	50.5	42279
Cheremushky	UA	46.4	120000
Cherkasy	UA	49.4	269836
Chernihiv	UA	51.5	282747
Chernivtsi	UA	48.3	264298
Chokolivka	UA	50.4	73600
Chornomors’k	UA	46.3	57983
Chortkiv	UA	49.0	28393
Chuhuyiv	UA	49.8	36519
Chumakivskyi	UA	48.0	103005
Chystyakove	UA	48.0	53462
Darnytskyi Masyv	UA	50.4	68900
Darnytsya	UA	50.4	343384
Darnytsya Car Repair Plant Microdistrict	UA	50.4	17600
Debaltseve	UA	48.3	24209
Demiyivka	UA	50.4	29200
Derhachi	UA	50.1	17139
Desna	UA	50.5	368500
Desnyanskyi	UA	51.5	179600
Dnipro	UA	48.5	968502
Dniprorudne	UA	47.4	17736
Dniprovskyi	UA	50.5	357900
Dobropillya	UA	48.5	28170
Dokuchayevsk	UA	47.8	22835
Dolyna	UA	49.0	20417
Dolynska	UA	48.1	25362
Donetsk	UA	48.0	901645
Dovzhansk	UA	48.1	62691
Drohobych	UA	49.4	73682
Druzhkivka	UA	48.6	53977
Dubno	UA	50.4	37257
Dunayivtsi	UA	48.9	15707
Dzhankoy	UA	45.7	41731
Enerhodar	UA	47.5	52887
Fastiv	UA	50.1	44014
Feodosiya	UA	45.0	68562
Fortechnyi	UA	48.5	167451
Hadyach	UA	50.4	23480
Haysyn	UA	48.8	25735
Henichesk	UA	46.2	19501
Hirnytskyi	UA	48.0	107216
Hladkivka	UA	48.0	41500
Hlukhiv	UA	51.7	31789
Holosiyiv	UA	50.3	62200
Holubivka	UA	48.6	26654
Horishni Plavni	UA	49.0	49854
Horlivka	UA	48.3	239828
Horodok	UA	49.2	16046
Hostomel	UA	50.6	18466
Hruzkyi	UA	48.1	52265
Ihren	UA	48.5	22118
Ilovays’k	UA	47.9	15447
Industrialnyi	UA	50.0	157900
Inhulets	UA	47.7	62173
Irpin	UA	50.5	65167
Ivano-Frankivsk	UA	48.9	238196
Iziaslav	UA	50.1	16162
Izmayil	UA	45.4	69932
Izyum	UA	49.2	45884
Kadiyivka	UA	48.6	73248
Kakhovka	UA	46.8	35983
Kalmiuskyi	UA	47.1	101498
Kalush	UA	49.0	65088
Kalynivka	UA	49.5	18492
Kalynivskyi	UA	48.0	103249
Kamyanets-Podilskyi	UA	48.7	97908
Kamyanobridskyi	UA	48.6	42396
Kamyanske	UA	48.5	226845
Kaniv	UA	49.8	23503
Karavayevi Dachi	UA	50.4	35600
Katerynivka	UA	48.6	16948
Kerch	UA	45.4	148932
Khanzhonkivskyi	UA	48.1	53040
Khanzhonkove	UA	48.1	40007
Kharkiv	UA	50.0	1421125
Kharkivskyi Masyv	UA	50.4	93700
Khartsyzk	UA	48.0	56182
Kherson	UA	46.6	66000
Khmelnytskyi	UA	49.4	274452
Khmilnyk	UA	49.6	27707
Kholodna Hora	UA	50.0	89000
Khrestivka	UA	48.1	27370
Khrustalnyi	UA	48.1	79533
Khust	UA	48.2	28424
Kiliya	UA	45.4	19540
Kindrativskyi	UA	48.3	101565
Kivsharivka	UA	49.6	19738
Klov	UA	50.4	18000
Knyahynyn	UA	48.9	16554
Kolomyia	UA	48.5	60821
Konotop	UA	51.2	84787
Korabelna Storona	UA	44.6	66686
Korolyov	UA	50.2	114034
Korosten	UA	51.0	61496
Korostyshiv	UA	50.3	24129
Korsun-Shevchenkivskyi	UA	49.4	17763
Kostopil	UA	50.9	30838
Kostyantynivka	UA	48.5	67350
Kotsyubynske	UA	50.5	17623
Kovel	UA	51.2	67575
Kovpakivskyi	UA	50.9	142447
Kozyatyn	UA	49.7	23241
Kramatorsk	UA	48.7	147145
Krasyliv	UA	49.7	18868
Kremenchuk	UA	49.1	224997
Kremenets	UA	50.1	21063
Kreminna	UA	49.0	18116
Krolevets	UA	51.6	24115
Kropyvnytskyi	UA	48.5	219676
Kryukiv	UA	49.0	75578
Kryvyy Rih	UA	47.9	603904
Kupyansk	UA	49.7	27169
Kurakhove	UA	48.0	18220
Kurenivka	UA	50.5	23700
Kybalchych	UA	50.5	16100
Kyiv	UA	50.5	2952301
Kyivskyi	UA	50.0	182900
Ladyzhyn	UA	48.7	22459
Lebedyn	UA	50.6	23892
Lisovyi Masyv	UA	50.5	87300
Liubotyn	UA	49.9	20001
Livoberezhnyi	UA	47.1	122175
Livoberezhnyi Masyv	UA	50.5	26200
Livyi Bereh	UA	48.6	71809
Lozova	UA	48.9	54026
Lubny	UA	50.0	44595
Luhansk	UA	48.6	397677
Lukyanivka	UA	50.5	31400
Lutsk	UA	50.8	215986
Lutuhyne	UA	48.4	17061
Lviv	UA	49.8	717273
Lyman	UA	49.0	20066
Lypky	UA	50.4	18100
Lysychansk	UA	48.9	93340
Makiyivka	UA	48.0	338968
Malyn	UA	50.8	25172
Marhanets	UA	47.6	44980
Mariupol	UA	47.1	230000
Masany	UA	51.5	30000
Melitopol	UA	46.8	148851
Merefa	UA	49.8	21202
Minskyi Masyv	UA	50.5	33000
Mohyliv-Podilskyy	UA	48.4	30589
Molodizhne	UA	49.2	44000
Mostyska	UA	49.8	16945
Mostytskyi Masyv	UA	50.5	25000
Mukachevo	UA	48.4	85569
Mykilska Borshchahivka	UA	50.4	127400
Mykolayiv	UA	47.0	470011
Mykytivskyi	UA	48.3	70474
Myrhorod	UA	50.0	39575
Myrnohrad	UA	48.3	46098
Nadvirna	UA	48.6	22504
Nahirna Chastyna	UA	49.1	30000
Nemyshlyanskyi	UA	50.0	144200
Netishyn	UA	50.3	36492
Nikopol	UA	47.6	105160
Nizhyn	UA	51.0	66983
Nova Bavariya	UA	49.9	17616
Nova Darnytsya	UA	50.4	45700
Nova Kakhovka	UA	46.8	44427
Nova Zabudova	UA	50.4	49000
Novhorod-Siverskyi	UA	52.0	15175
Novobavarskyi	UA	50.0	108100
Novobilychi	UA	50.5	28500
Novoukrayinka	UA	48.3	16479
Novovolynsk	UA	50.7	49772
Novoyavorivs'k	UA	49.9	31366
Novozavodskyi	UA	51.5	179600
Novyi Lviv	UA	49.8	40000
Novyi Rozdil	UA	49.5	28304
Nyvky	UA	50.5	71700
Nyzhnodniprovsk	UA	48.5	160123
Nyzhnya Telychka	UA	50.4	17000
Obolon	UA	50.5	239500
Obukhiv	UA	50.1	31557
Odesa	UA	46.5	1010537
Okhtyrka	UA	50.3	47216
Oleksandrivska Slobidka	UA	50.4	34100
Oleksandrivskyi	UA	48.0	100330
Oleksandriya	UA	48.7	76097
Oleksiyivka	UA	50.0	100500
Oleshky	UA	46.6	24639
Osnovyanskyi	UA	49.9	93000
Otamanivka	UA	48.3	22449
Ovruch	UA	51.3	15332
Pavlohrad	UA	48.5	101430
Pechersk	UA	50.4	100900
Pelahiivka	UA	48.1	17877
Pereiaslav	UA	50.1	26273
Perevalsk	UA	48.4	24817
Pervomaysk	UA	48.0	62426
Pidhorodnye	UA	48.6	19138
Pisochyn	UA	50.0	23509
Pivdenna Borshchahivka	UA	50.4	50500
Pivdenne	UA	46.6	32677
Pivdennoukrainsk	UA	47.8	38560
Pivnichna Saltivka	UA	50.0	45000
Pivnichni Osokorky	UA	50.4	39500
Pivnichno-Brovarskyi Masyv	UA	50.5	37600
Podil	UA	49.6	31870
Podilsk	UA	47.7	39220
Podilskyi	UA	48.5	86652
Pokrov	UA	47.7	37493
Pokrovsk	UA	48.3	60127
Polohy	UA	47.5	18111
Polonne	UA	50.1	20785
Poltava	UA	49.6	279593
Popasna	UA	48.6	19199
Pozniaky	UA	50.4	104400
Pravyi Bereh	UA	47.1	352088
Priorka	UA	50.5	36500
Pryluky	UA	50.6	52553
Prymorskyi	UA	47.1	71008
Pyatykhatky	UA	48.4	18140
Radomyshl	UA	50.5	15252
Rakhiv	UA	48.1	15621
Rakivka	UA	49.0	17400
Rakove	UA	49.4	17000
Rayduzhnyi Masyv	UA	50.5	26600
Rayon KhTZ	UA	49.9	131000
Reni	UA	45.5	18530
Rivne	UA	50.6	243873
Romny	UA	50.7	38305
Rovenky	UA	48.1	45514
Rozdilna	UA	46.9	17858
Rubizhne	UA	49.0	55247
Rusanivka	UA	50.4	27400
Rutchenkivskyi	UA	48.0	168029
Saky	UA	45.1	28322
Saltivka	UA	50.0	409300
Saltivskyi	UA	50.0	302600
Samar	UA	48.6	70550
Sambir	UA	49.5	34152
Saperna Slobidka	UA	50.4	20200
Sarny	UA	51.3	28865
Selydove	UA	48.1	21521
Sevastopol	UA	44.6	547820
Shakhtarsk	UA	48.1	71700
Shakhtarske	UA	48.3	27573
Shepetivka	UA	50.2	40802
Sheptytskyi	UA	50.4	64297
Shevchenkivskyi	UA	50.0	220660
Shevchenko	UA	49.6	147600
Shostka	UA	51.9	73197
Shpola	UA	49.0	16674
Shulyavka	UA	50.5	62200
Simferopol	UA	45.0	336460
Siverskodonetsk	UA	48.9	99067
Skadovsk	UA	46.1	17915
Skhidni Kvartaly	UA	48.6	102500
Skvyra	UA	49.7	17452
Slavuta	UA	50.3	35068
Slavutych	UA	51.5	24464
Slobidskyi	UA	49.9	146850
Slobozhanske	UA	49.6	15825
Slovyansk	UA	48.8	105141
Smila	UA	49.2	66475
Smolyanskyi	UA	48.0	116779
Snizhne	UA	48.0	55587
Sofiivska Borschahivka	UA	50.4	25882
Sokal	UA	50.5	20373
Sokolohirsk	UA	48.6	36091
Solomyanka	UA	50.4	32500
Sonyachnyi	UA	48.7	40650
Sorokyne	UA	48.3	49352
Sotsmisto	UA	48.7	53370
Stara Darnytsya	UA	50.4	25900
Stare Misto	UA	50.4	41800
Starobilsk	UA	49.3	15947
Starokostyantyniv	UA	49.8	34232
Stebnyk	UA	49.3	20200
Stryi	UA	49.3	61404
Sudak	UA	44.8	16597
Sukhodilsk	UA	48.4	20390
Sumy	UA	50.9	256474
Svalyava	UA	48.5	17068
Svatove	UA	49.4	16145
Svitlovodsk	UA	49.1	43130
Svyatopetrivske	UA	50.4	16200
Svyatoshyn	UA	50.5	53000
Sykhiv	UA	49.8	151131
Synelnykove	UA	48.3	30556
Syrets	UA	50.5	45600
Tatarka	UA	50.5	25800
Tekstylnyk	UA	47.9	75000
Telychka	UA	50.4	40000
Teremky	UA	50.4	34500
Teremky-II	UA	50.4	23800
Ternivka	UA	48.5	26961
Ternopil	UA	49.6	225238
Terny	UA	48.1	28000
Tokmak	UA	47.3	29573
Toretsk	UA	48.4	30914
Trostyanets	UA	50.5	19544
Trudivskyi	UA	47.9	16000
Truskavets	UA	49.3	28287
Tsentralno-Miskyi	UA	48.3	118283
Tsentralnyi	UA	47.1	179582
Tulchyn	UA	48.7	15011
Uman	UA	48.8	81525
Uzhhorod	UA	48.6	115449
Varash	UA	51.3	42000
Vasylkiv	UA	50.2	37068
Verhunskyi	UA	48.6	185593
Verkhnodniprovsk	UA	48.7	15477
Vidradnyi	UA	50.4	69800
Vilkhivskyi	UA	48.5	126340
Vilnohirsk	UA	48.5	22079
Vilnyansk	UA	47.9	15044
Vinnytsya	UA	49.2	430091
Vitryani Hory	UA	50.5	18200
Volnovakha	UA	47.6	21166
Volochysk	UA	49.5	18474
Volodymyr-Volynskyi	UA	50.9	37910
Voskresenka	UA	50.5	84200
Vovchansk	UA	50.3	17459
Voznesenivka	UA	48.1	15218
Voznesensk	UA	47.6	33442
Voznesenskyi	UA	47.9	85399
Vyhurivshchyna-Troyeshchyna	UA	50.5	240000
Vynnyky	UA	49.8	19037
Vynohradar	UA	50.5	57500
Vynohradiv	UA	48.1	25317
Vyshhorod	UA	50.6	33109
Vyshhorodskyi Masyv	UA	50.5	35200
Vyshneve	UA	50.4	42983
Yahotyn	UA	50.3	18995
Yalta	UA	44.5	77003
Yany Kapu	UA	46.0	30700
Yasynuvata	UA	48.1	37600
Yenakiyeve	UA	48.2	76673
Yevpatoriya	UA	45.2	107040
Yuzivskyi	UA	48.0	94228
Zaporizhzhya	UA	47.9	710052
Zarichnyi	UA	50.9	150694
Zdolbuniv	UA	50.5	24501
Zhmerynka	UA	49.0	34498
Zhovti Vody	UA	48.3	42052
Zhuravlivka	UA	50.0	20000
Zhytomyr	UA	50.3	261624
Zlatopil	UA	49.4	28510
Znamyanka	UA	48.7	22444
Zolochiv	UA	49.8	22608
Zolotonosha	UA	49.7	27818
Zuhres	UA	48.0	17871
Zvenyhorodka	UA	49.1	16490
Zvyahel	UA	50.6	55925
Abim	UG	2.7	24400
Adjumani	UG	3.4	37100
Anaka	UG	2.6	24000
Apac	UG	2.0	67700
Arua	UG	3.0	72400
Bombo	UG	0.6	29600
Budadiri	UG	1.1	19200
Budaka	UG	1.0	29100
Bugembe	UG	0.5	45600
Bugiri	UG	0.6	36000
Buhesi	UG	0.6	16000
Buhimba	UG	1.3	19500
Buikwe	UG	0.3	18500
Bukomero	UG	0.7	16400
Bukuya	UG	0.7	26972
Bunamwaya	UG	0.3	413400
Bundibugyo	UG	0.7	22300
Busembatia	UG	0.8	15889
Busesa	UG	0.6	32900
Busia	UG	0.5	64900
Busolwe	UG	0.9	16800
Butaleja	UG	0.9	24000
Butemba	UG	1.2	18800
Butunduzi	UG	0.6	17600
Buwenge	UG	0.6	24200
Buyale	UG	1.9	36700
Buyende	UG	1.2	29700
Bwizibwera	UG	-0.6	79157
Dokolo	UG	1.9	23700
Entebbe	UG	0.1	102600
Fort Portal	UG	0.7	60800
Gombe	UG	0.2	16600
Gulu	UG	2.8	177400
Hoima	UG	1.4	122700
Ibanda	UG	-0.1	117700
Iganga	UG	0.6	65500
Iryango	UG	-1.0	20000
Ishaka	UG	-0.5	43700
Isingiro	UG	-0.9	34300
Jinja	UG	0.4	93061
Kabale	UG	-1.2	53200
Kagadi	UG	0.9	28000
Kajansi	UG	0.2	135600
Kakira	UG	0.5	35800
Kakiri	UG	0.4	28100
Kakumiro	UG	0.8	15900
Kaliro	UG	0.9	20500
Kalisizo	UG	-0.5	15200
Kampala	UG	0.3	1680600
Kamuli	UG	0.9	67800
Kamwenge	UG	0.2	23900
Kanungu	UG	-1.0	16600
Kapchorwa	UG	1.4	51200
Kasaali	UG	-0.6	29000
Kasambya	UG	0.4	15700
Kasanda	UG	0.6	17000
Kasangati	UG	0.4	207800
Kasanje	UG	0.2	42300
Kasese	UG	0.2	115400
Kasozi	UG	0.0	24500
Katabi	UG	0.1	154300
Katoke	UG	0.8	18200
Kayunga	UG	0.7	30000
Kazo	UG	-0.1	15900
Kiboga	UG	0.9	22400
Kigumba	UG	1.8	22000
Kihihi	UG	-0.8	21800
Kikube	UG	1.4	18100
Kinoni	UG	-0.7	19400
Kira	UG	0.4	462900
Kireka	UG	0.3	17947
Kiryandongo Refugee Camp	UG	1.9	16600
Kisinga	UG	0.1	18300
Kisoro	UG	-1.3	17700
Kitgum	UG	3.3	56891
Kiziba	UG	0.5	21300
Koboko	UG	3.4	64500
Kotido	UG	3.0	75700
Kumi	UG	1.5	43500
Kyaka II Refugee Camp	UG	0.4	27300
Kyamahungu	UG	-0.5	15800
Kyangwali Refugee Camp	UG	1.2	23847
Kyarusozi	UG	0.8	16300
Kyazanga	UG	-0.4	16000
Kyegegwa	UG	0.5	29400
Kyengera	UG	0.3	285400
Kyenjojo	UG	0.6	28600
Lira	UG	2.2	119323
Lugazi	UG	0.4	128400
Lukaya	UG	-0.1	25600
Luwero	UG	0.8	49100
Lwakyomba	UG	1.1	20500
Lwengo	UG	-0.4	15100
Lyantonde	UG	-0.4	16300
Mabare	UG	-1.0	20100
Magamaga	UG	0.5	19500
Malaba	UG	0.6	20800
Manafwa	UG	1.0	16000
Masaka	UG	-0.3	116600
Masindi	UG	1.7	110500
Mayuge	UG	0.5	20800
Mbale	UG	1.1	111300
Mbarara	UG	-0.6	221300
Mityana	UG	0.4	105200
Moroto	UG	2.5	16300
Moyo	UG	3.7	18800
Mpigi	UG	0.2	49500
Mpondwe	UG	0.0	58600
Mubende	UG	0.6	121600
Muhorro	UG	0.9	27400
Mukono	UG	0.4	191300
Nakaloke	UG	1.1	33700
Nakivale Refugee Camp	UG	-0.7	68400
Namasuba	UG	0.7	22507
Namavundu	UG	0.4	17300
Namayumba	UG	0.5	22100
Namutumba	UG	0.8	22600
Nansana	UG	0.4	532800
Nebbi	UG	2.5	41400
Ngora	UG	1.4	17700
Njeru	UG	0.4	178800
Ntungamo	UG	-0.9	20900
Nyachera	UG	-0.9	30509
Nyahuka	UG	0.7	19600
Nyamunuka	UG	-0.8	16800
Opit	UG	2.6	23200
Paidha	UG	2.4	37500
Pakwach	UG	2.5	28700
Pallisa	UG	1.1	42300
Rubanda	UG	-1.2	22800
Rukungiri	UG	-0.8	37200
Rutoma	UG	-0.6	86100
Rwamwanja Refugee Camp	UG	0.3	49700
Rwiimi	UG	0.4	18600
Sironko	UG	1.2	19300
Soroti	UG	1.7	60900
Tororo	UG	0.7	48500
Wakiso	UG	0.4	87900
Wobulenzi	UG	0.7	31000
Yumbe	UG	3.5	47600
‘Ewa Beach	US	21.3	16415
‘Ewa Gentry	US	21.3	22690
Aberdeen	US	45.5	28102
Abilene	US	32.4	125182
Abington	US	40.1	55310
Acton	US	42.5	20897
Acworth	US	34.1	22131
Ada	US	34.8	17303
Adams Morgan	US	38.9	15830
Addison	US	41.9	37208
Adelanto	US	34.6	33166
Adelphi	US	39.0	15086
Adrian	US	41.9	20691
Affton	US	38.6	20307
Agawam	US	42.1	28761
Agoura	US	34.1	20537
Agoura Hills	US	34.1	20915
Agua Caliente	US	38.3	27090
Ahwatukee Foothills	US	33.3	83464
Aiken	US	33.6	30604
Airport	US	21.3	28916
Akron	US	41.1	197542
Ala Moana - Kakaʻako	US	21.3	18957
Alabaster	US	33.2	32707
Alafaya	US	28.6	78113
Alameda	US	37.8	78630
Alamo	US	26.2	19246
Alamogordo	US	32.9	30753
Albany	US	42.7	101228
Albany Park	US	42.0	52079
Albemarle	US	35.4	16003
Albert Lea	US	43.6	17674
Albertville	US	34.3	21462
Albuquerque	US	35.1	564559
Aldine	US	29.9	15869
Alexandria	US	38.8	159467
Algonquin	US	42.2	30571
Alhambra	US	33.5	127764
Aliamanu / Salt Lakes / Foster Village	US	21.4	38833
Alice	US	27.8	19408
Alief	US	29.7	98725
Aliso Viejo	US	33.6	50195
Allapattah	US	25.8	54289
Allen	US	33.1	98143
Allen Park	US	42.3	27425
Allendale	US	43.0	17579
Allentown	US	40.6	120207
Alliance	US	40.9	22055
Allison Park	US	40.6	21552
Allston	US	42.4	28821
Aloha	US	45.5	49425
Alpharetta	US	34.1	63693
Alsip	US	41.7	19346
Altadena	US	34.2	42777
Altamont	US	42.2	19257
Altamonte Springs	US	28.7	43159
Alton	US	38.9	27003
Altoona	US	40.5	45344
Altus	US	34.6	19214
Alum Rock	US	37.4	15536
Alvin	US	29.4	25791
Amarillo	US	35.2	198645
American Canyon	US	38.2	20554
American Fork	US	40.4	28326
Americus	US	32.1	16028
Ames	US	42.0	65060
Amesbury	US	42.9	18313
Amherst	US	43.0	122366
Amherst Center	US	42.4	19065
Amsterdam	US	42.9	18008
Anacortes	US	48.5	18103
Anaheim	US	33.8	350742
Anchorage	US	61.2	289600
Anderson	US	40.1	55305
Andover	US	45.2	32213
Angleton	US	29.2	19429
Ankeny	US	41.7	56764
Ann Arbor	US	42.3	117070
Annandale	US	38.8	41008
Annapolis	US	39.0	40812
Anniston	US	33.7	22347
Anoka	US	45.2	17350
Ansonia	US	41.3	18854
Antelope	US	38.7	45770
Anthem	US	33.9	21700
Antioch	US	38.0	110542
Apache Junction	US	33.4	38074
Apex	US	35.7	45585
Apopka	US	28.7	48382
Apple Valley	US	34.5	72174
Appleton	US	44.3	74139
Arbutus	US	39.3	20483
Arcadia	US	34.1	58408
Arcata	US	40.9	17843
Arden-Arcade	US	38.6	92186
Ardmore	US	34.2	25176
Arlington	US	32.7	388125
Arlington Heights	US	42.1	75926
Arnold	US	39.0	23106
Arroyo Grande	US	35.1	18108
Artesia	US	33.9	16961
Arvada	US	39.8	115368
Arvin	US	35.2	20876
Asbury Park	US	40.2	15818
Ashburn	US	39.0	43511
Asheboro	US	35.7	26103
Asheville	US	35.6	95056
Ashland	US	37.7	21925
Ashmont	US	42.3	30000
Ashtabula	US	41.9	18371
Ashwaubenon	US	44.5	17176
Aspen Hill	US	39.1	48759
Astoria	US	40.8	150165
Atascadero	US	35.5	29819
Atascocita	US	30.0	65844
Athens	US	34.0	127315
Atlanta	US	33.7	510823
Atlantic City	US	39.4	39260
Attleboro	US	41.9	44284
Atwater	US	37.3	29237
Atwater Village	US	34.1	15455
Auburn	US	47.3	77006
Auburn Gresham	US	41.7	45842
Auburn Hills	US	42.7	22672
Auburndale	US	28.1	15035
Augusta	US	33.5	43459
Aurora	US	39.7	359407
Austin	US	30.3	974447
Austintown	US	41.1	29677
Avenel	US	40.6	17011
Aventura	US	26.0	37649
Avocado Heights	US	34.0	15411
Avon	US	41.5	22544
Avon Center	US	41.5	15724
Avon Lake	US	41.5	23453
Avondale	US	33.4	80684
Azusa	US	34.1	49690
Back Bay	US	42.4	17577
Back Mountain	US	41.3	26973
Badger	US	64.8	19482
Baileys Crossroads	US	38.9	23643
Bainbridge Island	US	47.6	23840
Bakersfield	US	35.4	373640
Balch Springs	US	32.7	25210
Baldwin	US	40.7	24033
Baldwin Park	US	34.1	77071
Ballenger Creek	US	39.4	18274
Ballwin	US	38.6	30577
Baltimore	US	39.3	585708
Bangor	US	44.8	32391
Banning	US	33.9	30945
Barberton	US	41.0	26234
Barnstable	US	41.7	47821
Barrington	US	41.7	16669
Barstow	US	34.9	23692
Barstow Heights	US	34.9	24202
Bartlesville	US	36.7	36595
Bartlett	US	35.2	58579
Bartow	US	27.9	18972
Basking Ridge	US	40.7	21424
Batavia	US	41.9	26495
Bath Beach	US	40.6	33080
Baton Rouge	US	30.4	227470
Battle Creek	US	42.3	51589
Battle Ground	US	45.8	19407
Bay City	US	43.6	33917
Bay Point	US	38.0	21534
Bay Shore	US	40.7	26337
Bay Village	US	41.5	15402
Baychester	US	40.9	16274
Bayonet Point	US	28.3	23467
Bayonne	US	40.7	66311
Bayou Cane	US	29.6	19355
Bayshore Gardens	US	27.4	16323
Bayside	US	40.8	66455
Baytown	US	29.7	76335
Bayview-Hunters Point	US	37.7	34835
Bayville	US	39.9	20512
Bear	US	39.6	19371
Beaumont	US	30.1	115282
Beaver Dam	US	43.5	16564
Beavercreek	US	39.7	46277
Beaverton	US	45.5	96577
Beckley	US	37.8	17056
Bedford	US	32.8	49337
Bel Air North	US	39.6	30568
Bel Air South	US	39.5	47709
Bell	US	34.0	36205
Bell Gardens	US	34.0	43106
Bella Vista	US	36.5	27999
Bellaire	US	29.7	18518
Belle Glade	US	26.7	18251
Belleville	US	38.5	42034
Bellevue	US	47.6	139820
Bellflower	US	33.9	78441
Bellingham	US	48.8	85146
Bellmore	US	40.7	16218
Bellview	US	30.5	23355
Bellwood	US	41.9	19308
Belmont	US	37.5	27218
Belmont Cragin	US	41.9	79159
Beloit	US	42.5	36891
Belton	US	38.8	23168
Beltsville	US	39.0	16772
Belvedere Park	US	33.8	15152
Belvidere	US	42.3	25132
Benbrook	US	32.7	22629
Bend	US	44.1	87014
Benicia	US	38.0	28167
Bensalem	US	40.1	60427
Bensenville	US	42.0	18440
Bensonhurst	US	40.6	60000
Benton	US	34.6	34177
Bentonville	US	36.4	44499
Berea	US	41.4	18874
Bergenfield	US	40.9	27621
Berkeley	US	37.9	120972
Berkley	US	42.5	15268
Berwyn	US	41.9	56368
Bessemer	US	33.4	26730
Bethany	US	45.6	20646
Bethel Park	US	40.3	32118
Bethesda	US	39.0	60858
Bethlehem	US	40.6	74892
Bethpage	US	40.7	16429
Bettendorf	US	41.5	35505
Beverly	US	42.6	41186
Beverly Cove	US	42.6	40365
Beverly Hills	US	34.1	34869
Biddeford	US	43.5	21282
Big Spring	US	32.3	28862
Billerica	US	42.6	39904
Billings	US	45.8	117116
Biloxi	US	30.4	45637
Binghamton	US	42.1	46032
Birmingham	US	33.5	196357
Bismarck	US	46.8	75092
Bixby	US	35.9	24657
Blacksburg	US	37.2	44215
Blaine	US	45.2	62124
Bloomfield	US	40.8	49120
Bloomingdale	US	27.9	22711
Bloomington	US	44.8	86435
Blue Island	US	41.7	23652
Blue Springs	US	39.0	54148
Bluffton	US	32.2	16728
Blythe	US	33.6	19208
Boardman	US	41.0	35376
Boca Del Mar	US	26.3	24244
Boca Raton	US	26.4	93235
Boise	US	43.6	235684
Bolingbrook	US	41.7	74306
Bon Air	US	37.5	16366
Bonita Springs	US	26.3	51704
Bonney Lake	US	47.2	19903
Boone	US	36.2	18156
Borough Park	US	40.6	149248
Bossier City	US	32.5	68094
Boston	US	42.4	653833
Bostonia	US	32.8	15379
Bothell	US	47.8	42939
Bothell West	US	47.8	16607
Boulder	US	40.0	106803
Boulder City	US	36.0	15551
Bountiful	US	40.9	43784
Bourbonnais	US	41.2	18569
Bowie	US	38.9	58025
Bowling Green	US	37.0	63616
Boyle Heights	US	34.0	92785
Boynton Beach	US	26.5	73966
Bozeman	US	45.7	43405
Bradenton	US	27.5	54437
Bradley	US	41.1	15617
Braintree	US	42.2	37297
Brandon	US	27.9	103483
Branford	US	41.3	29438
Brawley	US	33.0	25897
Brea	US	33.9	41944
Bremerton	US	47.6	39520
Brenham	US	30.2	16579
Brent	US	30.5	21804
Brentwood	US	40.8	60664
Brentwood Estates	US	36.0	31279
Briarwood	US	40.7	53877
Brick	US	40.1	76021
Bridgeport	US	41.2	147629
Bridgeton	US	39.4	25031
Bridgeview	US	41.8	16407
Bridgewater	US	40.6	44464
Brigham City	US	41.5	18752
Brighton	US	42.4	45977
Brighton Beach	US	40.6	31462
Brighton Park	US	41.8	44202
Brightwood	US	39.0	17624
Bristol	US	41.7	60452
Broad Ripple	US	39.9	17041
Broadview Heights	US	41.3	19229
Brockton	US	42.1	95314
Broken Arrow	US	36.1	106563
Brook Park	US	41.4	18809
Brookfield	US	43.1	38025
Brookhaven	US	33.9	51910
Brookings	US	44.3	23657
Brookline	US	42.3	58732
Brooklyn	US	40.7	2736074
Brooklyn Center	US	45.1	30770
Brooklyn Heights	US	40.7	20256
Brooklyn Park	US	45.1	79149
Broomfield	US	39.9	65065
Brownsburg	US	39.8	24996
Brownsville	US	25.9	186738
Brownwood	US	31.7	19031
Brunswick	US	41.2	34689
Brushy Creek	US	30.5	21764
Bryan	US	30.7	82118
Bryant	US	34.6	19986
Bryn Mawr-Skyway	US	47.5	15645
Buckeye	US	33.4	50876
Buckhall	US	38.7	16293
Buena Park	US	33.9	83270
Buenaventura Lakes	US	28.3	26079
Buffalo	US	42.9	258071
Buffalo Grove	US	42.2	41496
Bullhead City	US	35.1	39445
Burbank	US	34.2	105319
Burien	US	47.5	50467
Burke	US	38.8	41055
Burleson	US	32.5	43625
Burlingame	US	37.6	30459
Burlington	US	36.1	52472
Burnsville	US	44.8	61481
Burton	US	43.0	28788
Bushwick	US	40.7	112620
Bustleton	US	40.1	32655
Butte	US	46.0	34190
Cabot	US	35.0	25587
Calabasas	US	34.2	23058
Caldwell	US	43.7	51686
Caledonia	US	42.8	24684
Calexico	US	32.7	40053
Calhoun	US	34.5	16309
Calumet City	US	41.6	37031
Calverton	US	39.1	17724
Camarillo	US	34.2	67608
Camas	US	45.6	21846
Cambria Heights	US	40.7	20287
Cambridge	US	42.4	110402
Camden	US	39.9	76119
Cameron Park	US	38.7	18228
Camp Springs	US	38.8	19096
Campbell	US	37.3	41117
Canarsie	US	40.6	87366
Canby	US	45.3	17271
Candler-McAfee	US	33.7	23025
Canoga Park	US	34.2	60578
Cañon City	US	38.4	16400
Canton	US	42.3	86825
Cantonment	US	30.6	26493
Canyon Country	US	34.4	59530
Canyon Lake	US	29.9	21262
Cape Coral	US	26.6	175229
Cape Girardeau	US	37.3	39462
Capitol Hill	US	38.9	15056
Capitol Riverfront	US	38.9	18874
Carbondale	US	37.7	26399
Carlisle	US	40.2	19143
Carlsbad	US	33.2	114746
Carmel	US	40.0	88713
Carmichael	US	38.6	61762
Carney	US	39.4	29941
Carol City	US	25.9	63031
Carol Stream	US	41.9	40356
Carpentersville	US	42.1	38512
Carrboro	US	35.9	21156
Carrollton	US	33.0	133168
Carrollwood	US	28.1	33365
Carrollwood Village	US	28.1	40949
Carson	US	33.8	93281
Carson City	US	39.2	58639
Carteret	US	40.6	24170
Cartersville	US	34.2	20319
Cary	US	35.8	159769
Casa de Oro-Mount Helix	US	32.8	18762
Casa Grande	US	32.9	51460
Casas Adobes	US	32.3	66795
Casper	US	42.9	60285
Casselberry	US	28.7	27056
Castaic	US	34.5	19015
Castle Rock	US	39.4	55591
Castlewood	US	39.6	25271
Castro Valley	US	37.7	61388
Catalina Foothills	US	32.3	50796
Cathedral City	US	33.8	53826
Catonsville	US	39.3	41567
Cave Spring	US	37.2	24922
Cedar City	US	37.7	30184
Cedar Falls	US	42.5	41255
Cedar Hill	US	32.6	48507
Cedar Park	US	30.5	65945
Cedar Rapids	US	42.0	130405
Celina	US	33.3	64427
Centennial	US	39.6	109741
Center City	US	40.0	57239
Center Point	US	33.6	16655
Centereach	US	40.9	31578
Centerville	US	39.6	23882
Central	US	30.6	28295
Central 14th Street / Spring Road	US	38.9	25899
Central City	US	33.4	58161
Central Falls	US	41.9	19303
Central Islip	US	40.8	34450
Central Point	US	42.4	17995
Centralia	US	46.7	16753
Centreville	US	38.8	71135
Ceres	US	37.6	47963
Cerritos	US	33.9	49975
Chalmette	US	29.9	16751
Chambersburg	US	39.9	20691
Chamblee	US	33.9	28244
Champaign	US	40.1	86096
Champlin	US	45.2	23894
Chandler	US	33.3	260828
Chanhassen	US	44.9	25332
Channelview	US	29.8	38289
Chantilly	US	38.9	23039
Chapel Hill	US	35.9	59568
Charleston	US	32.8	132609
Charlestown	US	42.4	20397
Charlotte	US	35.2	911311
Charlottesville	US	38.0	46597
Chaska	US	44.8	25199
Chatham	US	41.7	31392
Chatsworth	US	34.3	41255
Chattanooga	US	35.0	181099
Cheektowaga	US	42.9	75178
Chelmsford	US	42.6	33925
Chelsea	US	42.4	39398
Cherry Hill	US	39.9	70475
Chesapeake	US	36.8	235429
Cheshire	US	41.5	29443
Chester	US	39.8	34092
Chesterfield	US	38.7	47864
Chestnut Hill	US	42.3	23649
Cheyenne	US	41.1	65132
Chicago	US	41.9	2664452
Chicago Heights	US	41.5	30284
Chicago Lawn	US	41.8	55551
Chicago Loop	US	41.9	33442
Chickasha	US	35.1	16488
Chico	US	39.7	121345
Chicopee	US	42.1	56741
Chillicothe	US	39.3	21727
Chillum	US	39.0	33513
Chinatown	US	37.8	100574
Chino	US	34.0	85595
Chino Hills	US	34.0	78309
Chowchilla	US	37.1	18510
Christiansburg	US	37.1	21943
Chula Vista	US	32.6	265757
Cibolo	US	29.6	33433
Cicero	US	41.8	83886
Cimarron Hills	US	38.9	16161
Cincinnati	US	39.1	311097
Cinco Ranch	US	29.7	18274
Citrus Heights	US	38.7	87056
Citrus Park	US	28.1	24252
City of Milford (balance)	US	41.2	51271
City of Sammamish	US	47.6	45780
Claremont	US	34.1	36283
Claremore	US	36.3	18997
Clark-Fulton	US	41.5	18185
Clarksburg	US	39.3	16152
Clarksdale	US	34.2	16847
Clarksville	US	36.5	166722
Clay	US	43.2	58206
Clayton	US	35.7	19304
Clearfield	US	41.1	30653
Clearlake	US	39.0	15182
Clearwater	US	28.0	117292
Cleburne	US	32.3	30020
Clemmons	US	36.0	19844
Clemson	US	34.7	15446
Clermont	US	28.5	32390
Cleveland	US	41.5	365379
Cleveland Heights	US	41.5	44962
Cliffside Park	US	40.8	24857
Clifton	US	40.9	86334
Clifton Park	US	42.9	36705
Clinton	US	38.8	35970
Clinton Township	US	42.6	99753
Clive	US	41.6	15447
Cloverleaf	US	29.8	22942
Cloverly	US	39.1	15126
Clovis	US	36.8	104180
Coachella	US	33.7	44635
Coalinga	US	36.1	16564
Cobbs Creek	US	39.9	33373
Cockeysville	US	39.5	20776
Cocoa	US	28.4	17711
Coconut Creek	US	26.3	59302
Coconut Grove	US	25.7	20076
Coeur d'Alene	US	47.7	49122
Cohoes	US	42.8	16538
Colchester	US	44.5	16986
College Park	US	39.0	32301
College Point	US	40.8	27307
College Station	US	30.6	107889
Colleyville	US	32.9	25487
Collierville	US	35.0	48863
Collinsville	US	38.7	24754
Collinwood	US	41.6	34220
Colonia	US	40.6	17795
Colonial Heights	US	37.3	17820
Colorado Springs	US	38.8	456568
Colton	US	34.1	54621
Columbia	US	34.0	142416
Columbia City	US	47.6	19000
Columbia Heights	US	38.9	38000
Columbine	US	39.6	24280
Columbus	US	40.0	913175
Commack	US	40.8	36124
Commerce City	US	39.8	53696
Compton	US	33.9	98462
Concord	US	38.0	128667
Conda	US	42.7	21260
Coney Island	US	40.6	60000
Conroe	US	30.3	68602
Converse	US	29.5	21987
Conway	US	35.1	64980
Conyers	US	33.7	15875
Cookeville	US	36.2	32113
Coon Rapids	US	45.1	62240
Cooper City	US	26.1	35364
Coos Bay	US	43.4	16182
Copiague	US	40.7	22993
Coppell	US	33.0	41159
Copperas Cove	US	31.1	33081
Coral Gables	US	25.7	51117
Coral Springs	US	26.3	129485
Coral Terrace	US	25.7	24376
Coralville	US	41.7	20608
Coram	US	40.9	39113
Corcoran	US	36.1	22477
Cordova	US	35.2	68779
Corinth	US	33.2	20998
Cornelius	US	35.5	28092
Corona	US	33.9	164226
Coronado	US	32.7	24812
Corpus Christi	US	27.8	316239
Corsicana	US	32.1	23952
Cortland	US	42.6	18907
Cortlandt Manor	US	41.3	19929
Corvallis	US	44.6	55780
Costa Mesa	US	33.6	113204
Cottage Grove	US	44.8	35918
Cottage Lake	US	47.7	22494
Cottonwood Heights	US	40.6	34343
Council Bluffs	US	41.3	62597
Country Club	US	25.9	47105
Country Club Hills	US	41.6	16795
Country Walk	US	25.6	15997
Coventry	US	41.7	35525
Covina	US	34.1	48984
Covington	US	39.1	40997
Cranberry Township	US	40.7	28098
Cranford	US	40.7	22627
Cranston	US	41.8	81073
Crawfordsville	US	40.0	16024
Crest Hill	US	41.6	21153
Crestview	US	30.8	23270
Creve Coeur	US	38.7	18276
Crofton	US	39.0	27348
Crown Point	US	41.4	28879
Crystal	US	45.0	22943
Crystal Lake	US	42.2	40448
Cudahy	US	34.0	24311
Cullman	US	34.2	15350
Culpeper	US	38.5	17557
Culver City	US	34.0	39717
Cumberland	US	42.0	34843
Cupertino	US	37.3	60572
Cutler	US	25.6	18117
Cutler Bay	US	25.6	45425
Cutler Ridge	US	25.6	26831
Cuyahoga Falls	US	41.1	49146
Cypress	US	30.0	200839
Cypress Hills	US	40.7	54944
Dakota Ridge	US	39.6	33892
Dale City	US	38.6	65969
Dallas	US	32.8	1326087
Dalton	US	34.8	33853
Daly City	US	37.7	106562
Damascus	US	39.3	15257
Dana Point	US	33.5	34181
Danbury	US	41.4	84657
Dania Beach	US	26.1	31446
Danvers	US	42.6	26493
Danville	US	37.8	44400
Daphne	US	30.6	24896
Darien	US	41.8	22256
Davenport	US	41.5	102582
Davie	US	26.1	100882
Davis	US	38.5	67666
Dayton	US	39.8	135512
Daytona Beach	US	29.2	72647
De Pere	US	44.4	24724
Dearborn	US	42.3	95171
Dearborn Heights	US	42.3	56145
DeBary	US	28.9	19998
Decatur	US	39.8	73254
Dedham	US	42.2	24729
Deer Park	US	29.7	33806
Deer Valley	US	33.7	165656
Deerfield	US	42.2	19019
Deerfield Beach	US	26.3	79768
Defiance	US	41.3	16776
DeKalb	US	41.9	43211
Del City	US	35.4	22022
Del Rio	US	29.4	36153
DeLand	US	29.0	30195
Delano	US	35.8	52733
Delaware	US	40.3	37995
Delray Beach	US	26.5	66255
Deltona	US	28.9	88474
Denison	US	33.8	23150
Denton	US	33.2	131044
Denver	US	39.7	729019
Denville	US	40.9	16669
Depew	US	42.9	15146
Derby	US	37.5	23509
Derry	US	42.9	22015
Derry Village	US	42.9	34539
Des Moines	US	41.6	214133
Des Plaines	US	42.0	58677
Desert Hot Springs	US	34.0	28335
DeSoto	US	32.6	52486
Detroit	US	42.3	645705
Detroit-Shoreway	US	41.5	17382
Diamond Bar	US	34.0	56897
Diamond Head / Kapahulu / Saint Louis Heights	US	21.3	19769
Dickinson	US	46.9	23765
Dickson	US	36.1	15359
Dinuba	US	36.5	23702
Dix Hills	US	40.8	26892
Dixiana	US	33.7	22940
Dixon	US	38.4	19390
Dodge City	US	37.8	27912
Dolton	US	41.6	23197
Donna	US	26.2	16523
Doral	US	25.8	75874
Dorchester	US	42.3	97826
Dothan	US	31.2	68567
Douglas	US	41.8	20323
Douglasville	US	33.8	32897
Dover	US	39.2	39403
Downers Grove	US	41.8	49732
Downey	US	33.9	114219
Downtown DC	US	38.9	52560
Dracut	US	42.7	28831
Draper	US	40.5	46774
Drexel Heights	US	32.1	27749
Drexel Hill	US	39.9	28043
Duarte	US	34.1	21990
Dublin	US	37.7	57721
Dubuque	US	42.5	58799
Duluth	US	46.8	86110
Dumas	US	35.9	15001
Dumont	US	40.9	18001
Duncan	US	34.5	23231
Duncanville	US	32.7	39826
Dundalk	US	39.3	63597
Dunedin	US	28.0	36164
Dunwoody	US	33.9	48733
Dupont Circle	US	38.9	23226
Durango	US	37.3	18006
Durant	US	34.0	17286
Durham	US	36.0	257636
Duxbury	US	42.0	15059
Dyer	US	41.5	16051
Dyersburg	US	36.0	16781
Dyker Heights	US	40.6	34399
Eagan	US	44.8	66286
Eagle	US	43.7	23612
Eagle Foothills	US	43.7	30000
Eagle Mountain	US	40.3	27332
Eagle Pass	US	28.7	28765
Eagle River	US	61.3	24793
Easley	US	34.8	20765
East Amherst	US	43.0	24914
East Boston	US	42.4	43066
East Brainerd	US	35.0	15114
East Brunswick	US	40.4	48495
East Chattanooga	US	35.1	154024
East Chicago	US	41.6	28699
East Cleveland	US	41.5	17344
East Concord	US	43.2	42605
East Elmhurst	US	40.8	23150
East Flatbush	US	40.7	178464
East Florence	US	34.8	35733
East Garfield Park	US	41.9	20656
East Hampton	US	37.0	147993
East Harlem	US	40.8	115921
East Hartford	US	41.8	51252
East Haven	US	41.3	29257
East Hemet	US	33.7	17418
East Hill-Meridian	US	47.4	29878
East Honolulu	US	21.3	49914
East Independence	US	39.1	110675
East Lake	US	28.1	30962
East Lake-Orient Park	US	28.0	22753
East Lansing	US	42.7	48471
East Longmeadow	US	42.1	15102
East Los Angeles	US	34.0	126496
East Massapequa	US	40.7	19069
East Meadow	US	40.7	38132
East Millcreek	US	40.7	20816
East Moline	US	41.5	21350
East Mount Airy	US	40.1	18516
East Naples	US	26.1	22951
East New York	US	40.7	173198
East Northport	US	40.9	20217
East Norwalk	US	41.1	84530
East Orange	US	40.8	64949
East Palo Alto	US	37.5	29662
East Patchogue	US	40.8	22469
East Pensacola Heights	US	30.4	54104
East Peoria	US	40.7	23080
East Point	US	33.7	35467
East Providence	US	41.8	47408
East Rancho Dominguez	US	33.9	15135
East Ridge	US	35.0	20979
East Riverdale	US	39.0	15509
East Saint Louis	US	38.6	27006
East Setauket	US	40.9	17006
East Tremont	US	40.8	22886
East Village	US	40.7	62832
Eastchester	US	41.0	19554
Easthampton	US	42.3	16611
Eastlake	US	41.7	18232
Eastmont	US	47.9	20101
Easton	US	40.7	26915
Eastpointe	US	42.5	32657
Eastvale	US	34.0	59039
Eau Claire	US	44.8	67778
Echo Park	US	34.1	43832
Eden	US	36.5	15403
Eden Prairie	US	44.9	63496
Edgewater	US	42.0	54873
Edgewood	US	39.4	25562
Edina	US	44.9	50138
Edinburg	US	26.3	84497
Edison	US	40.5	102548
Edmond	US	35.7	90092
Edmonds	US	47.8	41375
Edwardsville	US	38.8	24992
Eggertsville	US	43.0	15019
Egypt Lake-Leto	US	28.0	35282
El Cajon	US	32.8	103679
El Camino Real	US	33.7	15999
El Centro	US	32.8	43956
El Cerrito	US	37.9	23549
El Dorado	US	33.2	18386
El Dorado Hills	US	38.7	42108
El Mirage	US	33.6	33935
El Monte	US	34.1	116732
El Paso	US	31.8	678815
El Reno	US	35.5	18516
El Segundo	US	33.9	17037
Eldersburg	US	39.4	30531
Elgin	US	42.0	112111
Elizabeth	US	40.7	129007
Elizabeth City	US	36.3	17988
Elizabethtown	US	37.7	29678
Elk Grove	US	38.4	166913
Elk Grove Village	US	42.0	33238
Elk River	US	45.3	23963
Elkhart	US	41.7	52348
Elko	US	40.8	20279
Elkridge	US	39.2	15593
Elkton	US	39.6	15782
Ellendale	US	35.2	25882
Ellensburg	US	47.0	19001
Ellicott City	US	39.3	65834
Elmhurst	US	40.7	113364
Elmira	US	42.1	28213
Elmont	US	40.7	33198
Elmwood	US	39.9	16988
Elmwood Park	US	41.9	24840
Eloise	US	28.0	23366
Eloy	US	32.8	17059
Elyria	US	41.4	53775
Emerson Hill	US	40.6	15412
Emporia	US	38.4	24649
Encanto	US	33.5	54614
Enchanted Hills	US	35.3	87521
Encinitas	US	33.0	62930
Encino	US	34.2	44581
Enfield	US	42.0	45212
Englewood	US	39.6	33082
Enid	US	36.4	51776
Ennis	US	32.3	19007
Ensley	US	30.5	20602
Enterprise	US	36.0	108481
Erie	US	42.1	99475
Erlanger	US	39.0	18797
Escondido	US	33.1	151038
Essex	US	39.3	39262
Estelle	US	29.8	16377
Estero	US	26.4	30799
Euclid	US	41.6	47676
Eugene	US	44.1	176654
Euless	US	32.8	54219
Eureka	US	40.8	27017
Eustis	US	28.9	19986
Evans	US	33.5	29011
Evanston	US	42.0	75527
Evansville	US	38.0	119943
Everett	US	48.0	108010
Evergreen Park	US	41.7	19841
Ewing	US	40.3	36559
Fair Lawn	US	40.9	33597
Fair Oaks	US	38.6	30912
Fairbanks	US	64.8	32325
Fairborn	US	39.8	33452
Fairfax	US	38.8	24013
Fairfield	US	38.2	112970
Fairfield Heights	US	39.8	21285
Fairhaven	US	41.6	16453
Fairhope	US	30.5	18730
Fairland	US	39.1	23681
Fairmont	US	39.5	18733
Fairview Heights	US	38.6	16827
Fairview Park	US	41.4	16407
Fairwood	US	47.4	19102
Fall River	US	41.7	94000
Fallbrook	US	33.4	30534
Far Rockaway	US	40.6	39189
Fargo	US	46.9	118523
Faribault	US	44.3	23650
Farmers Branch	US	32.9	32689
Farmington	US	36.7	42871
Farmington Hills	US	42.5	81330
Farmingville	US	40.8	15481
Farragut	US	35.9	21919
Fayetteville	US	35.1	201963
Federal Way	US	47.3	95171
Fenway/Kenmore	US	42.3	37733
Ferguson	US	38.7	21059
Fern Creek	US	38.2	18409
Ferndale	US	42.5	20177
Fernley	US	39.6	19418
Ferry Pass	US	30.5	28921
Fillmore	US	34.4	15548
Financial District	US	40.7	60976
Findlay	US	41.0	41149
Fishers	US	40.0	76794
Fishtown	US	40.0	16307
Fitchburg	US	42.6	40545
Five Corners	US	45.7	18159
Flagami	US	25.8	50834
Flagstaff	US	35.2	70320
Flatbush	US	40.7	93361
Flatlands	US	40.6	63601
Fleming Island	US	30.1	27126
Flint	US	43.0	98310
Floral Park	US	40.7	15969
Florence	US	34.8	40026
Florence-Graham	US	34.0	63387
Florida Ridge	US	27.6	18164
Florin	US	38.5	47513
Florissant	US	38.8	52268
Flower Mound	US	33.0	71253
Flowing Wells	US	32.3	16419
Foggy Bottom	US	38.9	22146
Foley	US	30.4	17218
Folsom	US	38.7	76375
Fond du Lac	US	43.8	42933
Fontana	US	34.1	212704
Foothill Farms	US	38.7	33121
Fordham	US	40.9	94678
Fords	US	40.5	15187
Forest Grove	US	45.5	24457
Forest Hills	US	40.7	67714
Forest Lake	US	45.3	19618
Forest Park	US	33.6	19383
Forney	US	32.7	18418
Fort Bragg	US	35.1	29183
Fort Cavazos	US	31.1	29589
Fort Collins	US	40.6	170924
Fort Dodge	US	42.5	24649
Fort Hamilton	US	40.6	28966
Fort Hunt	US	38.7	16045
Fort Lauderdale	US	26.1	183146
Fort Lee	US	40.9	36672
Fort Leonard Wood	US	37.7	15061
Fort Myers	US	26.6	74013
Fort Pierce	US	27.4	44484
Fort Smith	US	35.4	88194
Fort Thomas	US	39.1	16398
Fort Walton Beach	US	30.4	21817
Fort Washington	US	38.7	23717
Fort Wayne	US	41.1	260326
Fort Worth	US	32.7	1008106
Fortuna Foothills	US	32.7	26265
Foster City	US	37.6	33477
Fountain	US	38.7	27767
Fountain Hills	US	33.6	23899
Fountain Valley	US	33.7	56987
Fountainebleau	US	25.8	59764
Four Corners	US	28.3	26116
Fox Chase	US	40.1	19730
Framingham	US	42.3	68318
Framingham Center	US	42.3	65413
Franconia	US	38.8	18245
Frankford	US	40.0	23503
Frankfort	US	38.2	28391
Franklin	US	35.9	72639
Franklin Park	US	41.9	18312
Franklin Square	US	40.7	29320
Frederick	US	39.4	69479
Fredericksburg	US	38.3	28118
Frederickson	US	47.1	18719
Freeport	US	40.7	43334
Fremont	US	37.5	232206
Fresh Meadows	US	40.7	28397
Fresno	US	36.7	542107
Fridley	US	45.1	27713
Friendswood	US	29.5	38800
Frisco	US	33.2	154407
Front Royal	US	38.9	15070
Fruit Cove	US	30.1	29362
Fullerton	US	33.9	140847
Fuquay-Varina	US	35.6	23907
Gadsden	US	34.0	36084
Gage Park	US	41.8	41202
Gahanna	US	40.0	34590
Gainesville	US	29.7	145214
Gaithersburg	US	39.1	67456
Galesburg	US	40.9	31273
Gallatin	US	36.4	34334
Gallup	US	35.5	23240
Galt	US	38.3	25303
Galveston	US	29.3	50180
Garden City	US	38.0	27005
Garden Grove	US	33.8	175393
Gardena	US	33.9	60447
Gardner	US	38.8	20868
Garfield	US	40.9	31802
Garfield Heights	US	41.4	28097
Garland	US	32.9	236897
Garner	US	35.7	28053
Gary	US	41.6	77156
Gastonia	US	35.3	74543
Gates-North Gates	US	43.2	15138
Gatesville	US	31.4	15724
Gautier	US	30.4	18570
Geneva	US	41.9	21806
Georgetown	US	30.6	63716
Germantown	US	39.2	86395
Gilbert	US	33.4	247542
Gillette	US	44.3	32649
Gilroy	US	37.0	53231
Gladstone	US	39.2	26861
Glassboro	US	39.7	19216
Glassmanor	US	38.8	17295
Glastonbury	US	41.7	31876
Glen Avon	US	34.0	20199
Glen Burnie	US	39.2	67639
Glen Cove	US	40.9	27400
Glen Ellyn	US	41.9	28201
Glendale	US	33.5	240126
Glendale Heights	US	41.9	34208
Glendora	US	34.1	52009
Glenvar Heights	US	25.7	16898
Glenview	US	42.1	47446
Glenville	US	42.9	29326
Gloucester	US	42.6	29781
Gloversville	US	43.1	15023
Godfrey	US	39.0	17759
Golden	US	39.8	20330
Golden Gate	US	26.2	23961
Golden Glades	US	25.9	33145
Golden Triangle	US	38.9	17674
Golden Valley	US	45.0	21270
Goldsboro	US	35.4	35826
Goleta	US	34.4	30944
Goodings Grove	US	41.6	18569
Goodlettsville	US	36.3	16994
Goodyear	US	33.4	79003
Goose Creek	US	33.0	40633
Goshen	US	41.6	32983
Grafton	US	42.2	16583
Graham	US	47.1	23491
Gramercy Park	US	40.7	27988
Grand Boulevard	US	41.8	22373
Grand Forks	US	47.9	57011
Grand Island	US	40.9	51440
Grand Junction	US	39.1	60358
Grand Prairie	US	32.7	187809
Grand Rapids	US	43.0	195097
Grandview	US	38.9	25256
Grandville	US	42.9	15953
Granger	US	41.8	30465
Granite Bay	US	38.8	20402
Granite City	US	38.7	29054
Graniteville	US	40.6	15272
Grants Pass	US	42.4	37088
Grapevine	US	32.9	51404
Gravesend	US	40.6	112229
Grayslake	US	42.3	20915
Great Bend	US	38.4	15717
Great Falls	US	47.5	59638
Great Kills	US	40.6	22000
Greater Grand Crossing	US	41.8	32346
Greater Northdale	US	28.1	22079
Greater Upper Marlboro	US	38.8	18720
Greeley	US	40.4	108795
Green	US	40.9	25898
Green Bay	US	44.5	105207
Green Haven	US	39.1	19326
Green Valley	US	31.9	21391
Greenacres City	US	26.6	32963
Greenbelt	US	39.0	24272
Greenburgh	US	41.0	86764
Greeneville	US	36.2	15094
Greenfield	US	43.0	37349
Greenpoint	US	40.7	34719
Greensboro	US	36.1	285342
Greenville	US	35.6	90597
Greenwood	US	39.6	55586
Greenwood Village	US	39.6	15663
Greer	US	34.9	28365
Gresham	US	45.5	110553
Gretna	US	29.9	17880
Griffin	US	33.2	23211
Griffith	US	41.5	16378
Grosse Pointe Woods	US	42.4	15762
Grove City	US	39.9	39388
Groves	US	29.9	15750
Guilford	US	41.3	22498
Gulfport	US	30.4	71856
Gurnee	US	42.4	31056
Gwynn Oak	US	39.3	47092
H Street NE	US	38.9	21480
Hacienda Heights	US	34.0	54038
Hackensack	US	40.9	44834
Haddington	US	40.0	20073
Hagerstown	US	39.6	40432
Haines City	US	28.1	22807
Hallandale Beach	US	26.0	39488
Haltom City	US	32.8	44206
Ham Lake	US	45.3	16062
Hamden	US	41.4	59847
Hamilton	US	39.4	62407
Hammond	US	41.6	77614
Hampton	US	37.0	137148
Hamtramck	US	42.4	22002
Hanahan	US	32.9	17997
Hanford	US	36.3	55659
Hannibal	US	39.7	17839
Hanover	US	39.2	38088
Hanover Park	US	42.0	38333
Happy Valley	US	45.4	18493
Harker Heights	US	31.1	29142
Harlem	US	40.8	116345
Harlingen	US	26.2	65774
Harrisburg	US	40.3	50183
Harrison	US	41.0	28348
Harrisonburg	US	38.4	52538
Hartford	US	41.8	121054
Hartranft	US	40.0	19748
Harvey	US	41.6	25194
Haslett	US	42.7	19220
Hastings	US	40.6	24924
Hattiesburg	US	31.3	46805
Hauppauge	US	40.8	20882
Havelock	US	34.9	20364
Haverhill	US	42.8	62765
Havertown	US	40.0	50430
Hawai‘i Kai	US	21.3	30620
Hawthorne	US	33.9	88451
Hayesville	US	45.0	19936
Hays	US	38.9	21092
Hayward	US	37.7	158289
Hazel Dell	US	45.7	19435
Hazel Park	US	42.5	16597
Hazelwood	US	38.8	25661
Hazleton	US	41.0	24825
Helena	US	46.6	32091
Hell's Kitchen	US	40.8	45884
Hemet	US	33.7	83861
Hempstead	US	40.7	55547
Henderson	US	36.0	285667
Hendersonville	US	36.3	56018
Henrietta	US	43.1	42581
Hercules	US	38.0	25314
Hereford	US	34.8	15021
Hermiston	US	45.8	17201
Hermitage	US	36.2	37814
Hermosa Beach	US	33.9	19860
Hernando	US	34.8	15503
Herndon	US	39.0	24568
Herriman	US	40.5	30835
Hesperia	US	34.4	93295
Hialeah	US	25.9	237069
Hialeah Gardens	US	25.9	23926
Hibbing	US	47.4	16204
Hickory	US	35.7	40374
Hicksville	US	40.8	41547
High Point	US	36.0	110268
Highland	US	34.1	54854
Highland Park	US	42.2	29743
Highland Springs	US	37.5	15711
Highland Village	US	33.1	16149
Highlands Ranch	US	39.6	96713
Highview	US	38.1	15167
Hillcrest Heights	US	38.8	16469
Hilliard	US	40.0	33649
Hillsboro	US	45.5	102347
Hillsborough	US	40.5	38303
Hillside	US	40.7	24808
Hilo	US	19.7	43263
Hilton Head	US	32.2	37099
Hilton Head Island	US	32.2	40512
Hinesville	US	31.8	33398
Hinsdale	US	41.8	17628
Hobart	US	41.5	28404
Hobbs	US	32.7	38416
Hoboken	US	40.7	53635
Hoffman Estates	US	42.0	52138
Holbrook	US	40.8	27195
Holden	US	42.4	17016
Holiday	US	28.2	22403
Holladay	US	40.7	30864
Holland	US	42.8	33742
Hollis	US	40.7	20269
Hollister	US	36.9	37462
Holly Springs	US	35.7	31377
Hollywood	US	34.1	167664
Holmesburg	US	40.0	28046
Holt	US	42.6	23973
Holtsville	US	40.8	19714
Holyoke	US	42.2	40684
Homer Glen	US	41.6	24395
Homestead	US	25.5	80737
Homewood	US	33.5	25708
Honolulu	US	21.3	350964
Hoover	US	33.4	84848
Hopatcong Hills	US	40.9	16267
Hope Mills	US	35.0	16163
Hopewell	US	37.3	22378
Hopkins	US	44.9	17591
Hopkinsville	US	36.9	32205
Horizon City	US	31.7	19288
Horn Lake	US	35.0	26915
Hot Springs	US	34.5	35635
Hough	US	41.5	16359
Houma	US	29.6	34287
Houston	US	29.8	2314157
Howard	US	44.5	19250
Howard Beach	US	40.7	26148
Huber Heights	US	39.8	38176
Hudson	US	41.2	22437
Hueytown	US	33.5	15710
Humble	US	30.0	15665
Hunt Valley	US	39.5	23915
Huntersville	US	35.4	52704
Hunting Park	US	40.0	17682
Huntington	US	38.4	48638
Huntington Beach	US	33.7	201899
Huntington Park	US	34.0	59430
Huntington Station	US	40.9	33029
Huntley	US	42.2	26005
Hunts Point	US	40.8	27204
Huntsville	US	34.7	215006
Hurricane	US	37.2	15501
Hurst	US	32.8	39016
Hutchinson	US	38.1	41569
Hutto	US	30.5	22722
Hyattsville	US	39.0	18501
Hybla Valley	US	38.7	15801
Hyde Park	US	42.3	31845
ʻEwa Beach-Iroquois Point	US	21.3	21088
ʻEwa Gentry-West Loch	US	21.4	35828
Idaho Falls	US	43.5	59184
Idylwood	US	38.9	17288
Ilchester	US	39.3	23476
Immokalee	US	26.4	24154
Imperial	US	32.8	17095
Imperial Beach	US	32.6	27408
Independence	US	39.1	117255
Indian Trail	US	35.1	37073
Indianapolis	US	39.8	887642
Indianola	US	41.4	15467
Indio	US	33.7	87533
Inglewood	US	34.0	111666
Inglewood-Finn Hill	US	47.7	22707
Inkster	US	42.3	24672
Inver Grove Heights	US	44.8	34857
Iona	US	26.5	15369
Iowa City	US	41.7	74220
Irondequoit	US	43.2	51692
Irvine	US	33.7	256927
Irving	US	32.8	236607
Irving Park	US	42.0	56520
Irvington	US	40.7	61323
Iselin	US	40.6	18695
Isla Vista	US	34.4	23096
Islip	US	40.7	18689
Issaquah	US	47.5	36081
Ithaca	US	42.4	30788
Ives Estates	US	26.0	19525
Jackson	US	32.3	153701
Jackson Heights	US	40.8	67067
Jacksonville	US	30.3	1009833
Jacksonville Beach	US	30.3	23064
Jamaica	US	40.7	216866
Jamaica Plain	US	42.3	37468
Jamestown	US	42.1	30075
Janesville	US	42.7	64123
Jasmine Estates	US	28.3	18989
Jasper	US	38.4	15451
Jefferson City	US	38.6	42595
Jeffersontown	US	38.2	26946
Jeffersonville	US	38.3	46960
Jenison	US	42.9	16538
Jenks	US	36.0	20740
Jersey City	US	40.7	264290
Johns Creek	US	34.0	83335
Johnson City	US	36.3	66027
Johnston	US	41.8	29247
Johnstown	US	40.3	19966
Joint Base Pearl Harbor Hickam	US	21.3	42184
Joliet	US	41.5	147861
Jollyville	US	30.4	16151
Jonesboro	US	35.8	73907
Joplin	US	37.1	51818
Junction City	US	39.0	24621
Juneau	US	58.3	31555
Juniata Park	US	40.0	17643
Jupiter	US	26.9	62707
Jurupa Valley	US	34.0	21930
Kahului	US	20.9	26337
Kailua	US	21.4	38635
Kaimukī	US	21.3	20878
Kalamazoo	US	42.3	76041
Kalihi Valley	US	21.4	20647
Kalihi-Palama	US	21.3	43805
Kalispell	US	48.2	22052
Kaneohe	US	21.4	34597
Kankakee	US	41.1	26676
Kannapolis	US	35.5	46144
Kansas City	US	39.1	475378
Kapolei	US	21.3	15186
Kapolei Villages	US	21.3	15408
Katy	US	29.8	16158
Kaukauna	US	44.3	15854
Kaysville	US	41.0	30472
Kearney	US	40.7	33021
Kearns	US	40.7	35731
Kearny	US	40.8	42137
Keene	US	42.9	23265
Keizer	US	45.0	37895
Keller	US	32.9	45758
Ken Caryl	US	39.6	32438
Kendale Lakes	US	25.7	56148
Kendall	US	25.7	80241
Kendall West	US	25.7	36154
Kenmore	US	47.8	22030
Kennedy Street	US	39.0	15251
Kenner	US	30.0	67091
Kennesaw	US	34.0	33584
Kennewick	US	46.2	78896
Kenosha	US	42.6	99858
Kensington	US	40.6	39120
Kent	US	47.4	126952
Kentwood	US	42.9	51357
Kenwood	US	41.8	17601
Kernersville	US	36.1	23811
Kerrville	US	30.0	23136
Kettering	US	39.7	55525
Kew Gardens	US	40.7	18983
Kew Gardens Hills	US	40.7	37479
Key West	US	24.6	25755
Keystone	US	28.2	24039
Kīhei	US	20.8	20881
Killeen	US	31.1	140806
Killingly Center	US	41.8	17282
King of Prussia	US	40.1	19936
Kingman	US	35.2	28912
Kings Bridge	US	40.9	75132
Kings Park	US	40.9	17282
Kingsessing	US	39.9	19668
Kingsland	US	30.8	16487
Kingsport	US	36.5	53014
Kingston	US	41.9	23436
Kingsville	US	27.5	26225
Kinston	US	35.3	21337
Kirkland	US	47.7	87281
Kirksville	US	40.2	17520
Kirkwood	US	38.6	27750
Kiryas Joel	US	41.3	32954
Kissimmee	US	28.3	69152
Klamath Falls	US	42.2	21399
Knoxville	US	36.0	190740
Kokomo	US	40.5	57995
Koolauloa	US	21.6	15697
Koreatown	US	34.1	124281
Kuliouou - Kalani Iki	US	21.3	16195
Kuna	US	43.5	17226
Kyle	US	30.0	35733
La Cañada Flintridge	US	34.2	20246
La Crescenta-Montrose	US	34.2	19653
La Crosse	US	43.8	52306
La Grange	US	41.8	15723
La Habra	US	33.9	62131
La Jolla	US	32.8	42808
La Marque	US	29.4	15908
La Mesa	US	32.8	60089
La Mirada	US	33.9	49520
La Palma	US	33.8	15904
La Porte	US	29.7	35148
La Presa	US	32.7	34169
La Puente	US	34.0	40745
La Quinta	US	33.7	40476
La Vergne	US	36.0	34794
La Verne	US	34.1	32681
La Vista	US	41.2	16921
Lacey	US	47.0	46409
Lackawanna	US	42.8	17965
Laconia	US	43.5	16227
Ladera Ranch	US	33.6	22980
Lafayette	US	30.2	121374
LaGrange	US	33.0	29588
Laguna	US	38.4	46621
Laguna Beach	US	33.5	23365
Laguna Hills	US	33.6	31748
Laguna Niguel	US	33.5	65806
Laguna Woods	US	33.6	16406
Lake Butler	US	28.5	15400
Lake Charles	US	30.2	76070
Lake Elsinore	US	33.7	61981
Lake Forest	US	33.6	82492
Lake Havasu City	US	34.5	53553
Lake in the Hills	US	42.2	29024
Lake Jackson	US	29.0	27533
Lake Magdalene	US	28.1	28509
Lake Mary	US	28.8	16021
Lake Oswego	US	45.4	38496
Lake Ridge	US	38.7	41058
Lake Ronkonkoma	US	40.8	20155
Lake Shore	US	39.1	19477
Lake Stevens	US	48.0	30886
Lake Wales	US	27.9	15541
Lake Worth Beach	US	26.6	37498
Lake Worth Corridor	US	26.6	20635
Lake Zurich	US	42.2	19993
Lakeland	US	28.0	104401
Lakeside	US	30.1	30943
Lakeville	US	44.6	60633
Lakewood	US	39.7	152597
Lamont	US	35.3	15120
Lancaster	US	34.7	161103
Land O' Lakes	US	28.2	31996
Landover	US	38.9	23078
Langley Park	US	39.0	18755
Lanham-Seabrook	US	39.0	18190
Lansdale	US	40.2	16512
Lansing	US	42.7	112644
Laplace	US	30.1	29872
Laramie	US	41.3	32158
Laredo	US	27.5	256153
Largo	US	27.9	81000
Las Cruces	US	32.3	101643
Las Vegas	US	36.2	641903
Latham	US	42.7	20736
Lathrop	US	37.8	20866
Lauderdale Lakes	US	26.2	34796
Lauderhill	US	26.1	71579
Laurel	US	39.1	26215
Laurelton	US	40.7	21053
Laurinburg	US	34.8	15507
Lawndale	US	33.9	33430
Lawrence	US	39.0	93917
Lawrenceville	US	34.0	30493
Lawton	US	34.6	96655
Layton	US	41.1	74143
League City	US	29.5	98312
Lealman	US	27.8	19879
Leander	US	30.6	59202
Leavenworth	US	39.3	35980
Leawood	US	39.0	34579
Lebanon	US	36.2	30262
Ledyard	US	41.4	15212
Lee's Summit	US	38.9	95094
Leesburg	US	39.1	51209
Lehi	US	40.4	58486
Lehigh Acres	US	26.6	86784
Leisure City	US	25.5	26324
Leland	US	34.3	17924
Lemay	US	38.5	16645
Lemon Grove	US	32.7	26709
Lemont	US	41.7	16788
Lemoore	US	36.3	25647
Lenexa	US	39.0	52490
Lennox	US	33.9	22753
Lenoir	US	35.9	17888
Lents	US	45.5	20156
Leominster	US	42.5	41569
Levittown	US	40.2	52983
Lewiston	US	44.1	36202
Lewiston Orchards	US	46.4	31422
Lewisville	US	33.0	104039
Lexington	US	38.0	320347
Lexington-Fayette	US	38.0	314488
Liberal	US	37.0	20746
Liberty	US	39.2	30450
Libertyville	US	42.3	20436
Liliha - Kapalama	US	21.3	24953
Lima	US	40.7	37873
Limerick	US	40.2	18074
Lincoln	US	40.8	294757
Lincoln Park	US	41.9	66959
Lincoln Square	US	42.0	40761
Lincolnia	US	38.8	22855
Linda	US	39.1	17773
Linden	US	40.6	42021
Lindenhurst	US	40.7	27277
Lindenwold	US	39.8	17613
Lino Lakes	US	45.2	21050
Linton Hall	US	38.8	35725
Lisle	US	41.8	22964
Lithia Springs	US	33.8	15491
Little Elm	US	33.2	38341
Little Havana	US	25.8	53430
Little Rock	US	34.7	202591
Littleton	US	39.6	46368
Live Oak	US	37.0	17158
Livermore	US	37.7	88126
Livingston	US	40.8	27853
Livonia	US	42.4	94635
Lochearn	US	39.3	25333
Lockport	US	41.6	25175
Lodi	US	38.1	64596
Logan	US	41.7	50371
Logan Square	US	41.9	73702
Logansport	US	40.8	17793
Loma Linda	US	34.0	24045
Lombard	US	41.9	43797
Lomita	US	33.8	20785
Lompoc	US	34.6	44164
Long Beach	US	33.8	474140
Long Branch	US	40.3	30941
Long Island City	US	40.7	25595
Longfellow Community	US	44.9	29295
Longmeadow	US	42.1	15784
Longmont	US	40.2	92088
Longview	US	32.5	82287
Lorain	US	41.5	63647
Lorton	US	38.7	18610
Los Altos	US	37.4	30671
Los Angeles	US	34.1	3820914
Los Banos	US	37.1	37457
Los Gatos	US	37.2	30705
Los Lunas	US	34.8	15336
Louisville	US	38.3	624444
Loveland	US	40.4	75182
Loves Park	US	42.3	23455
Lowell	US	42.6	110699
Lower Moyamensing	US	39.9	16481
Lower West Side	US	41.9	34410
Lubbock	US	33.6	249042
Ludlow	US	42.2	22201
Lufkin	US	31.3	36333
Lumberton	US	34.6	21667
Lutherville-Timonium	US	39.4	15814
Lutz	US	28.2	19344
Lynbrook	US	40.7	19558
Lynchburg	US	37.4	79812
Lyndhurst	US	40.8	19996
Lynn	US	42.5	92457
Lynn Haven	US	30.2	20156
Lynnwood	US	47.8	36997
Lynwood	US	33.9	71989
Mableton	US	33.8	37115
Machesney Park	US	42.3	22927
Macomb	US	40.5	18547
Macon	US	32.8	91351
Madera	US	37.0	64208
Madison	US	43.1	280305
Madison Heights	US	42.5	30198
Madisonville	US	37.3	19539
Magna	US	40.7	26505
Mahwah	US	41.1	24062
Maitland	US	28.6	17463
Makakilo	US	21.4	18248
Makakilo / Kapolei / Honokai Hale	US	21.3	46389
Makakilo City	US	21.3	15383
Makakilo-Makaīwa Hills-Kunia	US	21.4	20967
Makiki / Lower Punchbowl / Tantalus	US	21.3	31434
Malden	US	42.4	61068
Mamaroneck	US	40.9	19375
Manassas	US	38.8	41764
Manassas Park	US	38.8	15726
Manchester	US	43.0	110229
Mandan	US	46.8	21382
Manhattan	US	40.8	1487536
Manhattan Beach	US	33.9	35818
Manhattan Valley	US	40.8	38500
Manitowoc	US	44.1	33010
Mankato	US	44.2	41044
Manoa	US	21.3	23343
Mansfield	US	32.6	64274
Mansfield City	US	41.8	26439
Manteca	US	37.8	75448
Maple Grove	US	45.1	68385
Maple Heights	US	41.4	22631
Maple Shade	US	40.0	19077
Maple Valley	US	47.4	25686
Maplewood	US	45.0	40567
Marana	US	32.4	41315
Marblehead	US	42.5	19808
Marco Island	US	25.9	17690
Margate	US	26.2	57234
Maricopa	US	33.1	48602
Marietta	US	34.0	59067
Marina	US	36.7	21229
Mariners Harbor	US	40.6	19905
Marion	US	42.0	37330
Marion Oaks	US	29.0	19034
Marlboro	US	40.3	40191
Marlborough	US	42.3	39818
Marquette	US	46.5	21297
Marrero	US	29.9	33141
Marshall	US	32.5	23820
Marshalltown	US	42.0	27620
Marshfield	US	44.7	18620
Martha Lake	US	47.9	15473
Martinez	US	38.0	38137
Martinsburg	US	39.5	17700
Maryland City	US	39.1	16093
Maryland Heights	US	38.7	27389
Marysville	US	48.1	66773
Maryvale	US	33.5	208189
Maryville	US	35.8	28464
Mason	US	39.4	32662
Mason City	US	43.2	27366
Maspeth	US	40.7	48325
Massapequa	US	40.7	21685
Massapequa Park	US	40.7	17232
Massillon	US	40.8	32252
Mastic	US	40.8	15481
Mattapan	US	42.3	36299
Matteson	US	41.5	19195
Matthews	US	35.1	30678
Mattoon	US	39.5	18113
Mauldin	US	34.8	25135
Maumelle	US	34.9	17931
Mayfield Heights	US	41.5	18840
Maywood	US	34.0	27888
McAlester	US	34.9	18310
McAllen	US	26.2	140269
McCully - Moiliili	US	21.3	28249
McDonough	US	33.4	23417
McHenry	US	42.3	26657
McKeesport	US	40.3	19453
McKinley Park	US	41.8	15612
McKinleyville	US	40.9	15177
McKinney	US	33.2	162898
McLean	US	38.9	48115
McMinnville	US	45.2	33892
Mead Valley	US	33.8	18510
Meadow Woods	US	28.4	25558
Meadowbrook	US	37.4	18312
Meads	US	38.4	288649
Mechanicsville	US	37.6	36348
Medford	US	42.3	79805
Medina	US	41.1	26339
Mehlville	US	38.5	28380
Melbourne	US	28.1	84678
Melrose	US	42.5	27997
Melrose Park	US	41.9	25379
Melville	US	40.8	18985
Memphis	US	35.1	633104
Menasha	US	44.2	17572
Menifee	US	33.7	87174
Menlo Park	US	37.5	33449
Menomonee Falls	US	43.2	36119
Menomonie	US	44.9	16305
Mentor	US	41.7	46901
Mequon	US	43.2	23132
Merced	US	37.3	82436
Mercedes	US	26.1	16657
Mercer Island	US	47.6	25042
Mercerville-Hamilton Square	US	40.2	26419
Meriden	US	41.5	59988
Meridian	US	43.6	90739
Merrick	US	40.7	22097
Merrifield	US	38.9	15212
Merrillville	US	41.5	35224
Merrimack	US	42.9	26726
Merritt Island	US	28.4	34743
Mesa	US	33.4	471825
Mesquite	US	32.8	144788
Metairie	US	30.0	138481
Metairie Terrace	US	30.0	142489
Methuen	US	42.7	52044
Miami	US	25.8	487014
Miami Beach	US	25.8	92312
Miami Gardens	US	25.9	113187
Miami Lakes	US	25.9	30972
Miamisburg	US	39.6	20034
Michigan City	US	41.7	31459
Mid-City	US	34.0	83000
Middle River	US	39.3	25191
Middle Village	US	40.7	29491
Middleborough	US	41.9	23116
Middleburg Heights	US	41.4	15696
Middleton	US	43.1	18979
Middletown	US	40.4	65490
Midland	US	32.0	132524
Midlothian	US	32.5	22318
Midvale	US	40.6	32613
Midway	US	30.4	16115
Midwest City	US	35.4	57249
Milford	US	41.2	52759
Milford Mill	US	39.3	29042
Mililani Mauka	US	21.5	21075
Mililani Mauka / Launani Valley	US	21.5	18072
Mililani Town	US	21.5	27629
Mill Creek	US	47.9	20043
Mill Creek East	US	47.8	15709
Millbrae	US	37.6	22795
Millbrook	US	32.5	15314
Millburn	US	40.7	20149
Millcreek	US	40.7	62139
Milledgeville	US	33.1	18931
Millville	US	39.4	28230
Milpitas	US	37.4	77604
Milton	US	34.1	37547
Milwaukee	US	43.0	563531
Milwaukie	US	45.4	20830
Mineola	US	40.7	19139
Minneapolis	US	45.0	410939
Minnetonka	US	44.9	51669
Minnetonka Mills	US	44.9	50117
Minot	US	48.2	49450
Mint Hill	US	35.2	25627
Mira Mesa	US	32.9	70000
Miramar	US	26.0	137132
Mishawaka	US	41.7	48261
Mission	US	26.2	83298
Mission Bend	US	29.7	36501
Mission District	US	37.8	47234
Mission Hill	US	42.3	18722
Mission Viejo	US	33.6	97156
Missoula	US	46.9	71022
Missouri City	US	29.6	74139
Mitchell	US	43.7	15669
Mō‘ili‘ili	US	21.3	24778
Mobile	US	30.7	183289
Modesto	US	37.6	211266
Mokena	US	41.5	19923
Moline	US	41.5	42681
Monroe	US	32.5	49598
Monroeville	US	40.4	28176
Monrovia	US	34.1	37463
Monsey	US	41.1	18412
Montclair	US	40.8	39701
Montebello	US	34.0	63921
Monterey	US	36.6	28338
Monterey Park	US	34.1	61468
Montgomery	US	32.4	195287
Montgomery Village	US	39.2	32032
Montrose	US	38.5	19062
Montville Center	US	41.5	20180
Moore	US	35.3	60451
Mooresville	US	35.6	36009
Moorhead	US	46.9	42005
Moorpark	US	34.3	36104
Moraga	US	37.8	17256
Moreno Valley	US	33.9	204198
Morgan Hill	US	37.1	42948
Morgan Park	US	41.7	22924
Morganton	US	35.7	16692
Morgantown	US	39.6	30708
Morningside Heights	US	40.8	55929
Morris Heights	US	40.8	40982
Morrisania	US	40.8	23127
Morristown	US	36.2	29478
Morrisville	US	35.8	23820
Morton	US	40.6	16306
Morton Grove	US	42.0	23448
Moscow	US	46.7	25060
Moses Lake	US	47.1	22082
Mott Haven	US	40.8	51450
Mount Clemens	US	42.6	16400
Mount Greenwood	US	41.7	18783
Mount Juliet	US	36.2	31540
Mount Laurel	US	39.9	41864
Mount Lebanon	US	40.4	32730
Mount Pleasant	US	32.8	81317
Mount Prospect	US	42.1	54747
Mount Vernon	US	40.9	68628
Mount Vernon Triangle	US	38.9	21897
Mountain Brook	US	33.5	20691
Mountain View	US	37.4	80435
Mountlake Terrace	US	47.8	20989
Mukilteo	US	47.9	21226
Muncie	US	40.2	70087
Mundelein	US	42.3	31582
Munster	US	41.6	22984
Murfreesboro	US	35.8	165430
Murphy	US	33.0	20610
Murray	US	40.7	49250
Murrieta	US	33.6	109830
Murrysville	US	40.4	20134
Muscatine	US	41.4	23968
Muskego	US	42.9	24755
Muskegon	US	43.2	38401
Muskogee	US	35.7	38456
Mustang	US	35.4	20226
Myrtle Beach	US	33.7	31035
Myrtle Grove	US	30.4	15870
Nacogdoches	US	31.6	33894
Nampa	US	43.5	89839
Nanuet	US	41.1	17882
Napa	US	38.3	80434
Naperville	US	41.8	147100
Naples	US	26.1	21512
Narragansett	US	41.5	15868
Nashua	US	42.8	87970
Nashville	US	36.2	689447
Natchez	US	31.6	15128
Natchitoches	US	31.8	18365
Natick	US	42.3	32276
National City	US	32.7	61060
Naugatuck	US	41.5	31538
Navarre	US	30.4	31378
Near North Side	US	41.9	85711
Near South Side	US	41.9	22401
Nederland	US	30.0	17196
Needham	US	42.3	28886
Neenah	US	44.2	25792
New Albany	US	38.3	36732
New Bedford	US	41.6	101079
New Berlin	US	43.0	39825
New Bern	US	35.1	30070
New Braunfels	US	29.7	70543
New Brighton	US	45.1	22351
New Britain	US	41.7	72808
New Brunswick	US	40.5	57035
New Canaan	US	41.1	19738
New Caney	US	30.2	20000
New Castle	US	41.0	22375
New City	US	41.8	40997
New Haven	US	41.3	130322
New Hope	US	45.0	21032
New Iberia	US	30.0	30754
New Lenox	US	41.5	25800
New London	US	41.4	27179
New Milford	US	40.9	16801
New Orleans	US	30.0	362701
New Philadelphia	US	40.5	17484
New Port Richey	US	28.2	15842
New Rochelle	US	40.9	79846
New Smyrna Beach	US	29.0	24298
New South Memphis	US	35.1	641608
New Springville	US	40.6	20756
New Territory	US	29.6	15186
New York City	US	40.7	8804190
Newark	US	40.7	281944
Newberg	US	45.3	22780
Newburg	US	38.2	19967
Newburgh	US	41.5	28290
Newburyport	US	42.8	17982
Newington	US	41.7	30562
Newnan	US	33.4	37291
Newport	US	41.5	24232
Newport Beach	US	33.6	87127
Newport News	US	37.0	186247
Newton	US	42.3	88817
Niagara Falls	US	43.1	48916
Nicetown-Tioga	US	40.0	17382
Nicholasville	US	37.9	29754
Niles	US	42.0	29876
Nipomo	US	35.0	16714
Niu Valley	US	21.3	19250
Nixa	US	37.0	20984
Noblesville	US	40.0	59093
Noe Valley	US	37.8	22893
Nogales	US	31.3	20252
NoMa	US	38.9	20700
Norco	US	33.9	26289
Norcross	US	33.9	16634
Norfolk	US	36.8	238005
Norland	US	25.9	23604
Normal	US	40.5	54373
Norman	US	35.2	128026
Norristown	US	40.1	34412
North Amityville	US	40.7	17862
North Andover	US	42.7	28222
North Arlington	US	40.8	15904
North Attleborough Center	US	42.0	16796
North Augusta	US	33.5	22522
North Aurora	US	41.8	17456
North Babylon	US	40.7	17509
North Bay Shore	US	40.8	18944
North Bel Air	US	39.5	33925
North Bellmore	US	40.7	19941
North Bergen	US	40.8	63484
North Bethesda	US	39.0	43828
North Brunswick	US	40.5	43905
North Canton	US	40.9	17441
North Center	US	42.0	34623
North Charleston	US	32.9	108304
North Chicago	US	42.3	29491
North Chicopee	US	42.2	55179
North Creek	US	47.8	26410
North Decatur	US	33.8	16698
North Druid Hills	US	33.8	18947
North Fort Myers	US	26.7	39407
North Haven	US	41.4	24093
North Highlands	US	38.7	42694
North Hills	US	34.2	56946
North Hollywood	US	34.2	64587
North Kingstown	US	41.6	28042
North La Crosse	US	43.8	50470
North Las Vegas	US	36.2	234807
North Lauderdale	US	26.2	43703
North Lawndale	US	41.9	35276
North Liberty	US	41.7	15931
North Little Rock	US	34.8	66504
North Massapequa	US	40.7	17886
North Miami	US	25.9	62435
North Miami Beach	US	25.9	43971
North Myrtle Beach	US	33.8	15579
North Ogden	US	41.3	18446
North Olmsted	US	41.4	32004
North Peoria	US	40.7	113004
North Plainfield	US	40.6	22140
North Platte	US	41.1	24194
North Port	US	27.0	62345
North Potomac	US	39.1	24410
North Providence	US	41.9	33835
North Richland Hills	US	32.8	69204
North Ridgeville	US	41.4	32483
North Royalton	US	41.3	30311
North Salt Lake	US	40.8	19796
North Stamford	US	41.1	121230
North Tonawanda	US	43.0	30785
North Tustin	US	33.8	24917
North Valley Stream	US	40.7	16628
Northampton	US	42.3	28540
Northbrook	US	42.1	33663
Northdale	US	28.1	22079
Northfield	US	44.5	20380
Northglenn	US	39.9	39197
Northport	US	33.2	24772
Northridge	US	34.2	68469
Northwest One	US	38.9	23386
Northwood	US	33.7	22218
Norton	US	42.0	19808
Norton Shores	US	43.2	24208
Norwalk	US	33.9	107140
Norwich	US	41.5	39899
Norwood	US	42.2	28602
Novato	US	38.1	55530
Novi	US	42.5	58723
Nutley	US	40.8	27572
Nuuanu - Punchbowl	US	21.3	16205
O'Fallon	US	38.8	85040
Oak Creek	US	42.9	35243
Oak Forest	US	41.6	28074
Oak Grove	US	45.4	16629
Oak Harbor	US	48.3	22693
Oak Hill	US	38.9	33811
Oak Lawn	US	41.7	56781
Oak Park	US	41.9	52287
Oak Ridge	US	36.0	29302
Oakdale	US	45.0	28080
Oakland	US	37.8	419267
Oakland Park	US	26.2	44319
Oakleaf Plantation	US	30.2	20315
Oakley	US	38.0	39813
Oakton	US	38.9	34166
Oakville	US	38.5	36143
Ocala	US	29.2	58218
Ocean Acres	US	39.7	16142
Ocean Springs	US	30.4	17636
Oceanside	US	33.2	175691
Ocoee	US	28.6	43608
Oconomowoc	US	43.1	16360
Odenton	US	39.1	37132
Odessa	US	31.8	114428
Ogden	US	41.2	85444
Oildale	US	35.4	32684
Ojus	US	25.9	18036
Okemos	US	42.7	21369
Oklahoma City	US	35.5	681054
Okolona	US	38.1	17134
Olathe	US	38.9	134305
Old Bridge	US	40.4	23753
Old Jamestown	US	38.8	19184
Olive Branch	US	35.0	36010
Olney	US	40.0	39154
Olympia	US	47.0	55733
Omaha	US	41.3	486051
Onalaska	US	43.9	18468
Ontario	US	34.1	171214
Opa-locka	US	25.9	16565
Opelika	US	32.6	29527
Opelousas	US	30.5	16591
Opportunity	US	47.6	25877
Orange	US	33.8	140992
Orangevale	US	38.7	33960
Orchards	US	45.7	19556
Orcutt	US	34.9	28905
Oregon	US	41.6	20102
Oregon City	US	45.4	35831
Orem	US	40.3	94457
Orient Heights	US	42.4	15741
Orinda	US	37.9	19279
Orland Park	US	41.6	58619
Orlando	US	28.5	334854
Ormond Beach	US	29.3	40970
Oro Valley	US	32.4	45303
Oroville	US	39.5	16260
Oshkosh	US	44.0	66555
Ossining	US	41.2	25441
Oswego	US	41.7	33955
Otsego	US	45.3	15551
Ottawa	US	41.3	18342
Ottumwa	US	41.0	24624
Overbrook	US	40.0	32181
Overland	US	38.7	15959
Overland Park	US	39.0	186515
Oviedo	US	28.7	38551
Owasso	US	36.3	34542
Owatonna	US	44.1	25725
Owensboro	US	37.8	59042
Owings Mills	US	39.4	30622
Oxford	US	34.4	22314
Oxford Circle	US	40.1	48856
Oxnard	US	34.2	207254
Oxon Hill	US	38.8	17722
Oxon Hill-Glassmanor	US	38.8	35355
Ozark	US	37.0	19120
Ozone Park	US	40.7	53985
Pace	US	30.6	20039
Pacific Grove	US	36.6	15674
Pacific Palisades	US	34.0	23121
Pacifica	US	37.6	39260
Paducah	US	37.1	24864
Pahrump	US	36.2	36441
Painesville	US	41.7	19776
Palatine	US	42.1	69308
Palestine	US	31.8	18288
Palisades Park	US	40.8	20743
Palm Bay	US	28.0	119760
Palm Beach Gardens	US	26.8	52923
Palm City	US	27.2	23120
Palm Coast	US	29.6	82893
Palm Desert	US	33.7	51869
Palm Harbor	US	28.1	57439
Palm River-Clair Mel	US	27.9	21024
Palm Springs	US	33.8	47371
Palm Valley	US	30.2	20019
Palmdale	US	34.6	158351
Palmer	US	42.2	18261
Palmetto Bay	US	25.6	24439
Palo Alto	US	37.4	66853
Palos Hills	US	41.7	17565
Pampa	US	35.5	18177
Panama City	US	30.2	38286
Papillion	US	41.2	19510
Paradise	US	36.1	223167
Paragould	US	36.1	27900
Paramount	US	33.9	55412
Paramus	US	40.9	26974
Paris	US	33.7	24782
Park Forest	US	41.5	21954
Park Ridge	US	42.0	37757
Park Slope	US	40.7	65047
Park View	US	38.9	18796
Parkchester	US	40.8	65876
Parker	US	39.5	49550
Parkersburg	US	39.3	30991
Parkland	US	47.2	35803
Parkside	US	37.7	16874
Parkville	US	39.4	30734
Parkwood Manor	US	40.1	16787
Parlier	US	36.6	15138
Parma	US	41.4	79937
Parma Heights	US	41.4	20246
Parole	US	39.0	15922
Parsippany	US	40.9	51144
Pasadena	US	29.7	153784
Pascagoula	US	30.4	22126
Pasco	US	46.2	69451
Paso Robles	US	35.6	27157
Passaic	US	40.9	71085
Pataskala	US	40.0	15245
Paterson	US	40.9	147754
Patterson	US	37.5	21498
Pawtucket	US	41.9	71591
Payson	US	40.0	19548
Peabody	US	42.5	52504
Peachtree City	US	33.4	35240
Peachtree Corners	US	34.0	40978
Pearl	US	32.3	26462
Pearl City	US	21.4	47698
Pearl River	US	41.1	15876
Pearland	US	29.6	108821
Pecan Grove	US	29.6	15963
Peekskill	US	41.3	24043
Pekin	US	40.6	33223
Pelham	US	33.3	22885
Pembroke Pines	US	26.0	166611
Pendleton	US	45.7	16881
Penn Hills	US	40.5	44610
Pennsauken	US	40.0	36332
Pennsport	US	39.9	26000
Pensacola	US	30.4	53724
Peoria	US	33.6	190985
Perris	US	33.8	74971
Perry	US	32.5	15457
Perry Hall	US	39.4	28474
Perrysburg	US	41.6	21423
Perth Amboy	US	40.5	52682
Petaluma	US	38.2	60438
Petersburg	US	37.2	32477
Petworth	US	38.9	18983
Pflugerville	US	30.4	57122
Pharr	US	26.2	76538
Phenix City	US	32.5	37570
Philadelphia	US	40.0	1573916
Phoenix	US	33.4	1650070
Phoenixville	US	40.1	16658
Pickerington	US	39.9	19745
Picnic Point-North Lynnwood	US	47.9	22953
Pico Rivera	US	34.0	64218
Pikesville	US	39.4	30764
Pine Bluff	US	34.2	44772
Pine Hills	US	28.6	60076
Pinecrest	US	25.7	19452
Pinehurst	US	35.2	15752
Pinellas Park	US	27.8	51617
Pinewood	US	25.9	16520
Pinole	US	38.0	19269
Piqua	US	40.1	20790
Piscataway	US	40.5	56044
Pittsburg	US	38.0	69424
Pittsburgh	US	40.4	304391
Pittsfield	US	42.5	43303
Placentia	US	33.9	52495
Plainfield	US	40.6	51217
Plainview	US	40.8	26217
Plainville	US	41.7	17328
Plano	US	33.0	283558
Plant City	US	28.0	37406
Plantation	US	26.1	92560
Plattsburgh	US	44.7	19806
Pleasant Grove	US	40.4	38052
Pleasant Hill	US	37.9	34810
Pleasant Plains	US	38.9	21174
Pleasant Prairie	US	42.6	20726
Pleasanton	US	37.7	79510
Pleasantville	US	39.4	20755
Pleasure Ridge Park	US	38.1	25813
Plum	US	40.5	27505
Plymouth	US	45.0	75907
Pocatello	US	42.9	54441
Poinciana	US	28.1	53193
Point Breeze	US	39.9	16977
Point Pleasant	US	40.1	18523
Pomona	US	34.1	153266
Pompano Beach	US	26.2	107762
Ponca City	US	36.7	24758
Ponte Vedra Beach	US	30.2	35400
Pontiac	US	42.6	59917
Pooler	US	32.1	23133
Poplar Bluff	US	36.8	17266
Port Angeles	US	48.1	19448
Port Arthur	US	29.9	55340
Port Charlotte	US	27.0	54392
Port Chester	US	41.0	29620
Port Hueneme	US	34.1	22423
Port Huron	US	43.0	29330
Port Orange	US	29.1	59866
Port Richmond	US	40.0	27554
Port Saint Lucie	US	27.3	164603
Port Washington	US	40.8	15846
Portage	US	42.2	48177
Portage Park	US	42.0	64841
Porterville	US	36.1	56058
Portland	US	45.5	652503
Portsmouth	US	36.8	96201
Portsmouth Heights	US	36.8	99049
Post Falls	US	47.7	30453
Potomac	US	39.0	44965
Pottstown	US	40.2	22664
Poughkeepsie	US	41.7	30371
Poway	US	33.0	50157
Prairie Village	US	39.0	21877
Prairieville	US	30.3	26895
Prattville	US	32.5	35420
Prescott	US	34.5	41899
Prescott Valley	US	34.6	42197
Prichard	US	30.7	22351
Princeton	US	25.5	39308
Prior Lake	US	44.7	25282
Prospect Heights	US	42.1	16386
Prosper	US	33.2	15967
Providence	US	41.8	190934
Provo	US	40.2	115162
Prunedale	US	36.8	17560
Pueblo	US	38.3	109412
Pueblo West	US	38.4	29637
Pullman	US	46.7	32816
Punta Gorda	US	26.9	18150
Punta Gorda Isles	US	26.9	18306
Puyallup	US	47.2	39659
Queen Creek	US	33.2	34614
Queens	US	40.7	2316841
Queens Village	US	40.7	51919
Queensbury	US	43.4	27703
Quincy	US	42.3	93618
Racine	US	42.7	77742
Radcliff	US	37.8	22387
Radford	US	37.1	17403
Radnor	US	40.0	30878
Rahway	US	40.6	29508
Raleigh	US	35.8	482295
Ramona	US	33.0	20292
Ramsey	US	45.3	25828
Rancho Cordova	US	38.6	71017
Rancho Cucamonga	US	34.1	175236
Rancho Mirage	US	33.7	18083
Rancho Palos Verdes	US	33.7	42732
Rancho Penasquitos	US	33.0	60000
Rancho San Diego	US	32.7	21208
Rancho Santa Margarita	US	33.6	49324
Randallstown	US	39.4	32430
Randolph	US	42.2	32112
Rapid City	US	44.1	73569
Raymore	US	38.8	20374
Raytown	US	39.0	29401
Reading	US	40.3	87879
Red Wing	US	44.6	16445
Redan	US	33.7	33015
Redding	US	40.6	91582
Redford	US	42.4	49936
Redland	US	39.1	17242
Redlands	US	34.1	71035
Redmond	US	47.7	60598
Redondo Beach	US	33.8	68166
Redwood City	US	37.5	85288
Reedley	US	36.6	25569
Rego Park	US	40.7	43925
Reisterstown	US	39.5	25968
Reno	US	39.5	264165
Renton	US	47.5	100242
Republic	US	37.1	16005
Reseda	US	34.2	65000
Reston	US	39.0	58404
Revere	US	42.4	53422
Rexburg	US	43.8	27663
Reynoldsburg	US	40.0	37158
Rhawnhurst	US	40.1	25581
Rialto	US	34.1	103132
Richardson	US	32.9	110815
Richfield	US	44.9	36216
Richland	US	46.3	54248
Richmond	US	37.6	226610
Richmond Hill	US	40.7	98984
Richmond West	US	25.6	35884
Ridgecrest	US	35.6	28780
Ridgeland	US	32.4	24351
Ridgewood	US	40.7	69317
Rio Linda	US	38.7	15106
Rio Rancho	US	35.2	87521
Rio Rico	US	31.5	18962
Ripon	US	37.7	15151
Rittenhouse	US	39.9	21582
River Falls	US	44.9	15269
Riverbank	US	37.7	24122
Riverdale	US	33.6	15989
Riverside	US	34.0	317261
Riverton	US	40.5	41900
Riverview	US	27.9	71050
Riviera Beach	US	26.8	34005
Roanoke	US	37.3	100011
Roanoke Rapids	US	36.5	15345
Rochester	US	43.2	209802
Rochester Hills	US	42.7	73424
Rock Hill	US	34.9	71548
Rock Island	US	41.5	38620
Rock Springs	US	41.6	23962
Rockford	US	42.3	148278
Rockland	US	42.1	17982
Rockledge	US	28.4	24926
Rocklin	US	38.8	61213
Rockville	US	39.1	66980
Rockville Centre	US	40.7	24201
Rockwall	US	32.9	42566
Rocky Mount	US	35.9	55806
Rocky River	US	41.5	20376
Rogers	US	36.3	63159
Rogers Park	US	42.0	54402
Rohnert Park	US	38.3	42407
Rolla	US	38.0	20019
Rolling Meadows	US	42.1	24190
Rome	US	34.3	36323
Romeoville	US	41.6	39719
Romulus	US	42.2	23417
Ronkonkoma	US	40.8	19082
Roosevelt	US	40.7	16258
Rosamond	US	34.9	18150
Rose Hill	US	38.8	20226
Roseburg	US	43.2	22114
Rosedale	US	40.7	25812
Roselle	US	42.0	22994
Rosemead	US	34.1	54908
Rosemont	US	38.6	22681
Rosemount	US	44.7	23413
Rosenberg	US	29.6	35510
Roseville	US	38.8	130269
Roslindale	US	42.3	27683
Rossville	US	40.5	18792
Roswell	US	34.0	94501
Rotterdam	US	42.8	20652
Round Lake	US	42.4	18461
Round Lake Beach	US	42.4	27852
Round Rock	US	30.5	115997
Rowland Heights	US	34.0	48993
Rowlett	US	32.9	60236
Roxbury Crossing	US	42.3	15248
Roy	US	41.2	37964
Royal Oak	US	42.5	59008
Royal Palm Beach	US	26.7	37633
Rubidoux	US	34.0	34280
Ruskin	US	27.7	17208
Russellville	US	35.3	29166
Ruston	US	32.5	22340
Rutherford	US	40.8	18690
Rutland	US	43.6	15824
Rye	US	41.0	16046
Sachse	US	33.0	24554
Saco	US	43.5	19078
Sacramento	US	38.6	524943
Safety Harbor	US	28.0	17454
Saginaw	US	43.4	49347
Saginaw Township North	US	43.5	24994
Sahuarita	US	32.0	25707
Saint Andrews	US	34.0	21151
Saint Charles	US	38.8	65794
Saint Clair Shores	US	42.5	59715
Saint Cloud	US	45.6	65842
Saint George	US	37.1	72897
Saint Joseph	US	39.8	76780
Saint Louis Park	US	44.9	45250
Saint Matthews	US	38.3	17472
Saint Michael	US	45.2	16399
Saint Paul	US	44.9	303176
Saint Peters	US	38.8	52575
Salem	US	44.9	175535
Salina	US	38.8	47813
Salinas	US	36.7	157380
Salisbury	US	35.7	34017
Salmon Creek	US	45.7	19686
Salt Lake City	US	40.8	215548
Sammamish	US	47.6	52253
San Angelo	US	31.5	99893
San Antonio	US	29.4	1526656
San Benito	US	26.1	24496
San Bernardino	US	34.1	216108
San Bruno	US	37.6	43185
San Carlos	US	37.5	29931
San Carlos Park	US	26.5	16824
San Clemente	US	33.4	65526
San Diego	US	32.7	1404452
San Dimas	US	34.1	34630
San Fernando	US	34.3	24931
San Francisco	US	37.8	827526
San Gabriel	US	34.1	40424
San Jacinto	US	33.8	46951
San Jose	US	37.3	997368
San Juan	US	26.2	36556
San Juan Capistrano	US	33.5	36454
San Leandro	US	37.7	90712
San Lorenzo	US	37.7	23452
San Luis	US	32.5	31520
San Luis Obispo	US	35.3	47339
San Marcos	US	33.1	92931
San Mateo	US	37.6	103536
San Pablo	US	38.0	30407
San Pedro	US	33.7	83556
San Rafael	US	38.0	59162
San Ramon	US	37.8	76134
San Tan Valley	US	33.2	81321
Sand Springs	US	36.1	19783
Sandalfoot Cove	US	26.3	16582
Sandusky	US	41.4	25212
Sandy	US	40.6	87461
Sandy Hills	US	40.6	89575
Sandy Springs	US	33.9	105330
Sanford	US	28.8	58111
Sanger	US	36.7	24950
Santa Ana	US	33.7	310227
Santa Barbara	US	34.4	91842
Santa Clara	US	37.4	126215
Santa Clarita	US	34.4	182371
Santa Cruz	US	37.0	64220
Santa Fe	US	35.7	87505
Santa Fe Springs	US	33.9	18026
Santa Maria	US	35.0	105093
Santa Monica	US	34.0	93220
Santa Paula	US	34.4	30546
Santa Rosa	US	38.4	178127
Santa Rosa Beach	US	30.4	32459
Santee	US	32.8	57787
Sapulpa	US	36.0	20579
Sarasota	US	27.3	55118
Saratoga	US	37.3	30968
Saratoga Springs	US	43.1	27765
Sartell	US	45.6	16788
Saugus	US	42.5	26628
Savage	US	44.8	30391
Savannah	US	32.1	147780
Sawtelle	US	34.0	39757
Sayreville	US	40.5	44920
Sayreville Junction	US	40.5	42890
Sayville	US	40.7	16853
Scaggsville	US	39.1	24333
Scarsdale	US	41.0	17885
Schaumburg	US	42.0	74693
Schenectady	US	42.8	65305
Schererville	US	41.5	28791
Schertz	US	29.6	43091
Schofield Barracks	US	21.5	16370
Schofield-Wheeler	US	21.5	20452
Scotch Plains	US	40.7	23584
Scottsdale	US	33.5	236839
Scranton	US	41.4	77118
Seabrook	US	39.0	17287
Seaford	US	40.7	15294
Seagoville	US	32.6	15894
Seal Beach	US	33.7	24619
Searcy	US	35.3	24196
Seaside	US	36.6	33025
SeaTac	US	47.4	28215
Seattle	US	47.6	780995
Sebastian	US	27.8	24007
Secaucus	US	40.8	19104
Security-Widefield	US	38.7	32882
Sedalia	US	38.7	21516
Seguin	US	29.6	27864
Selden	US	40.9	19851
Selma	US	36.6	24414
Seminole	US	27.8	18153
Setauket-East Setauket	US	40.9	15477
Seven Oaks	US	34.0	15144
Severn	US	39.1	44231
Severna Park	US	39.1	37634
Sevierville	US	35.9	16490
Sewell	US	39.8	37433
Seymour	US	39.0	19478
Shafter	US	35.5	18336
Shaker Heights	US	41.5	27646
Shakopee	US	44.8	39981
Shaw	US	38.9	17639
Shawnee	US	39.0	65046
Sheboygan	US	43.8	48797
Sheepshead Bay	US	40.6	122534
Shelby	US	42.7	74099
Shelbyville	US	35.5	21317
Shelton	US	41.3	41296
Shenandoah	US	30.4	18399
Sheridan	US	44.8	17873
Sherman	US	33.6	40667
Sherman Oaks	US	34.2	52677
Sherrelwood	US	39.8	18287
Sherwood	US	34.8	30517
Shirley	US	40.8	27854
Shively	US	38.2	15713
Shoreline	US	47.8	55439
Shoreview	US	45.1	26477
Shorewood	US	41.5	16747
Short Pump	US	37.7	24729
Shreveport	US	32.5	187593
Shrewsbury	US	42.3	33893
Sicklerville	US	39.7	42891
Sidney	US	40.3	20858
Sierra Vista	US	31.6	43355
Sikeston	US	36.9	16436
Siloam Springs	US	36.2	16081
Silver Firs	US	47.9	20891
Silver Lake	US	34.1	32890
Silver Spring	US	39.0	71452
Silverdale	US	47.6	19204
Simi Valley	US	34.3	126788
Simpsonville	US	34.7	20736
Sioux City	US	42.5	82821
Sioux Falls	US	43.5	171544
Skokie	US	42.0	64821
Slidell	US	30.3	27942
Smithfield	US	41.9	21872
Smithtown	US	40.9	26470
Smyrna	US	33.9	56146
Snellville	US	33.9	19733
Socastee	US	33.7	19952
Socorro	US	31.7	33222
Socorro Mission Number 1 Colonia	US	31.6	28637
Soledad	US	36.4	25003
Solon	US	41.4	23043
Somerset	US	40.5	22083
Somerton	US	40.1	33247
Somerville	US	42.4	80318
South Bel Air	US	39.5	48828
South Bend	US	41.7	101516
South Boston	US	42.3	571281
South Bradenton	US	27.5	22178
South Burlington	US	44.5	18791
South Chicago	US	41.7	28095
South El Monte	US	34.1	20878
South Elgin	US	42.0	22365
South Euclid	US	41.5	21794
South Fulton	US	33.6	107436
South Gate	US	34.0	96401
South Hadley	US	42.3	17652
South Hill	US	47.1	52431
South Holland	US	41.6	22043
South Houston	US	29.7	17544
South Jordan	US	40.6	66648
South Jordan Heights	US	40.6	37141
South Kingstown	US	41.4	30826
South Lake Tahoe	US	38.9	21706
South Laurel	US	39.1	26112
South Lawndale	US	41.8	73826
South Miami Heights	US	25.6	36770
South Milwaukee	US	42.9	21233
South Ogden	US	41.2	16955
South Old Bridge	US	40.4	23233
South Orange	US	40.7	17295
South Ozone Park	US	40.7	75878
South Pasadena	US	34.1	26151
South Peabody	US	42.5	50293
South Plainfield	US	40.6	24290
South Portland	US	43.6	25556
South Portland Gardens	US	43.6	23893
South Riding	US	38.9	24256
South River	US	40.4	16399
South Saint Paul	US	44.9	20160
South Salt Lake	US	40.7	24788
South San Francisco	US	37.7	67271
South San Jose Hills	US	34.0	20551
South Shore	US	41.8	51451
South Suffolk	US	36.7	80690
South Valley	US	35.0	40976
South Vineland	US	39.4	58122
South Whittier	US	34.0	57156
South Windsor	US	41.8	24412
South Yuba City	US	39.1	15217
Southaven	US	35.0	52589
Southbridge	US	42.1	19030
Southbury	US	41.5	19836
Southchase	US	28.4	15921
Southfield	US	42.5	73156
Southgate	US	42.2	29293
Southglenn	US	39.6	42268
Southington	US	41.6	43501
Southlake	US	32.9	29941
Southwest Waterfront	US	38.9	15129
Spanaway	US	47.1	27227
Spanish Fork	US	40.1	37935
Spanish Lake	US	38.8	19650
Spanish Springs	US	39.6	15064
Sparks	US	39.5	96094
Sparta	US	41.0	19722
Spartanburg	US	34.9	37867
Spokane	US	47.7	229447
Spokane Valley	US	47.7	94919
Spring	US	30.1	54298
Spring Hill	US	28.5	98621
Spring Valley	US	36.1	178395
Springboro	US	39.6	18213
Springdale	US	36.2	77859
Springfield	US	37.2	170188
Springfield Gardens	US	40.7	30515
Springville	US	40.2	32286
St. Charles	US	38.6	33379
St. Johns	US	30.1	40000
St. Louis	US	38.6	279695
St. Marys	US	30.7	17968
St. Petersburg	US	27.8	257083
Stafford	US	29.6	18459
Stallings	US	35.1	15270
Stamford	US	41.1	128874
Stanton	US	33.8	38872
Starkville	US	33.5	25366
State College	US	40.8	42161
Staten Island	US	40.6	468730
Statesboro	US	32.4	30721
Statesville	US	35.8	26221
Staunton	US	38.1	24416
Stephenville	US	32.2	20120
Sterling	US	39.0	27822
Sterling Heights	US	42.6	132052
Steubenville	US	40.4	18219
Stevens Point	US	44.5	26604
Stevenson Ranch	US	34.4	17557
Stillwater	US	36.1	48967
Stockbridge	US	33.5	28202
Stockton	US	38.0	305658
Stonecrest	US	33.7	50000
Stonegate	US	33.7	18938
Stoneham	US	42.5	21437
Storrs	US	41.8	15344
Stoughton	US	42.1	26915
Stow	US	41.2	34797
Stratford	US	41.2	51384
Strawberry Mansion	US	40.0	15778
Streamwood	US	42.0	40554
Streetsboro	US	41.2	16312
Strongsville	US	41.3	44668
Stuart	US	27.2	16462
Studio City	US	34.1	34034
Sudbury	US	42.4	17343
Sudley	US	38.8	16203
Suffolk	US	36.7	88161
Sugar Hill	US	34.1	21747
Sugar Land	US	29.6	88156
Suisun	US	38.2	28111
Suitland	US	38.8	25825
Suitland-Silver Hill	US	38.8	33515
Sulphur	US	30.2	20189
Sulphur Springs	US	33.1	16098
Summerlin South	US	36.1	24085
Summerville	US	33.0	48848
Summit	US	40.7	22074
Sumter	US	33.9	40816
Sun City	US	33.6	37499
Sun City Center	US	27.7	19258
Sun City West	US	33.7	24535
Sun Prairie	US	43.2	32365
Sun Valley	US	39.6	19299
Sunland	US	34.3	15316
Sunland Park	US	31.8	15940
Sunny Isles Beach	US	26.0	22123
Sunnyside	US	40.7	49833
Sunnyvale	US	37.4	155805
Sunrise	US	26.1	84439
Sunrise Manor	US	36.2	189372
Sunset	US	25.7	16389
Sunset Park	US	40.6	126000
Superior	US	46.7	26579
Surprise	US	33.6	143148
Susanville	US	40.4	15247
Suwanee	US	34.1	18694
Swansea	US	41.7	16525
Sweetwater	US	25.8	20840
Sycamore	US	42.0	17712
Sylmar	US	34.3	79614
Sylvania	US	41.7	18965
Syosset	US	40.8	18829
Syracuse	US	43.0	144142
Tacoma	US	47.3	222906
Tacony	US	40.0	17846
Tahlequah	US	35.9	16598
Takoma Park	US	39.0	17713
Talladega	US	33.4	15709
Tallahassee	US	30.4	201731
Tallmadge	US	41.1	17512
Tamarac	US	26.2	64681
Tamiami	US	25.8	55271
Tampa	US	27.9	414547
Tanque Verde	US	32.3	16901
Tarpon Springs	US	28.1	24605
Taunton	US	41.9	56789
Tavares	US	28.8	15430
Taylor	US	42.2	61568
Taylors	US	34.9	21617
Taylorsville	US	40.7	60514
Teaneck	US	40.9	40078
Temecula	US	33.5	110003
Tempe	US	33.4	175826
Tempe Junction	US	33.4	158368
Temple	US	31.1	72277
Temple City	US	34.1	36365
Temple Terrace	US	28.0	25731
Terrace Heights	US	40.7	15421
Terre Haute	US	39.5	60825
Terrell	US	32.7	16981
Terrytown	US	29.9	23319
Tewksbury	US	42.6	29326
Texarkana	US	33.4	37280
Texas City	US	29.4	47618
The Acreage	US	26.8	38704
The Bronx	US	40.8	1385108
The Colony	US	33.1	41779
The Crossings	US	25.7	22758
The Dalles	US	45.6	15340
The Hammocks	US	25.7	51003
The Trails of Frisco	US	33.2	51059
The Villages	US	28.9	51442
The Woodlands	US	30.2	93847
Thomasville	US	35.9	27061
Thornton	US	39.9	133451
Thousand Oaks	US	34.2	129339
Three Lakes	US	25.6	15047
Throgs Neck	US	40.8	33683
Tiffin	US	41.1	17687
Tifton	US	31.5	16725
Tigard	US	45.4	51253
Tillmans Corner	US	30.6	17398
Times Square	US	40.8	17749
Tinley Park	US	41.6	57143
Tinton Falls	US	40.3	17772
Titusville	US	28.6	45393
Toledo	US	41.7	265638
Toms River	US	40.0	88791
Tooele	US	40.5	33157
Topeka	US	39.0	125963
Torrance	US	33.8	143592
Torrington	US	41.8	34906
Town 'n' Country	US	28.0	78442
Towson	US	39.4	55197
Tracy	US	37.7	87075
Traverse City	US	44.8	15218
Tremont	US	40.8	22870
Trenton	US	40.2	89620
Tri-Cities	US	46.2	244036
Trotwood	US	39.8	24096
Troutdale	US	45.5	16631
Troy	US	42.6	83280
Truckee	US	39.3	16299
Trumbull	US	41.2	36018
Trussville	US	33.6	21023
Tualatin	US	45.4	27154
Tuckahoe	US	37.6	44990
Tucker	US	33.9	27581
Tucson	US	32.2	542629
Tujunga	US	34.3	26527
Tukwila	US	47.5	20018
Tulare	US	36.2	62315
Tullahoma	US	35.4	19128
Tulsa	US	36.2	413066
Tumwater	US	47.0	19190
Tupelo	US	34.3	35680
Turlock	US	37.5	72292
Tuscaloosa	US	33.2	111338
Tustin	US	33.7	80583
Tustin Legacy	US	33.7	21428
Twentynine Palms	US	34.1	26025
Twin Falls	US	42.6	47468
Twinsburg	US	41.3	18872
Tyler	US	32.4	103700
Tysons	US	38.9	19627
UC Irvine	US	33.6	15807
Ukiah	US	39.2	15917
Union	US	40.7	56771
Union City	US	37.6	74494
Union Hill-Novelty Hill	US	47.7	18805
Uniondale	US	40.7	24759
Unionport	US	40.8	23895
Universal City	US	34.1	105000
University	US	28.1	41163
University City	US	38.7	35058
University Heights	US	40.9	27935
University of Texas	US	30.3	53082
University Park	US	25.7	26995
University Place	US	47.2	32842
Upland	US	34.1	76443
Upper Alton	US	38.9	29251
Upper Arlington	US	40.0	34907
Upper Saint Clair	US	40.3	19229
Upper West Side	US	40.8	226989
Uptown	US	42.0	55137
Urbana	US	40.1	42311
Urbandale	US	41.6	44062
Utica	US	43.1	61100
Uvalde	US	29.2	16476
Vacaville	US	38.4	96803
Valdosta	US	30.8	55724
Valencia	US	34.4	148456
Valinda	US	34.0	22822
Vallejo	US	38.1	121692
Valley Glen	US	34.2	60000
Valley Station	US	38.1	22756
Valley Stream	US	40.7	37962
Valparaiso	US	41.5	32626
Valrico	US	27.9	35545
Van Buren	US	35.4	23081
Van Nest	US	40.8	23700
Van Nuys	US	34.2	136443
Vancouver	US	45.6	196442
Vandalia	US	39.9	15106
Venice	US	34.0	40885
Ventura	US	34.3	96769
Vermont Square	US	34.0	47555
Vernon Hills	US	42.2	26314
Vero Beach	US	27.6	16358
Vero Beach South	US	27.6	23092
Vestal	US	42.1	28043
Vestavia Hills	US	33.4	34174
Vicksburg	US	32.4	23131
Victoria	US	28.8	67574
Victorville	US	34.5	122225
Vienna	US	38.9	16522
Villa Park	US	41.9	21969
Vincennes	US	38.7	18012
Vincent	US	34.5	15922
Vincentown	US	39.9	24664
Vineland	US	39.5	60818
Vineyard	US	38.5	24836
Virginia Beach	US	36.9	454808
Visalia	US	36.3	130104
Visitacion Valley	US	37.7	22534
Vista	US	33.2	100890
Waco	US	31.5	132356
Wade Hampton	US	34.9	20622
Wadsworth	US	41.0	21860
Wahiawā	US	21.5	17821
Wahiawā-Whitmore	US	21.5	22448
Waiau-Pacific Palisades	US	21.4	47591
Waikīkī	US	21.3	19862
Wailuku	US	20.9	15313
Waipahu	US	21.4	38216
Wake Forest	US	36.0	38199
Wakefield	US	40.9	52201
Waldorf	US	38.6	67752
Walker	US	43.0	24647
Walla Walla	US	46.1	32237
Wallingford	US	41.5	17712
Wallingford Center	US	41.4	18209
Walnut	US	34.0	30237
Walnut Creek	US	37.9	68910
Walnut Park	US	34.0	15966
Waltham	US	42.4	63378
Wantagh	US	40.7	18871
Warner Robins	US	32.6	73490
Warren	US	42.5	134056
Warren Township	US	40.6	15311
Warrensburg	US	38.8	19927
Warwick	US	41.7	81699
Wasco	US	35.6	26279
Washington	US	38.9	689545
Washington Heights	US	40.9	152613
Washougal	US	45.6	15288
Watauga	US	32.9	24525
Waterbury	US	41.6	108802
Waterford	US	42.7	75737
Waterloo	US	42.5	68460
Watertown	US	42.4	31915
Waterville	US	44.6	16261
Watsonville	US	36.9	53628
Waukee	US	41.6	18990
Waukegan	US	42.4	88475
Waukesha	US	43.0	71970
Wausau	US	45.0	39094
Wauwatosa	US	43.0	47614
Waverly	US	42.7	23925
Waxahachie	US	32.4	33384
Wayne	US	40.9	57915
Waynesboro	US	38.1	21491
Weatherford	US	32.8	28742
Webster Groves	US	38.6	23177
Weirton	US	40.4	19175
Weirton Heights	US	40.4	19450
Wekiwa Springs	US	28.7	21998
Wellesley	US	42.3	27982
Wellington	US	26.7	62560
Wenatchee	US	47.4	33636
Wentzville	US	38.8	35603
Weslaco	US	26.2	39474
Wesley Chapel	US	28.2	44092
West Albany	US	42.7	93794
West Allis	US	43.0	60620
West and East Lealman	US	27.8	21924
West Babylon	US	40.7	43213
West Bend	US	43.4	31695
West Bloomfield Township	US	42.6	64690
West Carson	US	33.8	21699
West Chester	US	40.0	19842
West Chicago	US	41.9	27447
West Columbia	US	34.0	16060
West Coon Rapids	US	45.2	62528
West Covina	US	34.1	108484
West Des Moines	US	41.6	64113
West Elkridge	US	39.2	28734
West Elsdon	US	41.8	19219
West Englewood	US	41.8	32156
West Falls Church	US	38.9	29207
West Fargo	US	46.9	33597
West Garfield Park	US	41.9	17742
West Gulfport	US	30.4	71329
West Hartford	US	41.8	63268
West Haven	US	41.3	54927
West Hempstead	US	40.7	18862
West Hills	US	34.2	41426
West Hollywood	US	26.0	60806
West Islip	US	40.7	28335
West Jordan	US	40.6	111946
West Lafayette	US	40.4	45550
West Lake Sammamish	US	47.6	33929
West Lake Stevens	US	48.0	21047
West Lawn	US	41.8	32749
West Linn	US	45.4	26593
West Little River	US	25.9	34699
West Lynchburg	US	37.4	65517
West Melbourne	US	28.1	20679
West Memphis	US	35.1	25052
West Mifflin	US	40.4	20075
West Milford	US	41.1	26968
West New York	US	40.8	53366
West Oak Lane	US	40.1	38699
West Odessa	US	31.8	22707
West Orange	US	40.8	48131
West Palm Beach	US	26.7	120932
West Park	US	26.0	15097
West Pensacola	US	30.4	21339
West Puente Valley	US	34.1	22636
West Raleigh	US	35.8	338759
West Ridge	US	42.0	72211
West Roxbury	US	42.3	30442
West Sacramento	US	38.6	52721
West Saint Paul	US	44.9	19540
West Scarborough	US	43.6	27706
West Seneca	US	42.9	44711
West Springfield	US	42.1	27912
West Torrington	US	41.8	36000
West Town	US	41.9	86429
West University Place	US	29.7	15741
West Valley City	US	40.7	136208
West Village	US	40.7	32518
West Warwick	US	41.7	30146
West Whittier-Los Nietos	US	34.0	25540
Westbrook	US	43.7	17978
Westbury	US	40.8	15379
Westchase	US	28.1	21747
Westchester	US	25.8	29862
Westerly	US	41.4	17936
Westerville	US	40.1	38384
Westfield	US	42.1	41690
Westford	US	42.6	21587
Westlake	US	41.5	32428
Westland	US	42.3	82000
Westminster	US	39.8	116317
Westmont	US	33.9	31853
Weston	US	26.1	69959
Westpark	US	33.7	22993
Westport	US	41.1	26391
Wethersfield	US	41.7	26668
Weymouth	US	42.2	54395
Wharton	US	39.9	49732
Wheat Ridge	US	39.8	31192
Wheaton	US	41.9	53715
Wheeling	US	42.1	38079
White Bear Lake	US	45.1	25205
White Oak	US	39.2	19167
White Plains	US	41.0	58459
White Settlement	US	32.8	17077
Whitehall	US	40.0	18694
Whitehall Township	US	40.7	24896
Whitestone	US	40.8	36984
Whitman	US	39.9	49732
Whitney	US	36.1	38585
Whittier	US	34.0	87438
Wichita	US	37.7	396119
Wichita Falls	US	33.9	104710
Wildomar	US	33.6	35632
Wildwood	US	38.6	35899
Wilkes-Barre	US	41.2	40780
Wilkinsburg	US	40.4	15731
Williamsburg	US	40.7	33000
Williamsport	US	41.2	29201
Williamstown	US	39.7	15567
Willimantic	US	41.7	17737
Willingboro	US	40.0	31668
Williston	US	48.1	26977
Willmar	US	45.1	19638
Willoughby	US	41.6	22631
Willow Grove	US	40.1	15726
Willowbrook	US	33.9	35983
Wilmette	US	42.1	27413
Wilmington	US	34.2	115933
Wilmington Island	US	32.0	15138
Wilson	US	35.7	49643
Wilsonville	US	45.3	22729
Wilton	US	41.2	18062
Winchester	US	36.1	27978
Winder	US	34.0	15447
Windham	US	41.7	23072
Windsor	US	40.5	32716
Winnetka	US	34.2	47000
Winona	US	44.0	27094
Winston-Salem	US	36.1	241218
Winter Garden	US	28.6	40356
Winter Gardens	US	32.8	20631
Winter Haven	US	28.0	37689
Winter Park	US	28.6	29943
Winter Springs	US	28.7	34789
Winthrop	US	42.4	17618
Wisconsin Rapids	US	44.4	17897
Wissinoming	US	40.0	21445
Woburn	US	42.5	39555
Wolcott	US	41.6	16639
Wolf Trap	US	38.9	16131
Woodbridge	US	33.7	24966
Woodburn	US	45.1	25173
Woodbury	US	44.9	67855
Woodhaven	US	40.7	36555
Woodland	US	38.7	58567
Woodland Hills	US	34.2	70000
Woodlawn	US	39.3	37879
Woodmere	US	40.6	17121
Woodridge	US	41.7	33370
Woodrow	US	40.5	21005
Woodside	US	40.7	41981
Woodstock	US	34.1	29898
Woonsocket	US	42.0	41475
Wooster	US	40.8	26749
Worcester	US	42.3	206518
Wright	US	30.5	23127
Wyandotte	US	42.2	25156
Wyckoff	US	41.0	17124
Wylie	US	33.0	46708
Wyoming	US	42.9	75275
Xenia	US	39.7	25976
Yakima	US	46.6	93701
Yarmouth	US	41.7	25243
Yonkers	US	40.9	201116
Yorba Linda	US	33.9	67973
York	US	40.0	43992
Yorkville	US	41.6	18451
Youngstown	US	41.1	64628
Ypsilanti	US	42.2	19945
Yuba City	US	39.1	66941
Yucaipa	US	34.0	53328
Yucca Valley	US	34.1	21600
Yukon	US	35.5	25892
Yuma	US	32.7	95548
Zachary	US	30.6	16448
Zanesville	US	39.9	25498
Zion	US	42.4	24117
Zionsville	US	40.0	26296
Artigas	UY	-30.4	43897
Barros Blancos	UY	-34.8	31650
Canelones	UY	-34.5	24185
Carmelo	UY	-34.0	18041
Colonia del Sacramento	UY	-34.5	32164
Delta del Tigre	UY	-34.8	17973
Dolores	UY	-33.5	17174
Durazno	UY	-33.4	40279
Florida	UY	-34.1	36471
Fray Bentos	UY	-33.1	26297
La Paz	UY	-34.8	19913
Las Piedras	UY	-34.7	69682
Maldonado	UY	-34.9	102000
Melo	UY	-32.4	56013
Mercedes	UY	-33.3	43543
Minas	UY	-34.4	38645
Montevideo	UY	-34.9	1270737
Pando	UY	-34.7	24047
Paso de Carrasco	UY	-34.9	15393
Paysandú	UY	-32.3	81550
Progreso	UY	-34.7	16244
Rivera	UY	-30.9	84775
Rocha	UY	-34.5	26784
Salto	UY	-31.4	114084
San Carlos	UY	-34.8	27471
San José de Mayo	UY	-34.3	35883
Santa Lucía	UY	-34.5	16438
Tacuarembó	UY	-31.7	60586
Treinta y Tres	UY	-33.2	25890
Trinidad	UY	-33.5	22897
Young	UY	-32.7	16756
Andijon	UZ	40.8	747800
Angren	UZ	41.0	191300
Asaka	UZ	40.6	62200
Bekobod	UZ	40.2	96900
Bektemir	UZ	41.2	31400
Beruniy	UZ	41.7	66090
Beshariq	UZ	40.4	96900
Beshkent	UZ	38.8	18900
Bo‘ka	UZ	40.8	19642
Boysun	UZ	38.2	26934
Bukhara	UZ	39.8	280187
Bulung’ur Shahri	UZ	39.8	29200
Chelak	UZ	39.9	16727
Chilanzar	UZ	41.3	260700
Chinobod	UZ	40.9	24000
Chinoz	UZ	40.9	23700
Chirchiq	UZ	41.5	162800
Chiroqchi	UZ	39.0	19356
Chortoq	UZ	41.1	53400
Chust	UZ	41.0	100200
Dardoq	UZ	40.8	26055
Dashtobod	UZ	40.1	36500
Denov	UZ	38.3	78300
Do’stlik Shahri	UZ	40.5	18300
Druzhba	UZ	41.2	16800
Fergana	UZ	40.4	299200
G’allaorol Shahri	UZ	40.0	24700
G‘azalkent	UZ	41.6	21600
G’ijduvon Shahri	UZ	40.1	43400
G‘uzor	UZ	38.6	24500
Gagarin Shahri	UZ	40.7	24856
Guliston	UZ	40.5	90398
Gurlan	UZ	41.8	50900
Haqqulobod	UZ	40.9	26257
Hazorasp	UZ	41.3	17643
Iskandar	UZ	41.6	27636
Jalolquduq	UZ	40.7	24000
Jizzax	UZ	40.1	179200
Juma Shahri	UZ	39.7	21500
Karakul’	UZ	39.5	22487
Kattaqo’rg’on Shahri	UZ	39.9	90600
Kirguli	UZ	40.4	20459
Kitob	UZ	39.1	40800
Kogon Shahri	UZ	39.7	62300
Koson	UZ	39.0	68900
Kosonsoy	UZ	41.2	50900
Manghit	UZ	42.1	33200
Marg‘ilon	UZ	40.5	253500
Muborak	UZ	39.3	30100
Namangan	UZ	41.0	713220
Navoiy	UZ	40.1	144158
Novyy Turtkul’	UZ	41.5	48908
Nukus	UZ	42.5	332500
Nurota	UZ	40.6	32300
Ohangaron	UZ	40.9	37784
Olmaliq	UZ	40.8	133400
Oltiariq	UZ	40.4	25543
Oltinko‘l	UZ	43.1	59122
Oqtosh	UZ	39.9	38307
Oyim	UZ	40.8	32750
Parkent	UZ	41.3	60200
Paxtakor Shahri	UZ	40.3	21384
Paxtaobod	UZ	40.9	34400
Payshamba Shahri	UZ	40.0	24772
Piskent	UZ	40.9	34900
Pop	UZ	40.9	28000
Poytug‘	UZ	40.9	26000
Qarshi	UZ	38.9	278300
Qibray	UZ	41.4	27750
Qo‘qon	UZ	40.5	259700
Qo‘rg‘ontepa	UZ	40.7	25861
Qo’shko’pir	UZ	41.5	17800
Qorasuv	UZ	40.7	33000
Qŭnghirot	UZ	43.0	80090
Quva	UZ	40.5	46400
Quvasoy	UZ	40.3	96900
Rishton	UZ	40.4	34800
Salor	UZ	41.4	26494
Samarkand	UZ	39.7	595200
Sergeli	UZ	41.2	105700
Shahrisabz	UZ	39.1	142700
Shahrixon	UZ	40.7	71400
Sho‘rchi	UZ	38.0	25000
Shofirkon Shahri	UZ	40.1	26527
Shovot	UZ	41.7	26950
Sirdaryo	UZ	40.8	28800
Sultonobod	UZ	40.8	20000
Tashkent	UZ	41.3	1978028
Tirmiz	UZ	37.2	182800
To‘rqao‘rg‘on	UZ	41.0	30300
Toshbuloq	UZ	40.9	28562
Toshloq	UZ	40.5	18600
Tŭytepa	UZ	41.0	51400
Uchkuduk	UZ	41.0	26800
Uchqŭrghon Shahri	UZ	41.1	40000
Urganch	UZ	41.6	145000
Urgut Shahri	UZ	39.4	65300
Uychi	UZ	41.0	29683
Vobkent Shahri	UZ	40.0	17800
Xiva	UZ	41.4	115000
Xo‘jaobod	UZ	40.7	20200
Xo‘jayli Shahri	UZ	42.4	67800
Xonobod	UZ	40.8	44000
Yangiobod	UZ	41.1	24900
Yangiqo‘rg‘on	UZ	41.2	28422
Yangirabot	UZ	40.0	17000
Yangiyer	UZ	40.3	44200
Yangiyŭl	UZ	41.1	61700
Yaypan	UZ	40.4	24900
Yunusobod	UZ	41.4	352000
Zafar	UZ	41.0	24781
Zomin Shaharchasi	UZ	40.0	27077
Vatican City	VA	41.9	829
Calliaqua	VC	13.1	24205
Kingstown	VC	13.2	24518
Acarigua	VE	9.6	188278
Achaguas	VE	7.8	45311
Altagracia de Orituco	VE	9.9	68207
Alto Barinas	VE	8.6	284289
Anaco	VE	9.4	139397
Aragua de Barcelona	VE	9.5	34048
Araure	VE	9.6	181820
Araya	VE	10.6	23693
Aroa	VE	10.4	35508
Bailadores	VE	8.3	20113
Barcelona	VE	10.1	815141
Barinas	VE	8.6	397279
Barinitas	VE	8.8	51556
Barquisimeto	VE	10.1	1240714
Barrancas	VE	8.8	24354
Baruta	VE	10.4	244216
Bejuma	VE	10.2	34618
Biruaca	VE	7.8	76553
Boconó	VE	9.3	68990
Boconoito	VE	8.8	18086
Boraure	VE	10.2	21588
Cabimas	VE	10.4	351736
Cabudare	VE	10.0	102686
Cagua	VE	10.2	119033
Caicara	VE	9.8	23625
Caicara del Orinoco	VE	7.6	67277
Caja Seca	VE	9.1	34165
Calabozo	VE	8.9	168605
Camaguán	VE	8.1	20791
Cantaura	VE	9.3	68885
Capacho Nuevo	VE	7.8	40169
Caraballeda	VE	10.6	37824
Caracas	VE	10.5	3000000
Cariaco	VE	10.5	41589
Caripito	VE	10.1	43448
Carora	VE	10.2	121741
Carrizal	VE	10.3	40618
Carúpano	VE	10.7	167187
Casanay	VE	10.5	20609
Casigua El Cubo	VE	8.7	24592
Catia La Mar	VE	10.6	106822
Caucagua	VE	10.3	31788
Caucagüito	VE	10.5	52556
Chacao	VE	10.5	64609
Chaguaramas	VE	9.3	17728
Charallave	VE	10.2	129182
Chiquinquirá	VE	10.4	17271
Chivacoa	VE	10.2	70298
Ciudad Bolívar	VE	8.1	412619
Ciudad Bolivia	VE	8.4	52476
Ciudad Guayana	VE	8.4	978202
Ciudad Ojeda	VE	10.2	240283
Ciudad Piar	VE	7.5	51967
Clarines	VE	9.9	21582
Cocorote	VE	10.3	52803
Colón	VE	8.0	62513
Coloncito	VE	8.3	25352
Concepción	VE	10.4	92463
Coro	VE	11.4	246657
Cúa	VE	10.2	182558
Cumaná	VE	10.5	405626
Cumanacoa	VE	10.3	25858
Dabajuro	VE	11.0	28117
Duaca	VE	10.3	39653
Ejido	VE	8.5	120978
El Cafetal	VE	10.5	80029
El Dividive	VE	9.5	19243
El Dorado	VE	6.7	16100
El Hatillo	VE	10.4	57591
El Limón	VE	10.3	148247
El Pao	VE	9.6	18520
El Sombrero	VE	9.4	31788
El Tigre	VE	8.9	222450
El Tocuyo	VE	9.8	74829
El Vigía	VE	8.6	162289
Elorza	VE	7.1	27795
Encontrados	VE	9.1	26121
Escuque	VE	9.3	18128
Guacara	VE	10.2	198883
Guama	VE	10.3	24570
Guanare	VE	9.0	112286
Guanarito	VE	8.7	37219
Guarenas	VE	10.5	248588
Guasdualito	VE	7.2	64608
Guasipati	VE	7.5	27988
Guatire	VE	10.5	227666
Güigüe	VE	10.1	80627
Güiria	VE	10.6	40000
Higuerote	VE	10.5	41364
Juan Griego	VE	11.1	28256
Judibana	VE	11.8	23182
La Asunción	VE	11.0	35084
La Azulita	VE	8.7	17111
La Concepción	VE	10.6	120478
La Dolorita	VE	10.5	56846
La Fría	VE	8.2	61568
La Grita	VE	8.1	37545
La Guaira	VE	10.6	25259
La Guardia	VE	11.0	34700
La Paragua	VE	6.8	18591
La Vela de Coro	VE	11.5	34680
La Victoria	VE	10.2	126721
La Villa del Rosario	VE	10.3	82766
Lagunillas	VE	10.1	44257
Lander	VE	10.2	176346
Las Tejerías	VE	10.3	43445
Las Vegas	VE	9.5	20172
Lecherías	VE	10.2	47778
Los Dos Caminos	VE	10.5	58168
Los Puertos de Altagracia	VE	10.7	101527
Los Rastrojos	VE	10.0	100497
Los Teques	VE	10.3	252242
Machiques	VE	10.1	132734
Maiquetía	VE	10.6	52564
Mamporal	VE	10.4	30918
Maracaibo	VE	10.6	1752602
Maracay	VE	10.2	464700
Mariara	VE	10.3	116142
Maturín	VE	9.7	647459
Mene de Mauroa	VE	10.7	19174
Mene Grande	VE	9.8	60580
Mérida	VE	8.6	300000
Michelena	VE	8.0	20539
Miranda	VE	10.2	32907
Montalbán	VE	10.2	29451
Morón	VE	10.5	68084
Motatán	VE	9.4	25437
Nirgua	VE	10.2	54080
Nueva Bolivia	VE	9.1	19885
Obispos	VE	8.6	17440
Ocumare del Tuy	VE	10.1	166072
Ospino	VE	9.3	33547
Palmira	VE	7.8	48087
Palo Negro	VE	10.2	128875
Pampán	VE	9.4	59657
Pampanito	VE	9.4	35847
Pampatar	VE	11.0	64983
Pariaguán	VE	8.8	40751
Petare	VE	10.5	364684
Píritu	VE	9.4	43746
Porlamar	VE	11.0	216234
Pueblo Nuevo	VE	11.9	18525
Pueblo Nuevo El Chivo	VE	9.0	41740
Puerto Ayacucho	VE	5.7	125840
Puerto Cabello	VE	10.5	174000
Puerto Cumarebo	VE	11.5	31644
Puerto La Cruz	VE	10.2	370000
Puerto Píritu	VE	10.1	37745
Punta Cardón	VE	11.7	113999
Punta de Mata	VE	9.7	61080
Punta de Piedras	VE	10.9	31886
Punto Fijo	VE	11.7	141729
Quíbor	VE	9.9	51377
Río Chico	VE	10.3	22830
Rubio	VE	7.7	93197
Sabana de Mendoza	VE	9.4	34869
Sabana de Parra	VE	10.1	24262
Sabaneta	VE	8.8	39493
San Antonio de Los Altos	VE	10.4	63873
San Antonio del Táchira	VE	7.8	66392
San Carlos	VE	9.7	120375
San Carlos del Zulia	VE	9.0	126353
San Cristóbal	VE	7.8	289852
San Felipe	VE	10.3	206270
San Fernando de Apure	VE	7.9	229197
San Joaquín	VE	10.3	69894
San José de Barlovento	VE	10.3	22352
San José de Guanipa	VE	8.9	83092
San Josecito	VE	7.7	54669
San Juan Bautista	VE	11.0	90387
San Juan de los Morros	VE	9.9	160868
San Mateo	VE	10.2	50401
San Rafael	VE	11.0	55810
San Rafael de Onoto	VE	9.7	17402
San Timoteo	VE	9.8	81017
Sanare	VE	9.8	35850
Santa Ana	VE	7.6	35452
Santa Bárbara	VE	7.8	45808
Santa Cruz de los Taques	VE	11.8	25047
Santa Cruz de Mara	VE	10.8	69781
Santa Cruz de Mora	VE	8.4	21209
Santa Elena de Uairén	VE	4.6	29795
Santa Rita	VE	10.5	31810
Santa Teresa del Tuy	VE	10.2	278890
Socopó	VE	8.2	72352
Soledad	VE	8.2	29763
Tabay	VE	8.6	23539
Tacarigua	VE	10.1	69636
Táriba	VE	7.8	138402
Temblador	VE	9.0	36447
Tía Juana	VE	10.3	23714
Timotes	VE	9.0	20098
Tinaco	VE	9.7	38172
Tinaquillo	VE	9.9	115937
Tovar	VE	8.3	48395
Trujillo	VE	9.4	71362
Tucacas	VE	10.8	34407
Tucaní	VE	9.0	24034
Tucupido	VE	9.3	42633
Tucupita	VE	9.1	99778
Tumeremo	VE	7.3	37614
Turmero	VE	10.2	344700
Upata	VE	8.0	112617
Urachiche	VE	10.2	26755
Ureña	VE	7.9	56509
Valencia	VE	10.2	1619470
Valera	VE	9.3	244708
Valle de La Pascua	VE	9.2	153136
Villa Bruzual	VE	9.3	55244
Villa de Cura	VE	10.0	99669
Yaritagua	VE	10.1	113343
Yumare	VE	10.6	15661
Zaraza	VE	9.4	74017
Road Town	VG	18.4	8449
Charlotte Amalie	VI	18.3	20000
Saint Croix	VI	17.7	50601
A Yun Pa	VN	13.4	35058
An Hải	VN	16.1	82635
An Khê	VN	13.9	81600
An Nhơn	VN	13.9	308396
An Trạch	VN	9.1	28412
Ấp Bình Châu	VN	10.6	15344
Ấp Hô Phòng	VN	9.2	22317
Ấp Long Thạnh	VN	10.8	34198
Ấp Một	VN	9.8	42766
Ấp Phước Tĩnh	VN	10.4	22106
Ba Dinh	VN	21.0	221893
Ba Đồn	VN	17.8	106413
Bà Nà	VN	16.0	15276
Ba Vì	VN	21.1	282600
Bắc Giang	VN	21.3	450000
Bắc Kạn	VN	22.1	45036
Bạc Liêu	VN	9.3	156110
Bắc Ninh	VN	21.2	287658
Bắc Quang	VN	22.5	118690
Bắc Từ Liêm	VN	21.1	340605
Bạch Mai	VN	21.0	91308
Bản Na Hỷ	VN	19.6	16710
Bảo Lộc	VN	11.5	170920
Bến Cát	VN	11.2	364578
Bến Thủy	VN	18.6	17000
Bến Tre	VN	10.2	124449
Biên Hòa	VN	10.9	1272235
Bỉm Sơn	VN	20.1	53754
Bình Minh	VN	10.1	94862
Bình Thạnh	VN	10.8	552164
Bình Thủy	VN	10.1	113565
Bo	VN	20.7	15408
Bồ Đề	VN	21.1	120028
Buôn Hồ	VN	13.0	127920
Buôn Ma Thuột	VN	12.7	434256
Buôn Trấp	VN	12.5	23683
Cà Mau	VN	9.2	226372
Cái Đôi Vàm	VN	8.9	36444
Cai Lậy	VN	10.4	143050
Cái Răng	VN	10.0	86278
Cẩm Lệ	VN	16.0	78837
Cam Lộ	VN	16.8	30111
Cẩm Phả	VN	21.0	190232
Cẩm Phả Mines	VN	21.0	135477
Cam Ranh	VN	11.9	146771
Cần Đước	VN	10.5	50473
Cần Giờ	VN	10.4	55137
Cần Giuộc	VN	10.6	152200
Cần Thơ	VN	10.0	1507187
Cao Bằng	VN	22.7	73549
Cao Lãnh	VN	10.5	211912
Cát Bà	VN	20.7	30000
Cầu Diễn	VN	21.0	27017
Cầu Giấy	VN	21.0	292536
Châu Đốc	VN	10.7	70239
Châu Phong	VN	10.7	56322
Chí Linh	VN	21.1	220421
Chiềng Cơi	VN	21.3	22624
Chợ Lớn	VN	10.8	561000
Chơn Thành	VN	11.4	121083
Chũ	VN	21.4	127881
Cổ Đô	VN	21.3	70706
Cờ Đỏ	VN	10.1	116576
Cổ Lóa	VN	21.1	16514
Cô Tô	VN	10.3	31278
Củ Chi	VN	11.0	75000
Cửa Nam	VN	21.0	52750
Cung Kiệm	VN	21.2	80000
Ðà Lạt	VN	11.9	258014
Da Nang	VN	16.1	1276000
Đại Lộc	VN	15.9	16215
Dại Mỗ	VN	21.0	59980
Đan Phượng	VN	21.1	39917
Dĩ An	VN	10.9	463023
Dịch Vọng	VN	21.0	27979
Điện Bàn	VN	15.9	226564
Dien Bien Phu	VN	21.4	84672
Diễn Thành	VN	19.0	21605
Định Công	VN	21.0	85502
Đinh Văn	VN	11.8	16036
Đố Sơn	VN	20.7	51417
Đống Đa	VN	21.0	371606
Ðông Hà	VN	16.8	164228
Đồng Hới	VN	17.5	133672
Đông Ngạc	VN	21.1	83544
Đông Phú	VN	15.7	34122
Đồng Xoài	VN	11.5	168000
Đức Phổ	VN	14.8	155743
Đưc Trọng	VN	11.7	161232
Dương Minh Châu	VN	11.4	35878
Dương Nội	VN	21.0	56091
Duyên Hải	VN	9.6	69961
Ea Drăng	VN	13.2	20600
Ea Pốc	VN	12.8	16033
Ea T’ling	VN	12.6	15342
Ecopark	VN	21.0	25000
Gành Hào	VN	9.0	31552
Gia Lâm	VN	21.0	309353
Gia Nghĩa	VN	12.0	85082
Giá Rai	VN	9.2	145340
Giảng Võ	VN	21.0	76658
Gò Công	VN	10.4	97709
Gò Vấp	VN	10.8	110850
Hà Đông	VN	21.0	50877
Hà Giang	VN	22.8	55559
Hạ Long	VN	21.0	270054
Hà Tiên	VN	10.4	100560
Hà Tĩnh	VN	18.3	266321
Hai Bà Trưng	VN	21.0	303586
Hải Châu	VN	15.9	131427
Hải Dương	VN	20.9	241373
Haiphong	VN	20.9	2625200
Hàm Ninh	VN	10.2	33503
Hanoi	VN	21.0	8053663
Ho Chi Minh City	VN	10.8	14002598
Hòa Bình	VN	20.8	105260
Hòa Cường	VN	16.0	119363
Hòa Thành	VN	11.3	147666
Hoàn Kiếm	VN	21.0	135618
Hoàn Lão	VN	17.6	43554
Hoang Cau	VN	21.0	18500
Hoàng Liệt	VN	21.0	55820
Hoàng Mai	VN	19.3	113360
Hoi An	VN	15.9	32757
Hồng Lĩnh	VN	18.5	36940
Hồng Ngự	VN	10.8	101155
Huế	VN	16.5	1380000
Hưng Mỹ	VN	8.9	38687
Hưng Yên	VN	20.6	118646
Hương Thủy	VN	16.4	95299
Hương Trà	VN	16.5	72677
Huyện Lâm Hà	VN	11.8	144707
Ít Ong	VN	21.5	16153
Khánh Hải	VN	11.6	15585
Khánh Hòa	VN	10.7	25320
Khương Đình	VN	21.0	93780
Kiến An	VN	20.8	118047
Kiên Hải	VN	10.0	23179
Kiến Hưng	VN	21.0	70833
Kim Liên	VN	18.9	24489
Kon Tum	VN	14.4	205762
Kỳ Anh	VN	18.1	150226
La Gi	VN	10.7	160652
Lai Châu	VN	22.4	42973
Lai Vung	VN	10.3	80649
Lạng Sơn	VN	21.9	200108
Láng Thượng	VN	21.0	31279
Lào Cai	VN	22.5	130671
Liễu Giai	VN	21.0	20546
Linh Đàm	VN	21.0	70000
Lĩnh Nam	VN	21.0	20706
Long Bien	VN	21.0	347829
Long Diền	VN	10.5	18093
Long Khánh	VN	10.9	171276
Long Mỹ	VN	9.7	61781
Long Thành	VN	10.8	27084
Long Xuyên	VN	10.4	286140
Lương Bằng	VN	20.7	39420
Lý Sơn	VN	15.4	22174
Mai Dịch	VN	21.0	40527
Móng Cái	VN	21.5	108553
Mui Ne	VN	10.9	50166
Mường Lay	VN	22.0	20450
Mỹ Hào	VN	20.9	115608
Mỹ Khê	VN	15.2	23978
Mỹ Lại	VN	15.2	23978
Mỹ Tho	VN	10.4	270700
Năm Căn	VN	8.8	30135
Nam Định	VN	20.4	448225
Ngã Bảy	VN	9.8	101192
Ngã Năm	VN	9.6	58588
Nga Sơn	VN	20.0	47176
Nghèn	VN	18.5	18965
Nghi Sơn	VN	19.3	302210
Nghĩa Đô	VN	21.1	96418
Nghĩa Lộ	VN	21.6	68206
Nhà Bè	VN	10.7	17264
Nha Trang	VN	12.2	579000
Ninh Bình	VN	20.3	36864
Ninh Hòa	VN	12.5	230566
Núi Sập	VN	10.3	25633
Núi Thành	VN	15.4	69406
Ô Chợ Dừa	VN	21.0	36318
Ô Môn	VN	10.1	129683
Óc Eo	VN	10.2	39481
Phan Rang-Tháp Chàm	VN	11.6	207998
Phan Thiết	VN	10.9	228536
Phổ Yên	VN	21.4	231363
Phong Điền	VN	16.6	114820
Phong Thạnh	VN	9.3	53912
Phú Đô	VN	21.0	15983
Phú Khương	VN	11.3	47966
Phú Lộc	VN	9.4	15099
Phủ Lý	VN	20.5	136654
Phú Mỹ	VN	10.6	287055
Phu Quoc	VN	10.2	294419
Phú Quốc	VN	10.3	179480
Phú Quý	VN	10.5	25267
Phú Thọ	VN	21.4	91650
Phú Thương	VN	21.1	39322
Phúc Lợi	VN	21.0	66790
Phúc Yên	VN	21.2	180000
Phước An	VN	12.7	25120
Phước Hòa	VN	12.1	15418
Pleiku	VN	14.0	114225
Quận Ba	VN	10.8	220375
Quận Bốn	VN	10.8	199329
Quận Đức Thịnh	VN	10.3	132000
Quán Hàu	VN	17.4	36210
Quận Mười	VN	10.8	399000
Quận Mười Một	VN	10.8	332536
Quận Năm	VN	10.8	187510
Quận Sáu	VN	10.7	271050
Quang Minh	VN	21.2	25000
Quảng Ngãi	VN	15.1	278496
Quảng Phú	VN	12.8	26733
Qui Nhon	VN	13.8	519208
Rạch Giá	VN	10.0	459860
Sa Dec	VN	10.3	214610
Sầm Sơn	VN	19.7	129801
Sóc Sơn	VN	21.3	85431
Sóc Trăng	VN	9.6	221430
Sơn La	VN	21.3	106052
Sơn Tây	VN	21.1	230577
Sơn Trà	VN	16.1	86890
Sông Cầu	VN	13.5	94066
Tam Giang	VN	8.8	23277
Tam Kỳ	VN	15.6	165240
Tân An	VN	10.5	215250
Tân Bình	VN	10.8	89373
Tân Châu	VN	10.8	175211
Tân Uyên	VN	11.1	52873
Tây Hồ	VN	21.1	168300
Tây Mỗ	VN	21.0	46469
Tây Ninh	VN	11.3	135254
Tây Tựu	VN	21.1	39436
Thái Bình	VN	20.4	53071
Thái Hòa	VN	18.9	66127
Thái Nguyên	VN	21.6	420000
Thanh Hóa	VN	19.8	850000
Thanh Khê	VN	16.1	201240
Thanh Liệt	VN	21.0	76238
Thành Phố Bà Rịa	VN	10.5	235192
Thành phố Sông Công	VN	21.5	128357
Thành Phố Uông Bí	VN	21.0	63829
Thanh Xuân	VN	21.0	293292
Thị Trấn Ba Chẽ	VN	21.3	17504
Thị Trấn Đại Từ	VN	21.6	179192
Thị Trấn Đầm Hà	VN	21.4	47060
Thị Trấn Đất Đỏ	VN	10.5	20187
Thị Trấn Đông Triều	VN	21.1	248896
Thị Trấn Lam Sơn	VN	19.9	33117
Thị Trấn Mạo Khê	VN	21.1	72012
Thị Trấn Na Dương	VN	21.7	24369
Thị Trấn Ngải Giao	VN	10.6	49065
Thị Trấn Nước Hai	VN	22.7	20309
Thị Trấn Phố Lu	VN	22.3	32800
Thị Trấn Phước Bửu	VN	10.5	51895
Thị Trấn Sao Vàng	VN	19.9	44643
Thị Trấn Thất Khê	VN	22.3	20153
Thị Trấn Thuận Châu	VN	21.4	153000
Thị Trấn Tiên Yên	VN	21.3	22164
Thị Trấn Trùng Khánh	VN	22.8	17849
Thị Trấn Vân Du	VN	20.2	24146
Thị Trấn Việt Quang	VN	22.4	16072
thị xã Quảng Trị	VN	16.8	23356
Thới Bình	VN	9.4	38116
Thới Lai	VN	10.1	109684
Thốt Nốt	VN	10.3	158225
Thủ Dầu Một	VN	11.0	373105
Thủ Đức	VN	10.8	524670
Thuận An	VN	10.9	588616
Thuận Thanh	VN	21.0	199577
Thượng Cát	VN	21.1	87406
Tịnh Biên	VN	10.6	143098
Trà Vinh	VN	9.9	160310
Tràm Chim	VN	10.7	22725
Trần Văn Thời	VN	9.1	55897
Trảng Bàng	VN	11.0	161831
Trảng Bom	VN	11.0	57560
Trâu Quỳ	VN	21.0	30051
Trung Phụng	VN	21.0	16998
Tu Bông	VN	12.8	29751
Từ Sơn	VN	21.1	65697
Tương Mai	VN	21.0	136292
Tuy Hòa	VN	13.1	155921
Tuyên Quang	VN	21.8	104645
Vị Thanh	VN	9.8	24477
Việt Trì	VN	21.3	415280
Việt Yên	VN	21.3	205900
Vinh	VN	18.7	790000
Vĩnh Châu	VN	9.3	183918
Vĩnh Long	VN	10.3	137870
Vĩnh Thạnh	VN	10.2	98399
Vĩnh Tuy	VN	21.0	86618
Vĩnh Yên	VN	21.3	119128
Vinhomes Ocean Park	VN	21.0	60000
Vinhomes Royal City	VN	21.0	20000
Vinhomes Smart City	VN	21.0	50000
Vinhomes Times City	VN	21.0	50000
Vũng Tàu	VN	10.3	464860
Xã Long Hải	VN	10.4	35167
Xóm Cái Nước	VN	9.8	54397
Xóm Mỹ Xuân	VN	10.6	32345
Xuân Lộc	VN	10.9	253140
Xuân Mai	VN	20.9	25100
Yên Bái	VN	21.7	100631
Yên Hòa	VN	21.0	77029
Yên Nghĩa	VN	21.0	49643
Yên Phụ	VN	21.0	23942
Yên Vinh	VN	18.7	107082
Port-Vila	VU	-17.7	35901
Mata-Utu	WF	-13.3	1200
Apia	WS	-13.8	40407
Deçan	XK	42.5	50500
Dragash	XK	42.0	35000
Ferizaj	XK	42.4	59504
Gjakovë	XK	42.4	94158
Gjilan	XK	42.5	51912
Glogovac	XK	42.6	58579
Istok	XK	42.8	40000
Kosovo Polje	XK	42.7	16154
Leposaviq	XK	43.1	19000
Llazicë	XK	42.6	19863
Mitrovicë	XK	42.9	107045
Orahovac	XK	42.4	22049
Pejë	XK	42.7	48962
Podujeva	XK	42.9	35000
Pristina	XK	42.7	550000
Prizren	XK	42.2	171464
Shtime	XK	42.4	35000
Suva Reka	XK	42.4	72229
Vitina	XK	42.3	46959
Vushtrri	XK	42.8	30651
Zvečan	XK	42.9	17000
‘Amrān	YE	15.7	90792
Aden	YE	12.8	1079670
Al Bayda	YE	14.0	37821
Al Ḩazm	YE	16.2	18241
Al Ḩudaydah	YE	14.8	734699
Ataq	YE	14.5	37315
Bājil	YE	15.1	48218
Bayt al Faqīh	YE	14.5	34204
Dhamār	YE	14.5	160114
Dhī as Sufāl	YE	13.8	37997
Ghayl Bā Wazīr	YE	14.8	21259
Ḩajjah	YE	15.7	43549
Ibb	YE	14.0	771514
Laḩij	YE	13.1	23375
Ma'rib	YE	15.5	16794
Mocha	YE	13.3	16794
Mukalla	YE	14.5	594951
Sa'dah	YE	16.9	51870
Saḩar	YE	15.3	31859
Sanaa	YE	15.4	1937451
Sayyān	YE	15.2	69404
Taiz	YE	13.6	940600
Yarīm	YE	14.3	33050
Zabīd	YE	14.2	52590
Zinjibār	YE	13.1	19879
Dzaoudzi	YT	-12.8	15339
Kaouéni	YT	-12.8	17060
Koungou	YT	-12.7	18118
Labattoir	YT	-12.8	17739
Mamoudzou	YT	-12.8	54831
Mtsapéré	YT	-12.8	15880
Acornhoek	ZA	-24.6	33529
Alberton	ZA	-26.3	121536
Alexandra	ZA	-26.1	179624
Alice	ZA	-32.8	18141
Aliwal North	ZA	-30.7	44436
Allanridge	ZA	-27.8	31700
Amandelbult	ZA	-24.8	25587
Ashton	ZA	-33.8	15964
Athlone	ZA	-34.0	237414
Atlantis	ZA	-33.6	82736
Bagale	ZA	-26.1	16087
Balfour	ZA	-26.7	46008
Ballitoville	ZA	-29.5	27718
Barberton	ZA	-25.8	67927
Beaufort West	ZA	-32.4	44737
Bela Bela	ZA	-24.9	90210
Belfast	ZA	-25.7	20036
Benoni	ZA	-26.2	605344
Bethal	ZA	-26.5	72821
Bethlehem	ZA	-28.2	91075
Bhisho	ZA	-32.8	137287
Bloemfontein	ZA	-29.1	556637
Bloemhof	ZA	-27.6	33432
Boksburg	ZA	-26.2	445168
Bothaville	ZA	-27.4	71934
Botshabelo	ZA	-29.3	309714
Brakpan	ZA	-26.2	305692
Bredasdorp	ZA	-34.5	18599
Breyten	ZA	-26.3	17189
Brits	ZA	-25.6	122497
Bronkhorstspruit	ZA	-25.8	41209
Bultfontein	ZA	-28.3	27994
Burgersdorp	ZA	-31.0	19159
Butterworth	ZA	-32.3	53086
Cala	ZA	-31.5	15764
Calcutta	ZA	-25.0	35864
Caledon	ZA	-34.2	16752
Cape Town	ZA	-33.9	4772846
Carletonville	ZA	-26.4	182304
Carolina	ZA	-26.1	20184
Centurion	ZA	-25.9	236580
Ceres	ZA	-33.4	41596
Christiana	ZA	-27.9	25019
Clydesdale	ZA	-30.3	18357
Coligny	ZA	-26.3	20701
Cradock	ZA	-32.2	43936
Cullinan	ZA	-25.7	34087
Daggakraal	ZA	-27.1	15793
De Aar	ZA	-30.6	32318
Delmas	ZA	-26.1	92046
Deneysville	ZA	-26.9	23337
Diepsloot	ZA	-25.9	350000
Dimbaza	ZA	-32.8	26099
Driefontein	ZA	-27.0	28127
Driekoppies	ZA	-25.7	18498
Duiwelskloof	ZA	-23.7	24572
Dundee	ZA	-28.2	84413
Durban	ZA	-29.9	3338026
Durbanville	ZA	-33.8	54286
Dwarsloop	ZA	-24.8	35397
Dysselsdorp	ZA	-33.6	15029
East London	ZA	-33.0	478676
Edenvale	ZA	-26.1	49292
Ekangala	ZA	-25.7	58099
Emalahleni	ZA	-25.9	373403
eMbalenhle	ZA	-26.5	142443
eMkhomazi	ZA	-30.2	20410
Empangeni	ZA	-28.8	33075
Empuluzu	ZA	-26.3	15008
eMuziwezinto	ZA	-30.3	19415
Ermelo	ZA	-26.5	100324
Eshowe	ZA	-28.9	17663
eSikhaleni	ZA	-28.9	49265
Estcourt	ZA	-29.0	26444
Etwatwa	ZA	-26.1	151866
Evaton	ZA	-26.5	725468
Fernie	ZA	-26.4	15693
Ficksburg	ZA	-28.9	49420
Fochville	ZA	-26.5	62416
Folweni	ZA	-30.0	36425
Fort Beaufort	ZA	-32.8	58419
Fouriesburg	ZA	-28.6	15544
Frankfort	ZA	-27.3	31323
Franschhoek	ZA	-33.9	20000
Frischgewaagd	ZA	-27.4	16192
Ga-Malakhe	ZA	-30.8	16891
Ga-Rankuwa	ZA	-25.6	90945
Gansbaai	ZA	-34.6	15957
George	ZA	-34.0	188580
Germiston	ZA	-26.2	255863
Giyani	ZA	-23.3	37024
Glencoe	ZA	-28.2	21024
Gonubie	ZA	-32.9	23733
Gqeberha	ZA	-34.0	1050078
Graaff Reinet	ZA	-32.3	62896
Grabouw	ZA	-34.2	37490
Grahamstown	ZA	-33.3	91548
Greytown	ZA	-29.1	23139
Groot-Brakrivier	ZA	-34.0	18008
Hammanskraal	ZA	-25.4	112950
Harrismith	ZA	-28.3	33390
Hartbeesfontein	ZA	-26.8	22294
Hartbeespoort	ZA	-25.7	26732
Hartbeestfontein-A	ZA	-25.4	31554
Heidelberg	ZA	-26.5	85858
Heilbron	ZA	-27.3	32836
Hendrina	ZA	-26.2	27300
Hennenman	ZA	-28.0	22847
Hermanus	ZA	-34.4	56139
Hlanganani	ZA	-25.0	21506
Hlohlolwane	ZA	-28.9	21089
Hoopstad	ZA	-27.8	19209
Howick	ZA	-29.5	32453
Humansdorp	ZA	-34.0	34733
Itsoseng	ZA	-26.1	23913
Ivory Park	ZA	-26.0	184383
Jeffreys Bay	ZA	-34.0	32477
Johannesburg	ZA	-26.2	9418183
Kamaqhekeza	ZA	-25.7	25390
Kariega	ZA	-33.8	291052
Khowa	ZA	-31.3	17224
Kimberley	ZA	-28.7	142089
Kinross	ZA	-26.4	18266
Klerksdorp	ZA	-26.9	227039
Knysna	ZA	-34.0	68659
Kokstad	ZA	-30.5	61751
Komatipoort	ZA	-25.4	20508
Koppies	ZA	-27.2	16537
Koster	ZA	-25.9	23361
Kraaifontein	ZA	-33.8	57911
Kriel	ZA	-26.3	18255
Kroonstad	ZA	-27.7	117152
Krugersdorp	ZA	-26.1	378821
Kruisfontein	ZA	-34.0	18991
Kuils River	ZA	-33.9	46685
Kutloanong	ZA	-27.8	95008
KwaDukuza	ZA	-29.3	161177
Kwaggafontein	ZA	-25.3	54040
Lady Frere	ZA	-31.7	25041
Ladybrand	ZA	-29.2	30930
Ladysmith	ZA	-28.6	143446
Lansdowne	ZA	-34.0	17399
Le Roux	ZA	-33.9	17432
Lebohang	ZA	-26.4	31553
Lebowakgomo	ZA	-24.3	42040
Leeudoringstad	ZA	-27.2	16042
Lephalale	ZA	-23.7	21133
Leslie	ZA	-26.4	39514
Letlhabile	ZA	-25.5	49718
Lichtenburg	ZA	-26.2	65863
Louis Trichardt	ZA	-23.0	86854
Lukwatini	ZA	-26.1	37362
Lydenburg	ZA	-25.1	49605
Mabopane	ZA	-25.5	110972
Mafemani	ZA	-24.8	20389
Mafikeng	ZA	-25.9	77110
Makwassie	ZA	-27.3	15996
Malamulele	ZA	-23.0	15659
Malmesbury	ZA	-33.5	43009
Mamafubedu	ZA	-27.7	15447
Mandeni	ZA	-29.1	37533
Mankweng	ZA	-23.9	49480
Marapong	ZA	-23.7	31424
Margate	ZA	-30.9	34407
Marikana	ZA	-25.7	23389
Marquard	ZA	-28.7	18573
Matsulu	ZA	-25.5	47306
Mbombela	ZA	-25.5	110159
Mdantsane	ZA	-32.9	205504
Middelburg	ZA	-25.8	196263
Midrand	ZA	-26.0	87387
Midstream	ZA	-25.9	25000
Mkhuhlu	ZA	-25.0	42969
Mmabatho	ZA	-25.9	76754
Modimolle	ZA	-24.7	50306
Mokopane	ZA	-24.2	101090
Moloto South	ZA	-25.5	22076
Mondlo	ZA	-28.0	53892
Montagu	ZA	-33.8	18182
Mooi River	ZA	-29.2	21730
Mookgophong	ZA	-24.5	29778
Moorreesburg	ZA	-33.2	15428
Mossel Bay	ZA	-34.2	78940
Mpophomeni	ZA	-29.6	30830
Mpumalanga	ZA	-29.8	140121
Mthatha	ZA	-31.6	164848
Mtubatuba	ZA	-28.4	33182
Muizenberg	ZA	-34.1	36857
Musina	ZA	-22.3	51132
Ncotshane	ZA	-27.3	19562
Ndevana	ZA	-32.9	18151
Newcastle	ZA	-27.8	404838
Nhlazatje	ZA	-26.0	28224
Nigel	ZA	-26.4	140644
Nkowakowa	ZA	-23.9	51350
Northam	ZA	-25.0	15598
Ntuzuma	ZA	-29.7	125394
Odendaalsrus	ZA	-27.9	76371
Orkney	ZA	-27.0	110052
Ottosdal	ZA	-26.8	22011
Oudtshoorn	ZA	-33.6	73694
Paarl	ZA	-33.7	236910
Pampierstad	ZA	-27.8	21707
Parys	ZA	-26.9	71319
Phalaborwa	ZA	-23.9	109468
Phola	ZA	-26.0	38202
Phomolong	ZA	-28.0	24635
Phuthaditjhaba	ZA	-28.5	84258
Piet Retief	ZA	-27.0	84349
Pietermaritzburg	ZA	-29.6	839327
Pinetown	ZA	-29.8	144026
Plettenberg Bay	ZA	-34.1	38126
Polokwane	ZA	-23.9	272461
Port Alfred	ZA	-33.6	30981
Port Shepstone	ZA	-30.7	52793
Postmasburg	ZA	-28.3	30089
Potchefstroom	ZA	-26.7	178285
Praktiseer	ZA	-24.6	26675
Pretoria	ZA	-25.7	2112693
Qonce	ZA	-32.9	93072
Queensdale	ZA	-31.9	20009
Queenstown	ZA	-31.9	118599
Randburg	ZA	-26.1	337053
Randfontein	ZA	-26.2	133654
Redhill	ZA	-26.3	23153
Reitz	ZA	-27.8	24181
Retreat	ZA	-34.1	25745
Richards Bay	ZA	-28.8	252968
Richmond	ZA	-29.9	32445
Riversdale	ZA	-34.1	19382
Robertson	ZA	-33.8	33204
Rondebosch	ZA	-34.0	15158
Roodepoort	ZA	-26.2	326416
Rustenburg	ZA	-25.7	373695
Sabie	ZA	-25.1	18903
Saldanha	ZA	-33.0	68284
Sasolburg	ZA	-26.8	135828
Schoemansdal	ZA	-25.7	23257
Schweizer-Reneke	ZA	-27.2	70214
Scottburgh	ZA	-30.3	23949
Secunda	ZA	-26.6	20418
Senekal	ZA	-28.3	39584
Shakaskraal	ZA	-29.4	27345
Siyabuswa	ZA	-25.1	44189
Somaroboro	ZA	-25.3	114369
Somerset East	ZA	-32.7	22553
Somerset West	ZA	-34.1	225289
Soshanguve	ZA	-25.5	872309
Soweto	ZA	-26.3	1695047
Springs	ZA	-26.3	186394
Standerton	ZA	-26.9	101101
Stellenbosch	ZA	-33.9	96228
Stilfontein	ZA	-26.8	93110
Stutterheim	ZA	-32.6	35510
Swellendam	ZA	-34.0	20993
Tekwane	ZA	-25.5	17846
Thaba Nchu	ZA	-29.2	72721
Thabazimbi	ZA	-24.6	34561
Thembisa	ZA	-26.0	511655
Theunissen	ZA	-28.4	34718
Thohoyandou	ZA	-22.9	107144
Thubelihle	ZA	-26.2	15876
Thulamahashi	ZA	-24.7	15974
Tlokoeng	ZA	-30.7	15884
Tokoza	ZA	-26.4	106000
Tongaat	ZA	-29.6	64829
Trichardt	ZA	-26.5	52776
Tshiame	ZA	-28.3	17800
Tshitereke	ZA	-22.9	19092
Tzaneen	ZA	-23.8	17457
Ugie	ZA	-31.2	16133
Ulundi	ZA	-28.3	31795
Upington	ZA	-28.4	71373
Vaalbank	ZA	-25.2	19517
Vaalwater	ZA	-24.3	19723
Vanderbijlpark	ZA	-26.7	246754
Ventersdorp	ZA	-26.3	26446
Vereeniging	ZA	-26.7	474681
Verena	ZA	-25.5	21252
Viljoenskroon	ZA	-27.2	54955
Villiers	ZA	-27.0	20745
Virginia	ZA	-28.1	122502
Volksrust	ZA	-27.4	43378
Vrede	ZA	-27.4	21193
Vredefort	ZA	-27.0	17515
Vredenburg	ZA	-32.9	45986
Vredendal	ZA	-31.7	21769
Vryburg	ZA	-27.0	55879
Vryheid	ZA	-27.8	150012
Warrenton	ZA	-28.1	17946
Welkom	ZA	-28.0	431944
Wellington	ZA	-33.6	55543
Wembesi	ZA	-29.0	33849
Wesselsbron	ZA	-27.9	42552
Westonaria	ZA	-26.3	156831
White River	ZA	-25.3	25607
Whittlesea	ZA	-32.2	33844
Winburg	ZA	-28.5	16862
Winnie Mandela	ZA	-28.7	15454
Wolmaransstad	ZA	-27.2	49366
Worcester	ZA	-33.6	127597
Zastron	ZA	-30.3	18699
Zeerust	ZA	-25.5	19154
Chambishi	ZM	-12.6	34888
Chavuma	ZM	-13.1	18902
Chiengi	ZM	-8.7	15165
Chilanga Township	ZM	-15.6	54046
Chililabombwe	ZM	-12.4	113876
Chingola	ZM	-12.5	256560
Chinsali	ZM	-10.5	38805
Chipata	ZM	-13.6	327059
Chirundu	ZM	-16.0	35403
Chisankane	ZM	-15.5	41014
Chisasa	ZM	-12.1	17169
Choma	ZM	-16.8	98974
Chongwe	ZM	-15.3	57443
Chunga	ZM	-15.3	115539
Isoka	ZM	-10.2	31739
Itezhi-Tezhi	ZM	-15.7	22449
Kabompo	ZM	-13.6	15069
Kabwe	ZM	-14.4	288598
Kafue	ZM	-15.8	104174
Kalabo	ZM	-15.0	18477
Kalomo	ZM	-17.0	30781
Kalulushi	ZM	-12.8	104046
Kansanshi	ZM	-12.1	40705
Kaoma	ZM	-14.8	34347
Kapiri Mposhi	ZM	-14.0	83211
Kaputa	ZM	-8.5	35663
Kasama	ZM	-10.2	179636
Kasempa	ZM	-13.5	28894
Katete	ZM	-14.1	45402
Kawambwa	ZM	-9.8	31161
Kitwe	ZM	-12.8	665961
Livingstone	ZM	-17.8	178361
Luanshya	ZM	-13.1	193293
Lukulu	ZM	-14.4	19344
Lundazi	ZM	-12.3	45149
Lusaka	ZM	-15.4	2212301
Lusaka West	ZM	-15.3	21655
Luwingu	ZM	-10.3	28436
Maamba	ZM	-17.4	21676
Madido	ZM	-15.4	80782
Mansa	ZM	-11.2	170965
Manyama	ZM	-12.3	28825
Manyinga	ZM	-13.4	19317
Mapalo	ZM	-12.9	26986
Mazabuka	ZM	-15.9	104412
Mbala	ZM	-8.8	42424
Mkushi	ZM	-13.6	45927
Mongu	ZM	-15.2	111450
Monze	ZM	-16.3	60281
Mpika	ZM	-11.8	63740
Mpongwe	ZM	-13.5	25388
Mporokoso	ZM	-9.4	30381
Mpulungu	ZM	-8.8	55405
Mufulira	ZM	-12.5	169136
Mufumbwe	ZM	-13.1	25667
Mumbwa	ZM	-15.0	49461
Mwansabombwe	ZM	-9.8	16077
Mwinilunga	ZM	-11.7	25425
Nakonde	ZM	-9.3	91107
Namalombwe	ZM	-15.4	97758
Nampundwe	ZM	-15.5	16396
Namwala	ZM	-15.8	15614
Nchelenge	ZM	-9.3	77746
Ndola	ZM	-13.0	627503
Ntandabale	ZM	-15.4	20254
Nyimba	ZM	-14.6	19252
Palabana	ZM	-15.4	19769
Petauke	ZM	-14.2	58156
Samfya	ZM	-11.4	51309
Senanga	ZM	-16.1	20878
Serenje	ZM	-13.2	30217
Sesheke	ZM	-17.5	29922
Siavonga	ZM	-16.5	26951
Sinazongwe	ZM	-17.3	15191
Sinda	ZM	-14.2	18716
Solwezi	ZM	-12.2	301370
Zambezi	ZM	-13.5	26885
Beitbridge	ZW	-22.2	58574
Bindura	ZW	-17.3	50400
Bulawayo	ZW	-20.1	665952
Chegutu	ZW	-18.1	65800
Chinhoyi	ZW	-17.4	90800
Chipinge	ZW	-20.2	34959
Chiredzi	ZW	-21.1	40100
Chitungwiza	ZW	-18.0	371246
Epworth	ZW	-17.9	206365
Gokwe	ZW	-18.2	33073
Gwanda	ZW	-20.9	26700
Gweru	ZW	-19.4	158200
Harare	ZW	-17.8	1542813
Harare Western Suburbs	ZW	-17.8	15556
Hwange	ZW	-18.4	39750
Kadoma	ZW	-18.3	117381
Kariba	ZW	-16.5	27600
Karoi	ZW	-16.8	37564
Kwekwe	ZW	-18.9	119863
Marondera	ZW	-18.2	66204
Masvingo	ZW	-20.1	90286
Mount Hampden	ZW	-17.7	30000
Mutare	ZW	-19.0	224802
Mvurwi	ZW	-17.0	15646
Norton	ZW	-17.9	87039
Redcliff	ZW	-19.0	41526
Rusape	ZW	-18.5	37906
Ruwa	ZW	-17.9	94083
Shurugwi	ZW	-19.7	23304
Victoria Falls	ZW	-17.9	35215
Zvishavane	ZW	-20.3	59717
